1035,lrarrirnabuvidoaocigaafsatbmotoaagbeerig,2023-06-07 05:00:00,cobrava;irrigo;fator;ornas;
1037,iagvsifalsusajofnaecimeiarcvseaarourierr,2023-06-08 05:00:00,arreies;mijais;narra;curve;
1039,deleslussosaranocfrarparsiueeaomamcrrmmt,2023-06-09 05:00:00,topares;cearam;murem;frias;
1041,srooraaosabaumlmiailfoeisrobnrssirsotaca,2023-06-10 05:00:00,caserna;tobias;amamo;amolo;
1043,rsomerrbmfbosaaeaeamtsmbmtsrabaoeglisbdm,2023-06-11 05:00:00,domaras;mesmas;rasto;gemea;
1045,gacanplaasaererfpoemeciosrsioammednamvge,2023-06-12 05:00:00,perecas;fariam;voeis;andes;
1047,ecoisocissncapssoruasvaueaireufcngeptaai,2023-06-13 05:00:00,negaria;persas;causa;cesso;
1049,altraldliulevaaloogeordeeirsriarmnsautam,2023-06-14 05:00:00,imensas;ditara;larva;leram;
1051,sargarsbcsopodeagprsizrouezuodmhefmrovro,2023-06-15 05:00:00,mordida;sogras;femur;horas;
1053,rsopsdicaeipaepafdtosmlaunailnitposilrut,2023-06-16 05:00:00,rutilem;sadica;itera;funda;
1055,capniumalaactrsvferiosefeirseurerecbmamt,2023-06-17 05:00:00,rincoes;museus;arfem;treva;
1057,paivrmirgasareemamobomxerfloseemrepdtemE,2023-06-18 05:00:00,remexem;barros;soldo;temem;
1059,matsivifopaarrarctaufoereomatirrlopnlaec,2023-06-19 05:00:00,recreio;tampam;varri;cotas;
1061,camahcfaelanraeiactaArlasirubaerfrtoloti,2023-06-20 05:00:00,fritara;tabulo;torce;fecha;
1063,voalurgemcgcsuieomneeinraherhcdbcfememoe,2023-06-21 05:00:00,comeres;inchem;vogal;chefa;
1065,sajerolsnotagmoeabaaidivdmvscoespasoprto,2023-06-22 05:00:00,imoveis;possam;gajos;roles;
1067,pureteiiimtamaesalpasotSvcurualYaoadevni,2023-06-23 05:00:00,culpamo;vedara;piava;ateei;
1069,micmajAaeourrurnemenoofalaurtlsaucmsangr,2023-06-24 05:00:00,transar;macule;munem;urjam;
1071,ctleurxeorihapoeirolerdmnEmgrntesaudeiia,2023-06-25 05:00:00,Eugenia;tornam;errar;podei;
1073,devxidaaairaracseasoeapoertoifmvtodragov,2023-06-26 05:00:00,trotear;caixao;vedai;vovos;
1075,trbasalgucosarroielogataoavfecaisovabrac,2023-06-27 05:00:00,brecara;socios;golea;atica;
1077,dsssidivoeidoolabucaruussepszrdetsaeiiem,2023-06-28 05:00:00,pesasse;medrei;azula;doido;
1079,rsvnesusiaaieotbvssdlronaniauaomdfuccrve,2023-06-29 05:00:00,viravas;saudes;cavem;trono;
1081,coreolufradovcibbinareirusroboaxlgsounei,2023-06-30 05:00:00,rocando;subira;libra;rever;
1083,arupcmsSdinasauiaeleirclctsneeaiatismgrl,2023-07-01 05:00:00,musicar;semeia;tines;radia;
1085,reoeavieismacavjjeioroaicoepeezdabiscoho,2023-07-02 05:00:00,seriemo;avivar;ecoai;coiba;
1087,aEiaotefriiramaocaeagbnucrrzrvemaipsoonl,2023-07-03 05:00:00,carpira;batemo;zerai;fauno;
1089,agraaoassnhidrifaeieadeanuroopabrAcuomir,2023-07-04 05:00:00,coopera;abafai;irado;doure;
1091,xjossdmaeaiecovrrlvsaiaioearnddrmtgegase,2023-07-05 05:00:00,adiaram;doseis;livra;exaro;
1093,cadocedrnpoipaiaaegorderfrlarmtttiatcaif,2023-07-06 05:00:00,trefilo;traria;ataca;panca;
1095,foujneuooeoiagnpmesaraterimvudoilaisamgr,2023-07-07 05:00:00,joeiram;pongue;mofou;sudao;
1097,emraeedegpabtsitoueraraipdobhmacaptmunio,2023-07-08 05:00:00,raiaste;deparo;papou;babar;
1099,auoadrcojtviaiamsuenuasoeiutnotontmadird,2023-07-09 05:00:00,atordoo;ajuste;intua;cismo;
1101,lmortbcsaiaceliiutssavaialuneenassodstoc,2023-07-10 05:00:00,vilania;sustas;aliam;oeste;
1103,roobaiagbamdseutcravtHicsraloiaoqifmacsr,2023-07-11 05:00:00,tocaies;guiada;lavam;arfar;
1105,KioogdavotclieiEesooarcmroscgaaiarleasfo,2023-07-12 05:00:00,oficiei;aviras;Kioto;serra;
1107,framloieislifsaseevantolhidenocgcafuneca,2023-07-13 05:00:00,gloseis;esfrie;antao;hifen;
1109,cbecpugaauaslvaecouiamsvtanrgaeaipegerid,2023-07-14 05:00:00,casavam;apitou;reger;deves;
1111,articivopsaocadapmjufalSaogoaiuurlsaciom,2023-07-15 05:00:00,oficiou;saguao;pasma;avido;
1113,ulearagatarjzompmzeferuboeoioaapctpsgepi,2023-07-16 05:00:00,foragis;zombai;topem;lutar;
1115,tiagcroafurufuavactrgaliiuaiiorlfszarfia,2023-07-17 05:00:00,fugiria;atuais;furia;lucro;
1117,Atsitasciebanevandiarmalacafaiortolivcmn,2023-07-18 05:00:00,romenia;alivia;danes;cifra;
1119,sggnoaseaagiburdlmoandarsecmspetpeotavea,2023-07-19 05:00:00,emocoes;atreve;gingo;dunas;
1121,dnetoiapusipoqpamrarusesvufasioelisocrbs,2023-07-20 05:00:00,sequoia;sebosa;livra;fusao;
1123,bieraanoufgggsmfanraovoudaucalrmetoliSei,2023-07-21 05:00:00,rosnamo;fundar;grego;Silva;
1125,adehcaaorjcottfprafcsrsipaoaaavocamchucf,2023-07-22 05:00:00,fosfato;atraso;chuva;praca;
1127,astahtcaflalcaGrimaiermeteaesaboonmoelfa,2023-07-23 05:00:00,tacarem;Grecia;emane;falsa;
1129,adneurqulviabtaneearouaiipsrjeszcaiuquaf,2023-07-24 05:00:00,pelavas;sequaz;unias;dirao;
1131,uiamivreLszraasdCeunloliomeaiqhddasgeuao,2023-07-25 05:00:00,desvali;ilhado;anuas;gemes;
1133,nibooelaacanenvarelelfacupioosauaurlmtom,2023-07-26 05:00:00,enlacas;anciao;lotam;pleno;
1135,nendrJmcrvuooenhagedcletresouoaxemelrmem,2023-07-27 05:00:00,nevarem;ergues;rondo;douro;
1137,bzipertaeilfascstmtarscnaeaoirdagnmuupaa,2023-07-28 05:00:00,tangemo;riscas;matiz;pesca;
1139,fepsasiaautilodzlanudsoeeozpralvtaradcam,2023-07-29 05:00:00,cruzara;aliste;anula;prato;
1141,airndeemcraaadsnaosucouobasadoinramteehu,2023-07-30 05:00:00,custeei;danara;abram;hunos;
1143,snlcitlsaaooevaonoumagaimituiruiurfldosr,2023-07-31 05:00:00,ultimou;urdimo;nanas;solai;
1145,ruemdgtoiogoesufdpiomqaeoitnlatrvaaeamue,2023-08-01 05:00:00,rodopio;nativa;domam;quere;
1147,feaetmeoossnrsrxhefdaalstnieirliunobzcae,2023-08-02 05:00:00,defesas;caleis;orlar;ninho;
1149,fimetarolerdbtesarrneebsvanusoasagmesbig,2023-08-03 05:00:00,debates;obesas;nunes;murem;
1151,raaavsarvacsaaeveliirjnaiiafazxdamsgvori,2023-08-04 05:00:00,varejas;laicas;miais;oxida;
1153,iromdoereuoaerspmoisexnafdeiatoioremeusa,2023-08-05 05:00:00,demorou;extase;rosno;media;
1155,pagafasergcaiopeiarhcfiavmeenasdoirefasg,2023-08-06 05:00:00,assanhe;afagar;foice;aferi;
1157,jidjiaaseoaOlcnrsuogopsasimuseruesubaadf,2023-08-07 05:00:00,alijado;pedras;ancas;surda;
1159,pmcavarliauaniamacrirariptmmodnrifauniom,2023-08-08 05:00:00,inodora;captam;murai;aviar;
1161,cogxaveoorazrtrmestcrlaeatstamicenvaiuri,2023-08-09 05:00:00,ateremo;trocos;graxa;atens;
1163,ssootpalanrburopfsialgmounomormomrecaias,2023-08-10 05:00:00,propomo;rotula;nocao;bossa;
1165,sadnafrairaeiibgaauemDuomocsseejatpenamr,2023-08-11 05:00:00,eurasia;joguem;Diana;pensa;
1167,irraoseoaeuromigerabogeomvsafrjueispsier,2023-08-12 05:00:00,urrarem;jureis;bromo;orfas;
1169,emsomeoaaauttotrlacsapbaadnormtrsfubcila,2023-08-13 05:00:00,optarao;sustar;danca;bufas;
1171,vovmirasltiomerdfunfaprueaxdaladsosonecs,2023-08-14 05:00:00,afluxos;perdas;finda;miras;
1173,fcedacaadosfeorruesioeregllramcoaiijomem,2023-08-15 05:00:00,crememo;ecoara;fosse;major;
1175,icaidttoblsmnaeasauerfinioraaldedogutdad,2023-08-16 05:00:00,tarugos;emulas;bicai;dante;
1177,oasomlecrvomauoriaotiobrfleairamvooprnon,2023-08-17 05:00:00,arrobou;omitam;narre;opino;
1179,halxelhaslzasigoaetolpgcfsvrieamiaacilhm,2023-08-18 05:00:00,sorvais;hipica;falha;taxei;
1181,ibieteocaxoerlivjmmzdaeiifoernacorarralu,2023-08-19 05:00:00,veicula;voltei;baixo;narra;
1183,siarsaxiahediuoanagtoncarabgmaitmecisuev,2023-08-20 05:00:00,gabarem;coaxai;gomas;tiniu;
1185,fadoaebarmcibhlpnorhulbidoaagtitoacsotod,2023-08-21 05:00:00,agulhai;palito;bocha;ditos;
1187,caftfojnsandueargaosslrsreicoiaepressclu,2023-08-22 05:00:00,safando;tufoes;caule;lilas;
1189,orasotcasaijmunrgantoovelegtsdobdoouoato,2023-08-23 05:00:00,legaras;jingas;voado;touca;
1191,fassstprtrvaueoosaoivradsarsooidpasmpdel,2023-08-24 05:00:00,assarmo;poroes;lidar;vivas;
1193,iftreiasnaenzlbanoiiauivpaseefloosmrazvj,2023-08-25 05:00:00,nanasse;baliza;feraz;joias;
1195,hoidjrivdauussamagudouaioaracxeessapmvar,2023-08-26 05:00:00,vexarei;judoca;viras;passa;
1197,lemrrfabbiajeoliesrvgaboraidsevrompisnli,2023-08-27 05:00:00,bafejam;drible;pises;visei;
1199,asvotahdifpevclalurgashijegiaooFccarnnul,2023-08-28 05:00:00,cegaras;perfis;chato;Filho;
1201,volmcapcagounalojleavrraearmoivaoladtRta,2023-08-29 05:00:00,avolumo;tirava;atava;galao;
1203,ptnzirvisoenugaarecbicdnualopoaashiertsd,2023-08-30 05:00:00,ilhares;repica;nadas;ponte;
1205,DongrsovicidiesalmjogveaiAsucofcnoralrei,2023-08-31 05:00:00,condigo;recife;ossea;migre;
1207,jaoerccaecduaroslabaftaepamadarnsomexpat,2023-09-01 05:00:00,mexamos;caleja;doura;atada;
1209,aulrrergdsaoaiboefncerrlterioaseauivudlo,2023-09-02 05:00:00,conferi;logrei;laudo;lauda;
1211,mapamarhieramuelfesidsimlgtroeimuauolsnr,2023-09-03 05:00:00,rumaras;mapeie;ilhem;guris;
1213,iicoesoRorstsorpirmpivarcreoaciuoalcoimn,2023-09-04 05:00:00,municio;corroi;polar;urros;
1215,arNasraotisminedsaooeibtvopcoporausumoon,2023-09-05 05:00:00,mucosas;meneio;supos;norte;
1217,ebascaemimmdetreciomimavnggasnuslaltisre,2023-09-06 05:00:00,remetas;sambei;modem;ginga;
1219,aaninltrcotchifaimeeaurmouprdsorraraomeb,2023-09-07 05:00:00,filtram;roemos;nacao;aparo;
1221,aganolgftabmaaaaiccdengrpirootocoodeisam,2023-09-08 05:00:00,rodeios;tipico;anota;croma;
1223,erfassueeoincemtivraialolehivpesvohcorac,2023-09-09 05:00:00,escapam;civica;afiro;volve;
1225,cderueidbbavlbsoeslaeafcvoccsnumrpuodsii,2023-09-10 05:00:00,devendo;proves;ralou;dosei;
1227,eoinoeaftececzmioieggeeerciaatscrantbaoc,2023-09-11 05:00:00,agencie;baseei;cocem;cinta;
1229,nogasomaeejusuuggavpoeiadeaaroiplertrter,2023-09-12 05:00:00,possuiu;pagamo;trave;enoja;
1231,mebodtepxrcmpiariuiogaodbalertivumsctseu,2023-09-13 05:00:00,copiais;bulimo;adite;prove;
1233,crcuadrtoerhiiaappiqsarcouneulsgssacgire,2023-09-14 05:00:00,chiques;grilai;punas;perua;
1235,marperamovodeserriopustrxeuqmnesenozgara,2023-09-15 05:00:00,reprova;queixe;saram;poder;
1237,ralabefersaujcsdoanihalvoigbicseturvalai,2023-09-16 05:00:00,bajulas;garoou;bicai;alves;
1239,cfalcatlichesoruetemherauefciadadilaclim,2023-09-17 05:00:00,sediara;falhem;duela;feche;
1241,ecaitavcpsernazaoesrpasadveraNmriodiapbi,2023-09-18 05:00:00,pareces;panama;atrai;vazas;
1243,sitoabiaalsdrhaautheaelcolroleeaovamfdvm,2023-09-19 05:00:00,velhaca;atulhe;sitos;brada;
1245,ocsfodsdrapireeeofautsrlmapictradavasaev,2023-09-20 05:00:00,picavam;fiorde;orcas;lares;
1247,bajvouladoeigabxmsccloatuinauermmefjldom,2023-09-21 05:00:00,dominem;viceja;musca;julga;
1249,ctbiulnnoaestorpxtaiteiuruasenqedsusitbi,2023-09-22 05:00:00,inquiro;usaste;lutei;teias;
1251,adpxacomluoavicdecaeaatotsrdrsomemetodac,2023-09-23 05:00:00,vedares;coaxai;metes;toras;
1253,efesjiebltsasdrvbouraosajuoiehasasmptnim,2023-09-24 05:00:00,devassa;obtura;asses;beija;
1255,rvisiivaiarrersesftaglunaoaplutisuaevaaf,2023-09-25 05:00:00,virgula;tarifa;rieis;atues;
1257,ebemstrsazreacaoptuluesegceqscotiaroofen,2023-09-26 05:00:00,cerquem;ceaste;turba;fosco;
1259,musetoctirxedseoasiaidocsmdismipceasreet,2023-09-27 05:00:00,ruissem;seixas;dadas;cocos;
1261,erclumrpmeareseanddecsgdearipoeiiajetolv,2023-09-28 05:00:00,lidares;emenda;musgo;areja;
1263,ovaolvabftpfuamvioejsuanpapsisicvoereoRf,2023-09-29 05:00:00,sambava;fincas;fujiu;lopes;
1265,oomliidomusmraempaserguecieaoaaimovdalua,2023-09-30 05:00:00,vedarao;ousamo;odiar;limes;
1267,vizfostscaesueoacetafatmuaorlrducseiugah,2023-10-01 05:00:00,alugada;freios;tetos;vieza;
1269,monoenagcastraafmhezdaaiaraimeldcvoovreo,2023-10-02 05:00:00,roteada;doerem;falia;dizes;
1271,sriuatudoadcvinofcdeiaaaesomlxcpemfaieaa,2023-10-03 05:00:00,uivando;exilam;comes;fomes;
1273,esacshuaczimoocreprpavuffrijossfujpapera,2023-10-04 05:00:00,pipocam;prezes;rijos;achou;
1275,caaourifiavmcmmaejamseaIgeegsentdsasfimo,2023-10-05 05:00:00,escoava;deseje;fisga;mames;
1277,Niabosveloomenlppctehfaaonodaondcdarvocu,2023-10-06 05:00:00,condado;enfoco;tomba;sonhe;
1279,evdiilcorfzmcmszofoeateubsbemveleanmiaaj,2023-10-07 05:00:00,dizemos;esteja;clima;aviam;
1281,rIdelotesutpsamdrebevocniazseaaumogoiemf,2023-10-08 05:00:00,beirute;fundem;duram;acoes;
1283,ursivlitaoesofmmvislaotasleesmirovisarer,2023-10-09 05:00:00,limamos;fosses;remar;viela;
1285,dfsraobmaaiprtaviivfuiarugeceeaamnomdcoc,2023-10-10 05:00:00,borrifa;aceita;varao;fucem;
1287,cmaiainrooalzfdaptiogpeaamxmuescpiejassr,2023-10-11 05:00:00,cooptam;findar;exila;gozai;
1289,ainaoogEgdndmtiparlraaaemoldiuhnceaatruc,2023-10-12 05:00:00,adiramo;dragai;pauta;moldo;
1291,omedonegmrchrdaafagaabigrfaclouuutsvahio,2023-10-13 05:00:00,agachem;rodeai;guiou;calho;
1293,sboinecioiltguptanecnlgatrassoaoaplatete,2023-10-14 05:00:00,aguento;ignoto;bones;raios;
1295,trimaodpudaasreaosovtupvasemmifopaadullc,2023-10-15 05:00:00,perdoam;passou;futil;sovem;
1297,adafrvuvneiaateilrvrjrnuoaaoabtatcampiol,2023-10-16 05:00:00,trajava;tornea;adira;lacam;
1299,icdldrmuapoelenrvprledaroxaabeuspreenani,2023-10-17 05:00:00,debelem;drenar;poder;ruins;
1301,arbgodvvueirauneticocnncfaofmejonujrosrr,2023-10-18 05:00:00,jorremo;vendar;coice;bruta;
1303,ndromoraoeeiiscralctibabcnraldpvioemeoif,2023-10-19 05:00:00,omitida;ondeei;viola;clero;
1305,iotmoxrfrSaiveivilroadmaazocuigoremialos,2023-10-20 05:00:00,vagimos;Sativa;alude;zerai;
1307,iueovdcaelupeehtettastagavlsfroiidsoaooc,2023-10-21 05:00:00,estoico;tutele;garoa;tacha;
1309,reseoohmucpdocontelatmdaigianabbneslnasl,2023-10-22 05:00:00,planado;tinges;banho;recue;
1311,boaojemevldeianlearasatolcracsurerperace,2023-10-23 05:00:00,recrear;bolado;pecas;causa;
1313,tamiatagsiufdimesiblaoctesoansraletidico,2023-10-24 05:00:00,citamos;asseis;boate;aflui;
1315,plaorivaetotfeamaprmorecmpesamapfigaujac,2023-10-25 05:00:00,imporem;platos;apega;mujas;
1317,pcufmeahramasrvrasdecabinpooerraeeabvlas,2023-10-26 05:00:00,abriras;amaras;veras;haver;
1319,sieraregaerioraupdRidofasibchanevebeubot,2023-10-27 05:00:00,chanfra;serrai;vespa;regua;
1321,ognevninavtsetaesoapiciailmloopAeaetpara,2023-10-28 05:00:00,ventava;leiamo;picai;Aarao;
1323,bahpmitormeciobsivigarsoloamatleazadrand,2023-10-29 05:00:00,chegada;alenta;vilao;sobra;
1325,rfeapbsoexateossibzfdeiuaavaaasomEigrofp,2023-10-30 05:00:00,pousado;exibam;ossos;refaz;
1327,iafaoaleceuxmsgrlhelsacoadrigslefoseassi,2023-10-31 05:00:00,falheis;roseas;colas;luxos;
1329,snartaadianzpdidicduosgreabiosacbbmaitao,2023-11-01 05:00:00,amiudai;bacias;dopai;tossi;
1331,ercrodeivsucRsniaetmtogeageiliaopinmtigs,2023-11-02 05:00:00,reveste;igneos;tinia;muros;
1333,iahocampsorlrooelmatdpfgelagiocogomsujam,2023-11-03 05:00:00,agitamo;acordo;fogem;goela;
1335,otechioudnomlataideBsamrueibratefrdliids,2023-11-04 05:00:00,emendei;libras;edita;Bento;
1337,solaaocifemhraiferoocbuesaruvergssuoprna,2023-11-05 05:00:00,molhara;povoou;russa;caber;
1339,indgougovearasenitemgsoerfomifacsdedanab,2023-11-06 05:00:00,vendara;emigro;afana;cones;
1341,ophalutcrilidajebaaarmeemasmeemtpcolgoea,2023-11-07 05:00:00,ejetemo;megera;malha;samba;
1343,adaropegnsigroroesftaibidumritrgrmeugave,2023-11-08 05:00:00,desanda;proibi;rumem;grave;
1345,pscidiasidaasAodenvlrniuRaiofernmomaemio,2023-11-09 05:00:00,afemino;mandai;soais;pisca;
1347,usprtilpopaoamexrucangucaiftuihpsdoienav,2023-11-10 05:00:00,suprido;acuais;puxei;china;
1349,agolrosvrtzeiseseagaetueomsnzdinaceiaati,2023-11-11 05:00:00,destile;engate;tines;gozas;
1351,vsnlaeaceeausroaelettsarcaramKazdagvpoup,2023-11-12 05:00:00,cagaram;socara;Kazuo;seara;
1353,odceefacranlsaacivmaSloatacreixsnaaapdir,2023-11-13 05:00:00,ataviam;Sandro;cacoa;lixas;
1355,aausedcsptelsoniipsnridvmrooagMaoamcfsBI,2023-11-14 05:00:00,avindes;granel;focas;disco;
1357,puloecasxuovrntaioirfuilldmlnatvsoeatoci,2023-11-15 05:00:00,ventila;frouxo;canta;lemos;
1359,baecavotbcrrpcedaseszoiobroeecmmuxarehae,2023-11-16 05:00:00,acresce;babara;buxos;votei;
1361,eliprlanbafafiupmosrrteoarruacseaagrbgno,2023-11-17 05:00:00,carbura;nutrir;ambas;forra;
1363,euatuocadpabevsuadmelderdroovosiaolrarvs,2023-11-18 05:00:00,desovem;causou;amole;orado;
1365,ezaeaosouotodtmagarfdijssaataeupirdecsio,2023-11-19 05:00:00,garoado;adotou;sujam;tecei;
1367,lealoacooairiesuffageedaixmmmrocsoalaavE,2023-11-20 05:00:00,rodeiem;afixam;Evora;firam;
1369,mreprtbooappfeiapaaroarsegelraepitoetato,2023-11-21 05:00:00,apearmo;retira;papei;basea;
1371,epooniaZlctrsetaisataaraemisjrbitalaaarf,2023-11-22 05:00:00,atearas;rajais;abrir;notam;
1373,tngaotvidasaaopaGomilragaripsmalibcoxeve,2023-11-23 05:00:00,doricos;mansao;levam;expia;
1375,baanradumnomaialnogtogerocaseoaimeoaidmt,2023-11-24 05:00:00,aludira;gearia;soemo;teias;
1377,dnamaaonozEmavtsvtsocapoenahraceirteotag,2023-11-25 05:00:00,inverte;rochas;ataca;apega;
1379,aipmcrapomosatebseomcnavsecmdeislosantec,2023-11-26 05:00:00,bateram;nascem;oleos;venca;
1381,drcmxiuaaleuegmngaaqaxideomnfeaadosiiran,2023-11-27 05:00:00,danarei;exigua;alaga;cerda;
1383,fifetortaleacaisosletcaugevnuaosenisfrma,2023-11-28 05:00:00,engolas;neveis;ousas;troce;
1385,retuavusotsivadrroeasagetbelgcmdamehasoi,2023-11-29 05:00:00,gemidos;uivava;trote;gaste;
1387,lbesniploouteecirdsramsicagasruelevmiaoc,2023-11-30 05:00:00,cegavas;cursar;ecoai;penes;
1389,poousugouelasaranpoumtclgaotereoimuefefv,2023-12-01 05:00:00,tremulo;efetuo;igneo;poupa;
1391,juammeedelonioisjaatapilmotaruprmdnccaem,2023-12-02 05:00:00,matando;atonal;sedio;jejua;
1393,bioaraovrtugdlrgasturovemoleosetcehachua,2023-12-03 05:00:00,grulhem;arauto;logro;aches;
1395,acesbraaabomssissomeictoeleimaipxomnfufo,2023-12-04 05:00:00,sombras;embole;posai;fumes;
1397,ogneiiesaievdoaspsseriarrdeoatcbemfcodie,2023-12-05 05:00:00,doardes;bicara;feder;envio;
1399,uroepboenzrilcbiiesnaueeDoimqamaMustelel,2023-12-06 05:00:00,zurreis;bobeie;pisou;ornei;
1401,saiaageauclduvtraeehasiedprseslsmosiroro,2023-12-07 05:00:00,pecador;aguada;visse;rolos;
1403,omimmtnttvspadoaloieegppuubriaeangiumrmc,2023-12-08 05:00:00,reponde;brigam;ungiu;volto;
1405,mamagamccaporeoadegidmrdailaacauSotmlspm,2023-12-09 05:00:00,lideram;mapeai;magro;cagam;
1407,sofasocrbsocedriehnrasneerdceeaifgevmrif,2023-12-10 05:00:00,mercado;herege;secos;criei;
1409,posacaifirirhvmrtnocaauaitsepsioanixarso,2023-12-11 05:00:00,existia;ousava;sopro;raios;
1411,tnranetfotiomuaaeeasotsenttpdisldapoocba,2023-12-12 05:00:00,abstido;sumais;tonta;tenor;
1413,mnieraeduooripnarrumearfalcboivaonuassrs,2023-12-13 05:00:00,apendar;beiras;rirei;urano;
1415,reoloiugixufneudodnoatnearstiacmaiiutnma,2023-12-14 05:00:00,intuira;oxidai;reuno;tenue;
1417,vmarnchaisaaiieoeressidfrovotoaaupsoorss,2023-12-15 05:00:00,assados;inciso;esima;urres;
1419,azixfpntrnZmamiaiagrgsatcdaueaaaemomtrog,2023-12-16 05:00:00,sagremo;mamata;agora;pinta;
1421,cepipcalmtngeireraaudmrseniiulaamauojpuv,2023-12-17 05:00:00,pularas;pintem;judio;erica;
1423,sxnclsmooeniiuetteeenilooanarnasceadrghs,2023-12-18 05:00:00,enxotes;soltes;angra;drena;
1425,agaaouumergscfetuasaaeadzlmljocnruoimaco,2023-12-19 05:00:00,defecam;acossa;luzam;aliou;
1427,JGpirulhsrcenageadecilravismuatolavadial,2023-12-20 05:00:00,enrugar;Grecia;divas;lavas;
1429,emgtsegeamoausifainicaadciuaftoemuetposr,2023-12-21 05:00:00,cinicas;estofa;atues;fiado;
1431,urelnaonjjeajcotaicsurriouocsptrtrinevso,2023-12-22 05:00:00,calejei;proton;outro;nasci;
1433,onavvunabrilalataurjofboloercnasfsdreaad,2023-12-23 05:00:00,serenas;javali;barro;nabos;
1435,usovcrteatraauojcaaircboeitdnodumcosagom,2023-12-24 05:00:00,objetou;indago;cravo;atuas;
1437,srgemsaeiesuaitrsealasratrcripearearbvdv,2023-12-25 05:00:00,pirraca;series;vedar;atera;
1439,racnaauacaoalrrpAstmioitaeefbntsrxdeatei,2023-12-26 05:00:00,estalar;defini;apuro;Aarao;
1441,orfroariirauasupbzmtiimegdioleatmeuldnam,2023-12-27 05:00:00,bizarro;amando;futil;temei;
1443,capssacaaaeeitrhdadicsoaeoeleoanntrmecar,2023-12-28 05:00:00,entedie;honras;ceias;melro;
1445,cpisdrutlolamoniivtafshegpbaapiqomclrdou,2023-12-29 05:00:00,tinheis;urdais;plota;pardo;
1447,somadpeavaceiatdexlrtslasoctaeojmoulaspe,2023-12-30 05:00:00,acomete;tepida;raspe;solda;
1449,poccadussaolvrcuoadrloicummtrvclesaeohna,2023-12-31 05:00:00,canhota;livrem;pocao;curva;
1451,gseuremquidodguopoedaraiesoitoetndmmxzov,2024-01-01 05:00:00,tragado;modens;quite;guiei;
1453,lusbffrgtagaaraovemezbesaoielidaiaseajun,2024-01-02 05:00:00,ajuizei;garfar;vaias;babes;
1455,baiduogrtaaimseerecueravuenrlfapovoaitar,2024-01-03 05:00:00,pararas;batera;ousem;atiro;
1457,otralaoteroetdtimarvmnimaaaiaaczsrdgtsul,2024-01-04 05:00:00,cativas;vertem;minta;talao;
1459,tconbdobeiojeasoscoosmiiesriiadeiovtemao,2024-01-05 05:00:00,vitimas;boiada;enjoo;roeis;
1461,gimemlavourvxtmlquoeeidaaolesaelocviittg,2024-01-06 05:00:00,maldita;quorum;vexem;delta;
1463,detcrianslrmaaluobeolosbsotdpbsialneuana,2024-01-07 05:00:00,bulirao;assina;dente;bolas;
1465,iftrravnxeutegaerouousenoinalrdedmecorav,2024-01-08 05:00:00,refutes;agrave;orlou;unido;
1467,cnasripcaitadaoecandomvareiclaslmacuasde,2024-01-09 05:00:00,maculas;reinar;tacai;canas;
1469,araarjomendvaacrmnosoheleemcoganrstaieve,2024-01-10 05:00:00,renomes;temera;nevei;rache;
1471,tvmtoavjiioiniocdmafemruerlcaaubieadires,2024-01-11 05:00:00,radicai;cubram;falei;cento;
1473,cspaprenouraeverrpcrozrarlataapjascusare,2024-01-12 05:00:00,pactuas;enervo;areja;urras;
1475,aiuniareiglrpltmoioseeiolaajacidviacurel,2024-01-13 05:00:00,licitar;modera;oliva;ligai;
1477,ceapoctvveaetdxaetmdreiedoodamstomeirais,2024-01-14 05:00:00,desiste;vetado;adira;domei;
1479,veirulbrdalglaetecsaeroagnnariropoliueta,2024-01-15 05:00:00,engoliu;bretao;geral;velas;
1481,orrirodnfmlvocilalvrautaovitmvobsiseiaas,2024-01-16 05:00:00,latindo;visita;livra;aviem;
1483,lalorviuaozfdeuzotuaminaporeudairooroarf,2024-01-17 05:00:00,fremido;zunira;optou;findo;
1485,dncolclooiaesuommanolsueordeaittrdaptlni,2024-01-18 05:00:00,celulas;padrao;tiniu;coemo;
1487,ceniadalrelfbasoilataensasanacaddmiladua,2024-01-19 05:00:00,badalos;tacada;afana;senda;
1489,lipchaccdaserpiaNabzeirabteudpsdtompaniu,2024-01-20 05:00:00,icareis;induze;obtem;carpi;
1491,aaitRseivrgsoamlasefrfreceaadcavarladila,2024-01-21 05:00:00,rasgara;lavrem;ileso;ferva;
1493,etabadecnjeslntaiaoisleusmeiutaposomaosa,2024-01-22 05:00:00,acentue;injete;somei;aulas;
1495,mcuurumooaidodseofsacotpairmzuaemteruboj,2024-01-23 05:00:00,afoitem;acudiu;usemo;zurra;
1497,chparisaariuaHngotfeqoeesdeadsraacmosatr,2024-01-24 05:00:00,arfamos;chiara;arena;apite;
1499,capoliaenossrjgsduaefoaaaoseolvsnarblhem,2024-01-25 05:00:00,jogavas;possua;fresa;nodoa;
1501,etvEseuhbnanloctxaloeasaeanemsrmitseiean,2024-01-26 05:00:00,anseiem;searas;leoes;taxei;
1503,uspeavxcuexiameesmalunderaaataliralsceco,2024-01-27 05:00:00,excedei;piavam;ralar;casam;
1505,cuserelsneboedbahnecncipcisroaailagodtar,2024-01-28 05:00:00,esconde;alinhe;belas;atado;
1507,ieSfminujmtaravtbuetneoaoaflihumrlevanfs,2024-01-29 05:00:00,Setubal;aninha;minto;velem;
1509,tuusiaxvnsfmaslieoafpeoocdmurcleiteuboia,2024-01-30 05:00:00,umedeco;ticoes;viola;fumas;
1511,sgabeldptoitnueorgiocnvpoagraiomlmsrulce,2024-01-31 05:00:00,contigo;urgiam;bagos;larga;
1513,moororeeiacracrtevamuedolvgsapsainniglif,2024-02-01 05:00:00,depilai;carros;comia;rusga;
1515,sdaroiaxarievceunnFaaeriuellvsbtsjalniai,2024-02-02 05:00:00,inversa;Flavio;adira;tibia;
1517,mantsgceoiuienoxovivpuecisamedrebsocrbov,2024-02-03 05:00:00,uivemos;bisavo;pegou;itens;
1519,eqenalivdsupioictsifvcireoeaharcsdsgurBc,2024-02-04 05:00:00,fichava;Bruges;civil;circo;
1521,inupeamcsdtaadocpeugonneduogroaanisasovn,2024-02-05 05:00:00,ondeamo;dispus;pagou;sagro;
1523,aimghciosevicofnmatclmilonieefufiSexpasi,2024-02-06 05:00:00,expelem;visemo;fluis;afino;
1525,ivasaigaeeaurvgalnpptedeaasaciafodsiirvA,2024-02-07 05:00:00,anelado;varias;viena;feder;
1527,aenrlsednsatoaevulvatjtiolirieemdsEopari,2024-02-08 05:00:00,ajeitei;sentai;lavai;nulos;
1529,rpmrobsaisaiiappavlabeligaedoocuesacutsj,2024-02-09 05:00:00,abotoei;culpas;educa;laves;
1531,boumagreabqisobaioavacnoridrdsunraruopbe,2024-02-10 05:00:00,babaras;ergais;birra;bueno;
1533,cruezacfsizaiaaureopvdarrrbmguneneraoviV,2024-02-11 05:00:00,irrompi;aguara;cruza;Viena;
1535,epslvjuboaseoeictlensmtauarpiarpexaiodze,2024-02-12 05:00:00,asseara;jovens;dopai;preza;
1537,prdvisaparatcerltlolecamoahrarosnsacomev,2024-02-13 05:00:00,receito;valhas;lacos;notar;
1539,aJzipuafvmunznsgepilrdipxomfoaodimocephn,2024-02-14 05:00:00,zunzuns;limpem;ponha;agido;
1541,odaraetbmnrjnpsaaaeiscrvranigoaafupealid,2024-02-15 05:00:00,aliaras;maneja;coava;irado;
1543,aaopfruazicidimculaaaortadfcutbseremsrao,2024-02-16 05:00:00,urdirmo;copiai;sobra;feder;
1545,gnsdpcaieaerosvtnoumvdianasepenrluzaroma,2024-02-17 05:00:00,pondera;ativai;medos;prove;
1547,rbarmetsopnianaisduarumceacdoesnrpuetcbi,2024-02-18 05:00:00,besunte;minara;pudor;mista;
1549,renrecertaaootcieeanzaeediduuirsoamedvem,2024-02-19 05:00:00,recries;rateei;nadam;cotei;
1551,leotaogeelottarzpasmepeocofamtaaeavadara,2024-02-20 05:00:00,pelotao;sovada;ceava;rapem;
1553,oonreoslzcalitiorupcrmhgagipaenaiseetsba,2024-02-21 05:00:00,retirem;ateies;pegar;sacio;
1555,ivcmanuhathnsrneeasitsunaovsepefcscrimaa,2024-02-22 05:00:00,nenhuns;inchas;viste;furam;
1557,rupgremesmoalsrvelssesgosizieletdepoamul,2024-02-23 05:00:00,deslizo;meleis;supos;reles;
1559,icahibecdsrpobiagmsicraeouiaatudojreicpo,2024-02-24 05:00:00,hipicas;rasgou;citar;erijo;
1561,vosteiapacladscaoriarfzvsftumeglaureouaa,2024-02-25 05:00:00,volteis;alague;capaz;carta;
1563,ivameruaonuienbfcaadsgroltraordabaolirai,2024-02-26 05:00:00,lotaras;amuado;inala;vaiem;
1565,rmapoaltarocdaaranremrxaroaegAnoartfradv,2024-02-27 05:00:00,taxando;adocam;orara;narra;
1567,iusdraseaaimeaniisairooarfordssbgcuesaia,2024-02-28 05:00:00,assoara;doeria;grifo;abana;
1569,vfmlanilaeivutagftocsruosuiraarilfeltdpe,2024-02-29 05:00:00,sulfito;atrela;intui;ficas;
1571,craobeprecaimjoadcusbbageasieznasivotebg,2024-03-01 05:00:00,sucedes;embebo;benza;sacas;
1573,iupsrocavueebpgilrmotraleosotaousajaopdv,2024-03-02 05:00:00,optemos;serviu;pulos;broca;
1575,nztemwerLiagoatmuudntloesogasaodrecaehlr,2024-03-03 05:00:00,tangemo;atalhe;casta;roges;
1577,dboresbvilaaiaeaqcsrtebteuniaotrsueltasi,2024-03-04 05:00:00,cliques;atrite;total;bebas;
1579,neugehmotsaiucraomimsiipesbeldahncgagemO,2024-03-05 05:00:00,chegues;deliro;nesga;netos;
1581,rivorsviuamuaiommfoovrodmotndavecacfueap,2024-03-06 05:00:00,ouviram;furamo;cotam;viras;
1583,uoerolcaemtamataedocbrsndcaiaeisanvuamas,2024-03-07 05:00:00,salomao;remoeu;caber;danca;
1585,liruioiaxgaasrfmeirosaarriznciicurfasnol,2024-03-08 05:00:00,fruiras;insano;iriam;sofri;
1587,piencamoemaraadierssgruffcalcnadadSauviu,2024-03-09 05:00:00,fungara;cremar;fadas;amido;
1589,nPlgbvivgaojoaoaarjnaradvniteopoviomaivc,2024-03-10 05:00:00,avivada;atinjo;angra;janto;
1591,psmnsetsmaaoauaooostcrimtmsdubahiuesnera,2024-03-11 05:00:00,sanaram;dubias;pasmo;usemo;
1593,ecodvatorpefgmerocaariuesslmdrnaeiadbesa,2024-03-12 05:00:00,precedo;escala;vagiu;berna;
1595,mjevtgseetaneenladiftamcivavoaiavosperin,2024-03-13 05:00:00,voariam;tanges;vetem;enfia;
1597,cricfrquasaeebiiiopamornivcnguairalceoep,2024-03-14 05:00:00,biquini;enlaco;freme;parca;
1599,zenePnaidoaadgufurmoacafeiruvaedssarrvem,2024-03-15 05:00:00,voareis;arruma;fucar;Peano;
1601,dnmioilioiebcsbdiratognaatsraialsbcobmia,2024-03-16 05:00:00,remindo;inalai;bilis;coiba;
1603,aeoaievJmanevoaaoloclpttctupoieoraasdmle,2024-03-17 05:00:00,votemos;copula;ameno;carta;
1605,rmesooriedmiclpgiseaehealpiorcixfaneuuta,2024-03-18 05:00:00,medreis;planei;gripe;colhi;
1607,alodacngcouicarosdrerireriebnziaaabiagui,2024-03-19 05:00:00,ardosia;aludia;ronca;cirio;
1609,tmcreesooaesrauldoactsrgthaaeeszetroMDCi,2024-03-20 05:00:00,gulosas;oracao;serzi;haste;
1611,Paafaaarixrrmcsrlaorisaaardsqonnsieuvfeo,2024-03-21 05:00:00,risquei;rodara;axila;narra;
1613,nomxispmaioteoaogtpoaluaaaasfrtstinvaima,2024-03-22 05:00:00,solapou;patina;frita;atino;
1615,vruuatdgegsdtaeoltaseacacecfofitoucaspsa,2024-03-23 05:00:00,acatais;celtas;tatua;cucas;
1617,samoaepoionataimnsbrpenotionircgaercuael,2024-03-24 05:00:00,cretino;encare;pinos;opina;
1619,caiooigbatdlerlaroseoraimnrecoraaaotopbl,2024-03-25 05:00:00,destilo;roerao;certo;larga;
1621,inolhavimaauenveftefvoiaioirciseiugpabvx,2024-03-26 05:00:00,conviei;visava;ferve;minou;
1623,tasebrcdrdzaeuaidontsvacomlrseabreaisdos,2024-03-27 05:00:00,retrais;vadeai;custa;zebra;
1625,iapeuqibifomsootarroptmsgrmaeaeeaormpstn,2024-03-28 05:00:00,toquemo;porfia;temos;armam;
1627,cocsremejsaaunortaucsacaoererialdbadcdem,2024-03-29 05:00:00,eurasia;cadela;jarda;cocas;
1629,lorsfvslerihiuovvaaxstalgrdoaattifeopbao,2024-03-30 05:00:00,batotas;varais;grife;volva;
1631,oesavuiscnitcrrexaaefsadeifoaepntpdarnre,2024-03-31 05:00:00,prendas;tepido;ceara;afixa;
1633,ieutuariibosntuesaucartfighotnaaarJoaecm,2024-04-01 05:00:00,subieis;refuta;untou;matei;
1635,giasplaomrcsbidiueirbapaxreuoatceaslIBMi,2024-04-02 05:00:00,mexeres;citada;ursas;baiao;
1637,mciaoreoasafmenderrarartamevaiaegxuseorp,2024-04-03 05:00:00,reentra;formai;garra;exume;
1639,moOsgocaiasisaigfoaamoltjsteosseelsgralz,2024-04-04 05:00:00,mafiosa;estico;galga;largo;
1641,arudutaiiaaariarredpegvfoagiseejOmdetpar,2024-04-05 05:00:00,grudara;fatiai;adite;despe;
1643,ivlGgompvauriervciancaiemojeatoorddolrrb,2024-04-06 05:00:00,calunie;dormia;carta;aloje;
1645,gigmtnzlaiaeoorelssrdeodaolamafTgntojcro,2024-04-07 05:00:00,Toronto;alonga;ligas;arfem;
1647,usruoApbeocdgbroucgoseaiauialodaaierarla,2024-04-08 05:00:00,gelarei;dourou;sueca;aguai;
1649,erpbmtagrsuaiiingicmtsvertaiaaosoclosnst,2024-04-09 05:00:00,musical;grotao;matas;rubis;
1651,iacaorutvsugpdilrceauroeaeffsgomslaotleg,2024-04-10 05:00:00,augusto;grilem;apuro;fecal;
1653,gutudaabeiailtratgalsfsbesraeinorrzzrpel,2024-04-11 05:00:00,litigue;zarpes;alias;regra;
1655,guoacmftvfvsiaeaaeeacrvpnmarfhuaoutovaat,2024-04-12 05:00:00,afetava;chupem;nevam;sovar;
1657,onpdfoosbuieaitacregitccoioaaseolopssoam,2024-04-13 05:00:00,nobrega;apoios;fitem;fotos;
1659,isoiecmapaeraonaulreermiucoeaocaqpnglsrf,2024-04-14 05:00:00,namorai;fracos;cerre;lenga;
1661,oivqseaodtuurrtcaiotiganooueigrFglniulec,2024-04-15 05:00:00,ligares;Franca;quito;gueto;
1663,asancanvrtdrdteabamoasonreiolissuriaeasi,2024-04-16 05:00:00,soslaio;ansias;batas;dando;
1665,amoousjutbueperbrejvimaxmterlrcoolaosaac,2024-04-17 05:00:00,batermo;limpou;caras;vilas;
1667,prailoipeirebusnaiontojpfdaricafrseaipnr,2024-04-18 05:00:00,francos;papiro;arrie;santo;
1669,aanurnaajtemmisHcmetiairrgfadvaauiaresut,2024-04-19 05:00:00,ruminas;frades;janta;avira;
1671,nionaRrbtduorgeeoalaralxrfudMimporetoade,2024-04-20 05:00:00,anuindo;reliam;adula;garoo;
1673,pldsiveLivarooranhialatielageuraattAnerc,2024-04-21 05:00:00,vinheta;ladrai;trevo;soara;
1675,aionasuodptpiaenaemevlmxlaverojiHeiiirmo,2024-04-22 05:00:00,apontem;elevei;piada;unemo;
1677,tcliatebrevodbsoapursdeaosaeiaaountelhva,2024-04-23 05:00:00,servida;raspou;etano;tesao;
1679,inusseappedomalftpesbvcooaietdilsejairei,2024-04-24 05:00:00,vacilei;saboes;posei;ejeta;
1681,estranvamdeaairoanorvaorusrbbboshcpaauni,2024-04-25 05:00:00,vaiarao;roubos;babar;voara;
1683,sncsepodaahaiiiabriodofrptcsaauaaemocilc,2024-04-26 05:00:00,patrias;banhas;odiou;mocos;
1685,luaaafedturgdaanarcajmcipacauloamashditm,2024-04-27 05:00:00,afagara;parcas;multo;cinde;
1687,clredecmeatrnatoajrgrarlrilosbeitadflepi,2024-04-28 05:00:00,forjara;drenar;celta;abril;
1689,Reglgstjcpsiataeecatnnarndcaofimsoixdlue,2024-04-29 05:00:00,toxicos;decepa;fluir;sigla;
1691,adafetmoacargsibaurcenacprearlnaoPdsenur,2024-04-30 05:00:00,arruaca;carnal;Pedro;tinge;
1693,tromataircnlslagarecjehvjaterasocoacpdna,2024-05-01 05:00:00,prestai;galhos;clamo;traja;
1695,easrgeorRarordlcnseaoehoocsevfvbdurioraa,2024-05-02 05:00:00,fedelho;bavaro;goras;crivo;
1697,eiorvoaRrtcaaemroraabvsonraoieidixrvtfxo,2024-05-03 05:00:00,terraco;arrote;arabe;Ramos;
1699,nraumtcssetcriurtaandntibehaiafouclozsva,2024-05-04 05:00:00,cuidava;tinais;bucha;neste;
1701,fuominrfelamimeegnlspdorsaiceodcrurvesae,2024-05-05 05:00:00,laringe;desces;fremi;ceado;
1703,mefcalonoivairplcasmaeaehoausjshrsjbracf,2024-05-06 05:00:00,polires;cavemo;rales;rajar;
1705,omcrtiorasiedzmasroamiirpcosrefeuloireiv,2024-05-07 05:00:00,crassos;dizima;freie;rirei;
1707,ogeiagesaztrenmotahpsvdgerecagioocsradns,2024-05-08 05:00:00,pegando;vingas;gomes;reata;
1709,iegeeocembieloomalaslcdloarpruaommiaugib,2024-05-09 05:00:00,geleias;primam;boldo;rugiu;
1711,sfuaiedajazgrhauupeicsrmorxaanoampegtenj,2024-05-10 05:00:00,agachei;peruas;major;netas;
1713,aesvzsetxgrsicaditreolajflarteimurdpovfv,2024-05-11 05:00:00,topares;descam;feliz;ladro;
1715,aavseedeivespolsltapuarteissesnEuprotagh,2024-05-12 05:00:00,piasses;espora;ledes;esvai;
1717,ldoadodiivrsssarlvorusucidglpatsorihomso,2024-05-13 05:00:00,surgido;assoar;cassa;livra;
1719,beirgaundotesbuseraanaeagnvugstssojmlecf,2024-05-14 05:00:00,suastes;julgas;abane;grito;
1721,vadlmoigaacaccafvnepelrpxedmauauampaldrt,2024-05-15 05:00:00,calcada;pendem;duela;palma;
1723,ecehlhlacoraaimufoavJamrrilmoijioamobgal,2024-05-16 05:00:00,limalha;filmar;Jobim;alija;
1725,ssrlmbroauuavasesiaoioraoccanaulamlifdde,2024-05-17 05:00:00,adulara;almoca;russa;bares;
1727,otaccsurraloarpaaimuveceeeriacsrrndiebet,2024-05-18 05:00:00,alumiar;acerca;rende;beire;
1729,ourasirctupieaozuatsceaclalhteomevahesir,2024-05-19 05:00:00,espicha;autuou;mocao;talhe;
1731,sdfaeiauieadsdicnamaedomalitiicovavrbebb,2024-05-20 05:00:00,semanal;bobeio;idade;brita;
1733,iamsrbxtvzeoeuasasrmtnnireluaenoarecgoso,2024-05-21 05:00:00,sermoes;relera;vazam;genio;
1735,apemsiaecertavpgbcasamotriltorxadiaumest,2024-05-22 05:00:00,tomarem;pereci;taxem;vista;
1737,vaotadrAamtpomneeaavataanmrcsuoousoapamj,2024-05-23 05:00:00,socavam;tomava;pasto;munem;
1739,pixageafaaaafaocvbllxreMarsaeeascairunop,2024-05-24 05:00:00,exalava;anuais;afega;cabra;
1741,daeecptvmdnsrieaateomtnaisvareeippimSuls,2024-05-25 05:00:00,escrita;dentes;vente;danos;
1743,umercmenessnudreataradusposvipoaaelecass,2024-05-26 05:00:00,encurva;apeles;apice;assou;
1745,pvuvnpnoenisuidacmarmbosigrafemlreveloha,2024-05-27 05:00:00,punindo;bolamo;venia;usara;
1747,peoaotlislvsheivaieavagavimcelvsacnfacuo,2024-05-28 05:00:00,falecas;avivai;acuso;melas;
1749,araiuvsetcecierachechatafuepcabrjmranmeo,2024-05-29 05:00:00,chiaras;checar;bateu;emana;
1751,ooronanoapntaelseasoamgorctitosucouaslua,2024-05-30 05:00:00,nanemos;acuais;aorta;tonto;
1753,SoetaaPeuteiutastnumelutuaqrvsaruqaexaoi,2024-05-31 05:00:00,estulta;quitem;vexas;emula;
1755,pparmrnirmaseesdepacobaiocoismrccfduosau,2024-06-01 05:00:00,somaras;ampara;prepo;focas;
1757,itoetorisvvsCeccazaiglmosiUsaiioxntsuddo,2024-06-02 05:00:00,Claudio;vazias;sitos;vetor;
1759,tunerparagcorobcmsotounadseinaiseasroafp,2024-06-03 05:00:00,carburo;gatuno;desse;afano;
1761,peaaosdraudrvnieczbiaoupneesxnsavdoueigm,2024-06-04 05:00:00,capuzes;vendou;arava;eixos;
1763,gmraosnjeaeoseievdluibteviacgudaelopesmn,2024-06-05 05:00:00,subieis;areada;nadei;vagem;
1765,orravjneridogeutrefnilunrlosobsoupidabab,2024-06-06 05:00:00,refogar;polido;abusa;junte;
1767,remafirpiodaraaisbicgeicdoiaaneparppvhai,2024-06-07 05:00:00,apinhei;rifada;moeis;cavai;
1769,nfaduouropgopaiareuarpoauinsaasgiepxicus,2024-06-08 05:00:00,noruega;raspei;punir;dopou;
1771,deaapdeoliganevtotmetaersiardiifssofauqu,2024-06-09 05:00:00,dentada;quieto;legai;forme;
1773,lentzsmooroaaieefracxprtomgtienomanotins,2024-06-10 05:00:00,nazismo;excita;magno;formo;
1775,tauorbditdletiooondsiprptoacourrmarisefe,2024-06-11 05:00:00,ondulei;castor;podio;ferre;
1777,atevbamiroosgaaRabbconimsjmassmsfolemoco,2024-06-12 05:00:00,amansam;borato;lojas;mocos;
1779,eratioiororofdreabomiotnalieoanahnpblgid,2024-06-13 05:00:00,andante;ofidio;pinha;digno;
1781,guramuvassodaetsvomgvalaaeeotidrlrmauoso,2024-06-14 05:00:00,tardais;soarem;somou;melas;
1783,esbrssfeuraeooeroccagsarmolaooabicormsce,2024-06-15 05:00:00,sossego;alarmo;rouco;becas;
1785,dahmatarfcaougfelejrlamdeirgmvitnaesaiur,2024-06-16 05:00:00,fremiam;glutao;seria;ruiva;
1787,raerraumefhceglesdnfacenbeipnotoeoseselr,2024-06-17 05:00:00,encerra;lentes;fecha;rolos;
1789,nueastoaaopcciefjahmparpsrcaesatevtifoav,2024-06-18 05:00:00,pecaste;vertam;epica;ficho;
1791,sgreouecoignezqtlaaoivomastvetmairebausm,2024-06-19 05:00:00,isolais;atrevo;toque;batei;
1793,aroermcualbevomsntmviraeiaoaauvlvrcpreaf,2024-06-20 05:00:00,moverem;bolara;parai;viuve;
1795,ceagccvooedonsosoizaumRcalhfsvoavvianoio,2024-06-21 05:00:00,comocao;valhas;noivo;ecoei;
1797,czibssgvoaoatooaovtmajigadbnmsearoaSbufe,2024-06-22 05:00:00,bordava;vagais;Santo;jogos;
1799,tfezmoccaludgatihraaltprraoedoearpnnsnoa,2024-06-23 05:00:00,enseada;talhar;pondo;tapao;
1801,nsisseeoraalartcalraveacreiaiomvatmscsle,2024-06-24 05:00:00,aliaras;asilas;trema;verta;
1803,dbcufveseasemixatsarraegapiraproecutnita,2024-06-25 05:00:00,debatas;aparai;intui;pecas;
1805,znnVresdciacmbfeaodoaraiiafroteolobiajau,2024-06-26 05:00:00,Vacaria;abolia;fomes;zinco;
1807,trPsvedeoeoaooatgendadgriatfaiugflesRtav,2024-06-27 05:00:00,agendas;urgias;doado;Porto;
1809,qaveemfuaugarprseletauiartoalnhfiusrehma,2024-06-28 05:00:00,empunha;aquele;firas;ratos;
1811,faompurojmrooumsiacgailalirnrsticuooaisc,2024-06-29 05:00:00,mijarmo;ourico;ornai;puros;
1813,rfeiircceadanseodsuvgslaaaaeaofaotrilczm,2024-06-30 05:00:00,caiarao;ataude;gozam;coces;
1815,oojieorapuavladmadiepprurepleaiaumoefral,2024-07-01 05:00:00,ajudemo;felipe;laudo;levei;
1817,amrecibiceiaiudetecobairdfaluasainutrmep,2024-07-02 05:00:00,separei;bicuda;boiei;murai;
1819,flraaetnohrrvlciorusaardreuarmaaadsfurec,2024-07-03 05:00:00,remarca;flores;rural;horda;
1821,afarpeopiofenrdadceideetaassearccacfrSoo,2024-07-04 05:00:00,prendei;casaca;cetro;coifa;
1823,phinidootrcbelrliaaocoaeronnssvlcgfended,2024-07-05 05:00:00,ofendes;colido;enchi;bones;
1825,hobedosuulrusvrearptafmcbbavidimapniocav,2024-07-06 05:00:00,invocam;dublou;barba;favor;
1827,osecgzmvdnageoerrsofnnflaoeseuuopclcidsb,2024-07-07 05:00:00,defecas;ensopa;cardo;gongo;
1829,baacanalhotaddegnesnuivoEeudarivdzaectca,2024-07-08 05:00:00,desnude;traduz;vogal;venda;
1831,ousavistqoCratouiPNmonbeactcaebmpleaplsi,2024-07-09 05:00:00,ousarmo;planta;bebes;tecla;
1833,olocmrrritiiaaberaeBtscrflsaofouremexmaa,2024-07-10 05:00:00,recuamo;licita;sexos;Belem;
1835,gatobevgaerensorirusaraeliajsepnirshavle,2024-07-11 05:00:00,provens;granel;hajas;botei;
1837,ldeaoanueevscddpfugeieboueomnstscjdsiemo,2024-07-12 05:00:00,delegue;postes;acida;cujos;
1839,plogoarieeasmaadzmappnospurnaosaeedamrvc,2024-07-13 05:00:00,depuram;zeloso;pampa;norma;
1841,irdeajsovaeticaslnhcnterdcsznmupaipeseon,2024-07-14 05:00:00,pensemo;inchai;tacas;tesos;
1843,arrdisaviroiatixbgasteifatusaamnlrottram,2024-07-15 05:00:00,tostara;truste;atina;rodas;
1845,ditiabacpaaeroiulecidsroafemeusggnomriia,2024-07-16 05:00:00,assobio;medimo;urgis;fecal;
1847,osoitbmcdbaralheimveaiouoatsmboazusicepm,2024-07-17 05:00:00,lastime;zombar;boiou;idoso;
1849,iacoeemooraotcmnanSdaelziBgwtcjeMialeral,2024-07-18 05:00:00,ignorai;walter;tocai;zelem;
1851,esaiasimtcuiadabnerauluorgrmacsssemegraa,2024-07-19 05:00:00,osculam;sabida;regem;curai;
1853,nizavssbosadroaacmovnicpeeaeeobeptisllmm,2024-07-20 05:00:00,emboles;rondam;tecei;passa;
1855,saraeroafamfrevlocuaspeiicoamfanpochargi,2024-07-21 05:00:00,paginei;chamas;copio;valor;
1857,asbavscassoediatzirtaseiedaeaetsvnsdnupr,2024-07-22 05:00:00,assorea;daneis;sedas;catei;
1859,onsosiamadnioluliohesdamueleertotatgvola,2024-07-23 05:00:00,motores;geleis;dolar;sonho;
1861,asHItaGsmtVrloiebaaderagzesosaamunofgcoj,2024-07-24 05:00:00,escoara;tratas;geiam;sambe;
1863,lssaesoaaeezirqlrdbudufaiandsetovativomn,2024-07-25 05:00:00,induzes;esquia;vadia;belas;
1865,adelmobuliocrafmsovuixelserdeaiiarnivcaf,2024-07-26 05:00:00,adoceis;lexica;bufai;vende;
1867,roteonicfezmmtouiuatepnoanzuriecMrsmoola,2024-07-27 05:00:00,empenou;tonico;matei;cloro;
1869,iaruuccxpometeeeraiasombufdauidnpaeesqfu,2024-07-28 05:00:00,execute;simoes;apura;quase;
1871,sipssialiaaodtturdoauordulamrdgeaslgaaio,2024-07-29 05:00:00,aludira;duramo;disso;rogai;
1873,aracoucsarraororaaburmepmrrsgioipaurofvc,2024-07-30 05:00:00,figurou;araram;pomos;coara;
1875,evaadoteisbncarilocfaiasabiiovaevoatseel,2024-07-31 05:00:00,caiarei;violao;danas;eleva;
1877,nuipnpseizmnovomaoamimetrgnforslEaduaooa,2024-08-01 05:00:00,soarmos;novela;funda;gorai;
1879,sailhaiaisuouvdrnlzseosaaairrimtrdaaBdem,2024-08-02 05:00:00,rodaram;sulina;dista;ilhou;
1881,faaovberpiteguismacsisdpntahavneiaslmcuo,2024-08-03 05:00:00,subires;atinam;salsa;penca;
1883,fmammirtasatinocerieaiasirdvfmoeoarizrat,2024-08-04 05:00:00,minamos;evitai;frota;mamar;
1885,ecefalsosstmiocodatneftalaiearievorajbjo,2024-08-05 05:00:00,joeirem;jantes;salvo;filao;
1887,amprjacuclefitiEfoacosgdumsiortagjouaarc,2024-08-06 05:00:00,fritais;pecamo;alcou;Edgar;
1889,rocelashaerdgroimitaaacasarlarcdogangoma,2024-08-07 05:00:00,tremias;coarmo;sogra;alega;
1891,eunarasairiefaroretsipslamieimgiaauxopae,2024-08-08 05:00:00,exumais;glosar;teima;anuir;
1893,igasaepivtlciroeegoeoebbiduuliicluombsao,2024-08-09 05:00:00,bebieis;agitou;ilude;piore;
1895,usaoetaeiferumitmraebltcipbeoseaetrsctrl,2024-08-10 05:00:00,impetre;tresli;tatuo;itera;
1897,fiobtadogdnselibaeisrdrolesoeicmdocdqusa,2024-08-11 05:00:00,gelados;doseis;finda;bosta;
1899,ejeejaesiabteistfosivtpuloboelapleudvarg,2024-08-12 05:00:00,piastes;leveis;duelo;gravo;
1901,lmetboasasrspalisolptrintvevooiuaontaute,2024-08-13 05:00:00,abolias;resmas;volve;tiniu;
1903,iuifulelaallcrvsresaaoisommedpeverrnalra,2024-08-14 05:00:00,vivesse;rendas;remoe;lucro;
1905,nlnarrojoescoaubdmammiatvarihunipoeafcsp,2024-08-15 05:00:00,nascamo;borrai;farei;voado;
1907,sooadmacoltraeosfeovvhriznroocRaadeigmau,2024-08-16 05:00:00,achamos;zeloso;votar;danei;
1909,fmpaadnmsoariseouiufvugddlfltoliaabuemit,2024-08-17 05:00:00,liguemo;paramo;fluis;densa;
1911,dosfaponaiuardeaaolajrgvrlosneaiegrojsdb,2024-08-18 05:00:00,doparao;vagens;jorge;jaula;
1913,emqfhnnerauipaectpreotsdcricsraruoogemeo,2024-08-19 05:00:00,encetas;fiques;truco;mario;
1915,traapaemignrohpaeaotbolsrsdcrocucaetoler,2024-08-20 05:00:00,tirarao;empapa;troco;geras;
1917,omcsextreiieggiarlarzaacepoionoSsrimirad,2024-08-21 05:00:00,oprimir;extrai;remoi;selai;
1919,oasooftlnStifoseerareorfrpdcruiraemaroci,2024-08-22 05:00:00,macruro;trarei;renas;freto;
1921,tcemrleiepeuiabibailfagnejclpnoeiactator,2024-08-23 05:00:00,abnegai;planto;beija;ralei;
1923,oumrditesiboeelaulmideigcsatrzraieiaocri,2024-08-24 05:00:00,atribuo;cozera;mimai;deite;
1925,aosstutslacjaooegtiperrgonorareiecobpfoc,2024-08-25 05:00:00,encorpa;acossa;forro;gesto;
1927,ivocaimottipabadsevroiriiaoaquaelmsuemsp,2024-08-26 05:00:00,somaste;abriam;caiai;peido;
1929,trbubtbiaoivssoFslpreremauiarihisaxfsonc,2024-08-27 05:00:00,puxares;vibras;tolas;busto;
1931,aoaboadigirosmacnapsardozidovanjinDcrive,2024-08-28 05:00:00,vivamos;abrigo;doara;zanga;
1933,soataregvroadcvaigediosilsnistrvutclorae,2024-08-29 05:00:00,gerados;cinges;atais;verto;
1935,fraeacerdnostrupczraaatgsiiblrnaooaneosf,2024-08-30 05:00:00,repugno;labias;atear;trena;
1937,ioauloalpnslrerupeoaicmbrgeblbipairsiatu,2024-08-31 05:00:00,imputai;pepino;burla;orcei;
1939,lnfolmcmenideabirmacarouibiusaddaliscoso,2024-09-01 05:00:00,caucaso;miudos;ninem;bilis;
1941,iirnoniesevglamxabeaeosesdrlggumauaiaoup,2024-09-02 05:00:00,alegrei;usadas;mexem;brigo;
1943,oglppestguoaaceianMrioxgsoavsciongloetem,2024-09-03 05:00:00,alongou;Marica;parvo;
1945,joustehnisiaanooamrttdsiueiaaarcgOfaivle,2024-09-04 05:00:00,risonho;atenda;aferi;joias;
1947,ebrepavomretcicbrceusaceaedoaactlomaried,2024-09-05 05:00:00,apetece;obceca;tecia;berre;
1949,acscadmisoazaotubirmcpcaaumaaifrMmavxaoe,2024-09-06 05:00:00,afixava;saibam;capaz;Mauro;
1951,arnsrasldiasiuaisaidmlrdsgaodogaaPrulole,2024-09-07 05:00:00,gelaras;murais;Paulo;digas;
1953,fcdospatsiamezrulosoraibtpaaspmdaarcbaee,2024-09-08 05:00:00,amparas;moscar;zarpe;solta;
1955,eesailtcvrsepolaedtegtaaonornairsaconoes,2024-09-09 05:00:00,deveres;geaste;oncas;seita;
1957,saotoctooirbagcoftpobropaenfrpslxtodatcu,2024-09-10 05:00:00,gostado;coator;culpo;brabo;
1959,lsomcemoeesarnsfdtaddtosiavoogilmehcvaro,2024-09-11 05:00:00,sondado;chovei;vagis;somar;
1961,diorigimersmldelioonorohvszuiaadagegalae,2024-09-12 05:00:00,erosiva;moldem;giros;adora;
1963,dcezepcopxaaluraraorauavevndmQtifsiaiosn,2024-09-13 05:00:00,expanda;Quarup;insto;servo;
1965,etrpaicoresbmprsmituaribdanmiearaseocoot,2024-09-14 05:00:00,abricos;abster;unida;mames;
1967,tmujroacadesMlioibleoetnvemimtaetoaacish,2024-09-15 05:00:00,hasteio;tabele;Morse;tomai;
1969,alivirapcgaavdsiugmadjnaearrrlaucieviaub,2024-09-16 05:00:00,galguei;errada;revir;jaula;
1971,roegezeribsaioipmemrvmovedsbajraanuasopr,2024-09-17 05:00:00,provier;movias;andem;preze;
1973,tagismmdnrotrbeeeargubixmbouulaaoumasmtv,2024-09-18 05:00:00,multava;exibem;torna;rogou;
1975,naimapodeasmeeivtcspatfrisiarerloaitnvde,2024-09-19 05:00:00,drenara;saneai;metam;picas;
1977,bovaOhaeaelcierxneuaplpreeterfamdssombor,2024-09-20 05:00:00,abolete;farrea;nesse;rombo;
1979,Dlmebojedaenrotgepleemotzlrsicaoetaenaev,2024-09-21 05:00:00,zelares;merece;anima;pedal;
1981,srepiomahoeaurgrnlmfmdexoupoersaltexzeda,2024-09-22 05:00:00,rogares;xadrez;mofam;puder;
1983,vaitasepdtlssoarbaqaspiaiuooeruvmllmfrai,2024-09-23 05:00:00,uivarem;aquilo;titas;alada;
1985,acelevcovovrsarpnieeocrrhabaveeaeoitsotp,2024-09-24 05:00:00,convive;aterre;porca;soves;
1987,eurfsmbsgaaoooaeesvvctisicleesiadujanxid,2024-09-25 05:00:00,baseias;voaras;disco;venal;
1989,tivoatlieidauuaamedeorarcmiscnmaulfodaor,2024-09-26 05:00:00,meditei;armara;ronda;umida;
1991,rerezacmojsploesamduahjigleloaudogaiojsc,2024-09-27 05:00:00,colheis;goleai;resma;cujas;
1993,PinsieuaauoitednrxLtdeoaeaeoreotnafrgedn,2024-09-28 05:00:00,derreti;ondeei;Linux;arena;
1995,hitomdtapofeesjroritnlmoddsevdaiurionirr,2024-09-29 05:00:00,ladinos;ririam;trajo;motor;
1997,itsediegbvuftnzbdeolaesedmarpscmsorpisae,2024-09-30 05:00:00,bendize;cessas;rodem;volte;
1999,maomraveehraggimeiceuacfroiprleobcaesmrm,2024-10-01 05:00:00,agravem;espero;forme;cobre;
2001,epmomhncendoreaoalisradrcazibedilaxepome,2024-10-02 05:00:00,pelando;calais;ranco;morar;
2003,vasaolansazoreiaoalevenrtmdbeotaoicndasu,2024-10-03 05:00:00,bendito;tosara;zelas;rosas;
2005,merpsoeaimoceiameemrrrouisedleeraprufegs,2024-10-04 05:00:00,premies;elegeu;durem;ferro;
2007,isvogozaeaesaaosrdoeoracodetrdotpmosaiuo,2024-10-05 05:00:00,tempora;voarao;serra;gozas;
2009,optemaiaussmalnrlamidouebinocbtomasearam,2024-10-06 05:00:00,reuniam;lotamo;banal;optem;
2011,ldaeccalesavsaemegrncmailagircrmvsadsoto,2024-10-07 05:00:00,ameacam;corcas;legas;morto;
2013,sefmomlineradeifadiireviteuafefnaociulni,2024-10-08 05:00:00,influia;seriam;nevei;fende;
2015,aspadlrertscloafavaacvallodoadsdocitsaoc,2024-10-09 05:00:00,freavas;vastas;saldo;doada;
2017,begatirjsoclpaiusoeasumhatlloaneuufobdrp,2024-10-10 05:00:00,anuiram;apitar;herdo;gesso;
2019,idmolafIudlsenetaanfsdorpoogooeugodarbmr,2024-10-11 05:00:00,dobrado;gongos;lauda;ermos;
2021,aagapaicccsunvaaesoarasjmajtacoecoumfpsn,2024-10-12 05:00:00,socarao;viajas;apaga;mujas;
2023,aeabaavvtuimealasqinihsigidacrsponrisaoe,2024-10-13 05:00:00,silvava;queima;beiro;racas;
2025,usdachslcadataiualansatmuzmsirovtpeebtua,2024-10-14 05:00:00,azulada;tachas;autor;assem;
2027,eepcedemrceamnmiservesrluouzgloareagaapm,2024-10-15 05:00:00,pereceu;sorvam;galga;gazua;
2029,peuigehmrudmauicemdratfaganuteagorUcaria,2024-10-16 05:00:00,agachei;careta;fugiu;regro;
2031,acorrrelisbcimixotorpaamasafrlemapoolear,2024-10-17 05:00:00,apostos;maxima;afora;atica;
2033,auoulcegcsacimeucaarrasfmesaativcapmania,2024-10-18 05:00:00,inativa;sairas;acuou;capas;
2035,osmoeneuguohrfdeetlneajdrleaveaiuagoshlc,2024-10-19 05:00:00,galegos;enfade;multe;ilhes;
2037,parometrxiuuarogaidmassdbegiazalrcozjpih,2024-10-20 05:00:00,rebaixa;pairou;cozia;pilha;
2039,taejrubsxratimroorcpoludpeeoevoepinaddal,2024-10-21 05:00:00,mijarei;lotear;rubro;duelo;
2041,bigpxeiciroatiiovinanclffarevpadiclairua,2024-10-22 05:00:00,duplica;crivai;expor;velai;
2043,aboaraeftseblttsieitodrfreogiciaurutaafm,2024-10-23 05:00:00,bobeies;atirei;fetal;rifam;
2045,etvidfcfsusoieaigeneuuuncdceergamiaarsli,2024-10-24 05:00:00,canguru;cegues;acida;visei;
2047,oercirbabviadvusvieaeaassloainecagmstuqs,2024-10-25 05:00:00,absurda;cantam;obvia;golea;
2049,jerbiuivioidqeprmsaeseiaitesuultferpbxas,2024-10-26 05:00:00,equipes;eretas;bulir;patas;
2051,mldeooleoemzsbarrljactiidnmirrctdogateao,2024-10-27 05:00:00,desciam;domara;terco;melro;
2053,avbiogrfmraoiiugvinidsditlrlioraeuaecorJ,2024-10-28 05:00:00,fugidio;virava;lidos;turno;
2055,oitaguraepiogbiajstmiaacueiomamocanferfd,2024-10-29 05:00:00,biotipo;faremo;enfim;sujei;
2057,dxcalersouidmtapeslooeeatdtomtcresvcuoob,2024-10-30 05:00:00,detesto;comuto;raspa;breta;
2059,pelagfpicrseivlecemscaauoiaooshcrotameio,2024-10-31 05:00:00,receito;cosias;cheio;valeu;
2061,querfaumisaaortflthoaaaamisshmnlceremiif,2024-11-01 05:00:00,arfaras;hostil;infla;quero;
2063,erpabobNstoralaoroctemvsemupasepzeslodia,2024-11-02 05:00:00,rezemos;solape;parco;alvos;
2065,icmifnmsogaiemopnteiueilrfomdruscoiavpal,2024-11-03 05:00:00,muremos;cortei;enfim;vadia;
2067,butrcvstizneaaieezuldhdandmElolpaviisiri,2024-11-04 05:00:00,pilhava;Elisio;credo;nadei;
2069,ldmbuvbbaburrabceduoceiarazeaesoieftrsua,2024-11-05 05:00:00,carburo;reduze;bisao;reses;
2071,casavivafiacataaehubartlcltaaebhvditoura,2024-11-06 05:00:00,chefias;aviava;talha;acaba;
2073,aeduqfiroraeclasrvtofaumassaruouepietsbf,2024-11-07 05:00:00,filamos;federa;queda;auras;
2075,Epameaseosetrafisidasbelralbssedrcaopemm,2024-11-08 05:00:00,temeras;passar;medes;afies;
2077,nciserftiuaniroieiacaaivrneocneeedapedct,2024-11-09 05:00:00,inseria;caneco;unica;apeai;
2079,opabrimtsuioagseohcvpaarihuvabrecampasof,2024-11-10 05:00:00,chupava;agiste;poria;pouso;
2081,aiomatoavsltbemmcaeouonsoudsahveenfatiob,2024-11-11 05:00:00,isolado;tenhas;bateu;mamou;
2083,amslfrnobeeadetvoxfdooafgauofmruinermera,2024-11-12 05:00:00,furarmo;denota;mofem;fales;
2085,cosaoaedoedzrspiuanlavandaeioaacmootimro,2024-11-13 05:00:00,larapia;ancora;omito;danes;
2087,adreholotaseshcsmecpadavladraineufegtnta,2024-11-14 05:00:00,nadaras;acolho;edema;tinta;
2089,ieriiefoisrdglcaxaeoosaaaampoavlgrtucigs,2024-11-15 05:00:00,cavalga;aflige;cioso;graxa;
2091,ezdnitsdrscoousoaleauafiarunmrossoiqrard,2024-11-16 05:00:00,zerarao;sustou;cesar;quina;
2093,rroarsuaagafiaealemnopolietdrvxemdieomoe,2024-11-17 05:00:00,exponde;suarao;garra;povoe;
2095,nancompaodeaneaccsiitoconrufanmhutmaapev,2024-11-18 05:00:00,chocamo;mentiu;apeno;ceifa;
2097,elareaedofaagleltrbeglprdoaadsimramicera,2024-11-19 05:00:00,limares;aborda;caimo;prima;
2099,oviaangrgmdcsufaiiiurojsctnouuolmaurtbei,2024-11-20 05:00:00,digitam;jururu;nasci;unimo;
2101,nmarcailiolegraxfgrsoeezemnaaduaomurrese,2024-11-21 05:00:00,malogre;arrumo;exila;soara;
2103,alvrajarmtameicuuassmaoujafusbotiarastun,2024-11-22 05:00:00,marejai;obstou;mujas;fatal;
2105,pojcnegsaeaaorrunicmpquosoramaeebiporact,2024-11-23 05:00:00,roquete;boceja;negro;acaro;
2107,irabouooufscgstmareJauaoettaaerpieanissa,2024-11-24 05:00:00,tomaras;tateei;auras;freta;
2109,ebarejrieboatemmmiadvrsagaedoaaoleiarnbd,2024-11-25 05:00:00,ejetava;lambei;irmas;doara;
2111,fhtesardcarosaladamacevirataunaaagvrtinv,2024-11-26 05:00:00,vaiaras;trunca;chamo;atina;
2113,dfavracaosiucmeiafaeolaimronaasrpammhnel,2024-11-27 05:00:00,namoram;aloura;lenha;alcei;
2115,asearrEvnrcfciaoiieixervirsdlaoueledjbeo,2024-11-28 05:00:00,lixeira;diferi;nasci;rirao;
2117,ivdelsaGaosaamrarlottaafeirlfrirruscavat,2024-11-29 05:00:00,delatam;orleis;frita;famas;
2119,clecgarvpameaoaoamprrfifeuuaoituotomlaco,2024-11-30 05:00:00,empalem;rogara;fiara;tufao;
2121,mtpoopenararmosbaalaarauisooeptlvdrrspeo,2024-12-01 05:00:00,orlaras;aperta;parta;dorso;
2123,aravaeinetuinlaemiasamgsopcuieodutlnrres,2024-12-02 05:00:00,pautemo;doeres;nesga;valia;
2125,toassrislaiuazetsafnisaeeuecafrgrmdiivaf,2024-12-03 05:00:00,grafias;faisao;mures;cenas;
2127,auoeahitgsrcaonnpaailpieulcobeRmserncvaa,2024-12-04 05:00:00,concebi;apinha;puser;menti;
2129,iiaveeloupudrpsalpoooacrgidacfaiursrulbr,2024-12-05 05:00:00,poupado;racial;rufar;dilui;
2131,opaicpuirumzoesnmiviprhnesgnapieupaogaat,2024-12-06 05:00:00,agoniza;prepus;rumes;impor;
2133,rpisrsceerviaarpzsadarneevautguselemaisa,2024-12-07 05:00:00,adviras;arguas;preze;situa;
2135,omupiovmexlinamedsaoegnernileoocsfumarel,2024-12-08 05:00:00,pulmoes;relego;ameno;inove;
2137,olmzatncodualeraaoirtomerpgosusoerueoema,2024-12-09 05:00:00,piorado;ousemo;muros;ergue;
2139,iraisouraecarsolcridgausegoviaptsustomti,2024-12-10 05:00:00,titulos;pardas;rusga;susto;
2141,tpacoetlastarnlaeussiaeiantunrgaipeionuz,2024-12-11 05:00:00,ousasse;pactua;naipe;genro;
2143,lcdozocaaopxisecpneohasniacrsouerhtatvsn,2024-12-12 05:00:00,exposto;acesse;achar;nunes;
2145,casosadfovvatpaiaeajiopxgfdrueeariotsmlp,2024-12-13 05:00:00,lepidas;devota;grifa;apoia;
2147,ilsecdoqsoinioppdfcorferoeorpaeimrarubss,2024-12-14 05:00:00,ferisse;censos;bario;licor;
2149,praneiusesimagevtasebritacinauionlcbriod,2024-12-15 05:00:00,ensinas;primei;abriu;agito;
2151,fxftcgaljiureirfacpecaeaarrirnmtdasaifid,2024-12-16 05:00:00,precisa;flagra;jarra;minei;
2153,armeravovamctimprcsoepviuticnoaeaueoavfi,2024-12-17 05:00:00,vomitem;turcas;pavao;icone;
2155,apmjebocoabotaibaegaverdraederrecizaostn,2024-12-18 05:00:00,objetar;dentre;azede;sorva;
2157,rahlmgordlfaecazieaiueczprcdmuiirestosqp,2024-12-19 05:00:00,cisquem;difame;radie;pizza;
2159,uearafuboobutznirmirsudsefufsilaiqueigna,2024-12-20 05:00:00,fiqueis;fruimo;digna;zuniu;
2161,adsainorrninjnapoicmareieaazeetmbrhaioge,2024-12-21 05:00:00,pareiem;azarei;emito;ronda;
2163,etgafirotaasguibbsureoraeAaomerimldnnusv,2024-12-22 05:00:00,furares;brigue;andou;tetas;
2165,ramalioneitodeubvbpotfsdahirabaiunomossa,2024-12-23 05:00:00,habitar;unirmo;podio;bufai;
2167,spacizmuaoliaaaqvleatbergibeirbsrsubdubo,2024-12-24 05:00:00,laiciza;debata;viela;subir;
2169,alasbtipaimoeeuaprobacltaasunmottdocaldo,2024-12-25 05:00:00,tutelai;riamos;bebam;toldo;
2171,ahrtgaarlomnauzefosubmmecueniursgeqbaaro,2024-12-26 05:00:00,murarem;ianque;gazua;remes;
2173,erooelfcracucpaizrvscaieaeilamiusteoesmn,2024-12-27 05:00:00,erraste;vazeis;afiei;cucas;
2175,ediaaroacvasbpcnceimroppasseeasiobtetmal,2024-12-28 05:00:00,premias;pasmai;cabos;abres;
2177,evalumararalasiobfaiecrmcrstlmdabimooamn,2024-12-29 05:00:00,falarmo;listem;verba;drama;
2179,cefrlrormiiatestmcpieeaoleasmrjlcetameia,2024-12-30 05:00:00,retrais;alijem;tecle;mimei;
2181,bdeeoemohretseieembsvvseclsuiitaoaalivnc,2024-12-31 05:00:00,submete;niveis;visse;vilas;
2183,ultsoiprsiaaraeegealbmtsslseambfoamirfai,2025-01-01 05:00:00,tigelas;embasa;mamai;orlei;
2185,srescoiodaeioasbeasararabzmfjtioaobuocmi,2025-01-02 05:00:00,raiaras;azedam;morto;fujao;
2187,dpiesadverenobuosruadaetecnocrdnlihaalpe,2025-01-03 05:00:00,reclina;pensei;urdes;racao;
2189,etigredcmocaorgohlrlbiviaifoeemplnsoiraa,2025-01-04 05:00:00,derroga;cometi;oleos;vigio;
2191,atnjasrtcaaauealvsmggpleafereodserasacom,2025-01-05 05:00:00,modelar;regues;epoca;gajas;
2193,aNaorifaamsfnrtdipoeesorrunvupaxsosearib,2025-01-06 05:00:00,venenos;aferir;fones;baixo;
2195,eaiomusotfdramtaesalereosrtuspanaigsmecd,2025-01-07 05:00:00,permuto;sutias;emula;afete;
2197,aasiitfnbrsaedabeesoprnevalacalmreccedap,2025-01-08 05:00:00,tabelar;abrasa;cedam;adiei;
2199,gletimosojalnaobufaaiuaernsdocrlaiadvpaf,2025-01-09 05:00:00,latinas;adiamo;unira;falte;
2201,ozelminsiajaradaacetnirrmnumesmadeveoaur,2025-01-10 05:00:00,manejai;rumine;radar;zelam;
2203,sriabmlsealatraaeletteieazmrenramcephaic,2025-01-11 05:00:00,mazelas;icarei;abram;tenha;
2205,oocimiaavpaosmrraaragvchcaxsiretneifagoa,2025-01-12 05:00:00,povoais;acenai;revia;miara;
2207,tlseloiteusobrapjopaagaeavsqrdnmcaiueesA,2025-01-13 05:00:00,abarque;mendes;avisa;atira;
2209,pcacigifoiemermmedmltareozaavonsocifalia,2025-01-14 05:00:00,renovam;falias;copie;cozia;
2211,zafluazapsdagopaaosonsmljnaogioopmtunvtm,2025-01-15 05:00:00,apossou;jantam;vingo;aflua;
2213,nmprelasoiecezavmtarrvieoootaslrgcrrabaa,2025-01-16 05:00:00,cataras;revira;orcem;torco;
2215,sigedodeeualrapamtlfatdrseoejotaolunmarv,2025-01-17 05:00:00,trajemo;afluis;solem;tarda;
2217,muiuRotairbeldarceozulocsninreintsagmeso,2025-01-18 05:00:00,singrei;atolei;micro;donos;
2219,aquilneleboatvimbmiuxaopimigaticfearrral,2025-01-19 05:00:00,compila;imigra;intui;quita;
2221,ocmjrasaluaobacrpialaluiadopiaaaagtevpln,2025-01-20 05:00:00,aplanai;alojam;dilua;topei;
2223,geveirflsazuasaeixrsusasemceerptaidirpao,2025-01-21 05:00:00,optaras;eximia;peide;vesga;
2225,unoumeouuvsenrmiioneasmsnitsdatevoacehna,2025-01-22 05:00:00,desarme;sentas;uivos;menea;
2227,orfiacrmtnsnfepaeaegrrcsAiipeilaagdervar,2025-01-23 05:00:00,prediga;ericar;finge;valsa;
2229,maseusasccssmftaanirulloapeufssecapamiof,2025-01-24 05:00:00,musicas;encapa;fosse;sulfa;
2231,tueaogadegmfaicsslprsnopmeraaseacetutdov,2025-01-25 05:00:00,pautara;desova;teces;danca;
2233,ncfliebpdaoaurbeocistutehnegnoaiiiniatad,2025-01-26 05:00:00,cocando;ignota;truta;bebeu;
2235,vapemeaietrutnsdpaaoeerectsciaouuaampmdm,2025-01-27 05:00:00,pactuas;entupe;sedia;picos;
2237,sotsphciunorauchdmaaemaaaeLzbzacitumiral,2025-01-28 05:00:00,azimute;aclara;rezam;pasto;
2239,zhlutiatuaagataoethafchdnacaoniujdmrudag,2025-01-29 05:00:00,guincho;agacha;durma;tenda;
2241,rerfvdulveoliafznummesittoeissampardtodo,2025-01-30 05:00:00,toparem;numere;roles;vidas;
2243,acopslCnciaaaureimeagvsaBcrnoeusIaroijsr,2025-01-31 05:00:00,pagarei;suasse;inova;Cesar;
2245,ootmrntrpreaaavusregbitaftsosuajadieclur,2025-02-01 05:00:00,osculai;turvar;fatie;porem;
2247,seuoastopaivavoraivaagadtslcmneltompogem,2025-02-02 05:00:00,congela;avivou;vasto;espia;
2249,eobanoedcsleiaimoieivaeenvtsvarsbaitaiba,2025-02-03 05:00:00,noiveis;arabia;batei;ativa;
2251,Eeafcojgdcmsafoogaaoramsarvipoeesiausnts,2025-02-04 05:00:00,saraiva;decais;gamos;aroma;
2253,mesiiuilcataerxssrihguecasiclaeudofotmsa,2025-02-05 05:00:00,casados;excuse;ficha;lotam;
2255,vaueelviamrdretdvriomapadaanluiutiramrar,2025-02-06 05:00:00,pularmo;varara;tiver;ruira;
2257,coboBlaaismhaosgtaoavleacsvsacisoesohlat,2025-02-07 05:00:00,Bahamas;coevos;gasta;talha;
2259,ccoedivermafnujmoexgardebleialgisoomzsad,2025-02-08 05:00:00,alargas;exigem;obolo;cremo;
2261,vacinamrniasdeoaaveiapmiusaravdsossiesse,2025-02-09 05:00:00,aviavas;moenda;sedia;mania;
2263,oanteoctcrsamasanoaieerqimejsouaamviaads,2025-02-10 05:00:00,saqueei;mameis;adora;mante;
2265,tariatupcgdojursiaaraceclpajeaomlfemabnj,2025-02-11 05:00:00,supremo;fareja;turca;capem;
2267,adnsagufuioosnfmrmfofaeeofsafoafcufiriso,2025-02-12 05:00:00,sofismo;farofa;funga;sonda;
2269,anurmajuseaohusedafalhxliseglatatrferaUv,2025-02-13 05:00:00,exaltar;aferia;julho;usamo;
2271,acoafevadramidraxsorbraggateeuoeiaasfsgl,2025-02-14 05:00:00,gaiatas;agrave;sarda;soube;
2273,imiisdezmrvjiasaoseeaiteacerecnaedpguocg,2025-02-15 05:00:00,revisai;encere;desco;mijai;
2275,amiiaiujsasegzsacaigrueBoceezrrpocsseiai,2025-02-16 05:00:00,ajuizai;serzia;coces;regia;
2277,roireacamaefomorecvaomzmroiesaerbaidmrpo,2025-02-17 05:00:00,mofavam;zarpem;breco;sofre;
2279,zecoccanidsnimdiapuedAmetEonorjsarfouroR,2025-02-18 05:00:00,condeno;Efrata;jorro;pouse;
2281,rflisoumunuastoeioidpmxidszrimroagoeeacu,2025-02-19 05:00:00,influis;dirimo;sadio;rouca;
2283,ureegmqjjamlutiumtaoirifsclotasebopntosr,2025-02-20 05:00:00,fujirao;obstam;tonto;clamo;
2285,ivabruiMcalaraarinlercmpiuhadufolqsarmuo,2025-02-21 05:00:00,inalara;herdas;quica;rufou;
2287,geratalibihaloesezjrmlssiacaoracotastnef,2025-02-22 05:00:00,enrosca;azeita;casse;geral;
2289,atalcbacfiimosaaloesabnitridarhromceaiel,2025-02-23 05:00:00,cabocla;redimo;leias;litio;
2291,bearnmedreapocaobneaaxincozarlatlesaveza,2025-02-24 05:00:00,apenara;moncao;oxala;tinam;
2293,tabmocedmruczledebriueurxemancrecommoosp,2025-02-25 05:00:00,incorre;comera;cubra;mexem;
2295,dmodemesraevdeirialiacsopepmjagrgodilnar,2025-02-26 05:00:00,escavem;granja;limpe;doara;
2297,favosultssanirseosagaaaaareoprelcepmboib,2025-02-27 05:00:00,laringe;pastel;pombo;biela;
2299,demueeoeitespilmslaqparanavaeiceetbiresr,2025-02-28 05:00:00,editava;piarmo;netas;serie;
2301,alfoesrgcruineroasraecauonasuoccelipclam,2025-03-01 05:00:00,fluiras;calcou;anoes;fraca;
2303,adeseeraitoetitacdrraivaoeirvajdrsceiava,2025-03-02 05:00:00,viajava;atarei;reate;criva;
2305,xuprgbalavasecurosrdosambserciccsaioaadu,2025-03-03 05:00:00,buracos;caduca;redes;grava;
2307,rticiaspaaunsralrdizuafaBunnchrvmoraanoa,2025-03-04 05:00:00,honrava;traduz;Bruno;rasas;
2309,rivbiazubaabucrcilhctudbarainonogdavmuio,2025-03-05 05:00:00,gravada;cruzai;vibra;incha;
2311,aoluocodopteoeirenrzcsieooiuaiuiculltqam,2025-03-06 05:00:00,maquiei;aticei;rouco;rocou;
2313,oreoiaemlghpvocteeleunusuiaoxjaorcvemosg,2025-03-07 05:00:00,repuxem;custem;noive;anjos;
2315,atreerendocdaatdorivasvbndfxnseogaSoiRla,2025-03-08 05:00:00,invadas;Sandro;obesa;corta;
2317,fetrcmalpateiotllasehsoacreracmeutavteuc,2025-03-09 05:00:00,reavera;creste;malta;cisme;
2319,cosnieadhacoseburaevausafrrisicsoesozulm,2025-03-10 05:00:00,icasses;adubei;veres;luzia;
2321,emocavmoidrjrianmagaaaadanmavumlerhantoe,2025-03-11 05:00:00,moldamo;aravam;adiem;ganha;
2323,cesibcefmndtahdaiobialratrtsriapaeaesoes,2025-03-12 05:00:00,insidia;chatas;morta;rosea;
2325,itlirdrioadotevotouiiehcreanalimaugrcmaa,2025-03-13 05:00:00,dilatou;derivo;chiei;troia;
2327,napfancjucjiuraalbeelrotthosmlcloasuaras,2025-03-14 05:00:00,culhaos;pajeie;rolas;lacra;
2329,veiacfocsesrooolqsedruaiuiavasfrsatdoaia,2025-03-15 05:00:00,serrado;alocou;datas;focai;
2331,ipapoabrpasrltaoaraelsecocavhsladeoemome,2025-03-16 05:00:00,cavarao;tolera;pipas;rocas;
2333,aavcajujrcarttscluipoadletesnjrodaRatusp,2025-03-17 05:00:00,catraca;soldar;junta;justo;
2335,afZgieioiirgaussmemsotoiaoeboblcjbrperoa,2025-03-18 05:00:00,sobrepo;grifai;bebam;atuei;
2337,mipmemoaejximarpanecebssrcaesroeorcactod,2025-03-19 05:00:00,parasse;expiem;carne;caces;
2339,hanonmrednebeoahsaaarsbsiexuioaaocmeclpi,2025-03-20 05:00:00,banhada;anseio;remos;exume;
2341,jlhSacojibamunnvitexemuivneRtlevaabaimoi,2025-03-21 05:00:00,cumulei;Sativa;anexe;habil;
2343,zelugesrannpaplesetziaapraenrrafretlamoc,2025-03-22 05:00:00,enterra;repara;pluga;etnia;
2345,oargchrvbliucoiasasoiariromaemstogdulmor,2025-03-23 05:00:00,sortira;miados;choco;rogos;
2347,peisllctoeliaaoomermtrprshaptaajlopaJora,2025-03-24 05:00:00,repelis;capoto;pampa;latas;
2349,uanetavesrdiobroanccnaplaaruadnxcrjouloe,2025-03-25 05:00:00,explora;ornara;junco;urnas;
2351,ocrsbtuxeRoadrapatlngnlrbnosidoegaofvecv,2025-03-26 05:00:00,decolar;Rabano;vinga;ronda;
2353,pdoaacaoicoxgihcraopaasrltoiremoaveadadr,2025-03-27 05:00:00,rodeada;chamar;coaxo;lavei;
2355,raramnoaadoruidmpioucbatuelsoasosnhasfis,2025-03-28 05:00:00,tossias;senhas;urram;cindo;
2357,olrmgpatfgauoavisrrdssrxaciamoeeercoecrb,2025-03-29 05:00:00,exercem;logram;ricas;rugas;
2359,ooprsupoliovajtfuncouvposddidabaoaoasumi,2025-03-30 05:00:00,cindias;sujava;usado;dubia;
2361,taettnnarbtneianacompsdoaevdicadsnirotes,2025-03-31 05:00:00,abraces;nasces;tenta;etipe;
2363,gacnircuuesacenoocusuurhofoumaiofriclaes,2025-04-01 05:00:00,suariam;cunhou;rouco;ficou;
2365,dollideiPoiqrcursaifuqsidoleuenexingdsat,2025-04-02 05:00:00,liquens;eduque;ateis;feios;
2367,alorsntaerfsaetdatppsotuodfaateotjegnajg,2025-04-03 05:00:00,atentos;florea;papar;tanga;
2369,scaordLeumdonentpacmaaaaeadesgbfplpaiSos,2025-04-04 05:00:00,Leandro;padeca;musca;papel;
2371,auampviagsoduvnoeterzoibadiecceiaBartnac,2025-04-05 05:00:00,pudeste;aguamo;caibo;adira;
2373,botvvimmfreaacarmcansuecisseoljoaludtasa,2025-04-06 05:00:00,marejas;miasse;aludo;touca;
2375,sudclaajilbjaaliaieitoaeecoaaidndsrnbuvo,2025-04-07 05:00:00,desonra;baiano;dubla;jeito;
2377,dadrogrgdnliaaeeeaNmraoriioaircpumvarrcs,2025-04-08 05:00:00,criaram;gearia;andei;ladro;
2379,emaAlarpelsbaotaloebbbuneaoeeamamSinrosn,2025-04-09 05:00:00,atuamos;bereba;bolar;Sonia;
2381,iivaavaovlsverMcreminiaaaigraocntrtifdac,2025-04-10 05:00:00,cacoava;livres;mitra;venia;
2383,mnvtsoeiaiaeessvoaltuteivanltlaaasaaaiod,2025-04-11 05:00:00,vaiavas;visoes;antes;telao;
2385,riontdmrsipaoueevoagmcgvualaouoartructiz,2025-04-12 05:00:00,pontudo;louvar;vazio;regem;
2387,rassvacleiovomnagssaiamearubmtrxipioraon,2025-04-13 05:00:00,exortam;aclame;sovam;supra;
2389,elcrugeiluahmpnrulubatsSRsavaierUsarrcsu,2025-04-14 05:00:00,criavas;chupam;inter;ulula;
2391,oracriebcaroucmupsnhneaaeaamtnlpcotojemq,2025-04-15 05:00:00,aplanem;bueiro;sanar;totem;
2393,jueialpcfmdampahrijmbsorrnevoaidnaitbacr,2025-04-16 05:00:00,finjamo;judiem;chora;ampla;
2395,oavpiochgvoeasatnnidegioeiraturttxlepboc,2025-04-17 05:00:00,extingo;perdes;pagai;turco;
2397,plevarogafoneviapresgeluouimsigzdsmmepla,2025-04-18 05:00:00,plagies;aflore;neves;geiem;
2399,ganioepldoraedmoiaeassocpevivuariecsmosu,2025-04-19 05:00:00,peidava;complo;roeis;movas;
2401,tmeaparaeimorauigrtocrsragdErufaiguoppas,2025-04-20 05:00:00,fruiras;aparar;apuro;Edgar;
2403,mvrppaegrosmrxpreoaasiaffspirorpeciateoa,2025-04-21 05:00:00,atraiam;pretos;prosa;formo;
2405,iiatulipesapsmoagneoasrmosfcanerlaasocif,2025-04-22 05:00:00,piarmos;refina;sacas;lutai;
2407,dnoitracecumieaehapoussacfpedamiuasnaels,2025-04-23 05:00:00,chapeus;imites;ceais;fucas;
2409,srrbepEmaoenamrehcrrfnidceraeupofaedccid,2025-04-24 05:00:00,ferrara;cupido;fecha;penam;
2411,otbuaialtreinucaeaoizjmsrmbcsaeuaulveriv,2025-04-25 05:00:00,broteis;ceares;lacam;jazia;
2413,bacSsmegemsoaelataboafioortanaemaaacirsn,2025-04-26 05:00:00,catarao;abanas;afiem;iremo;
2415,aroiupicafagrafhticnunaoernsijrcbrpuaiso,2025-04-27 05:00:00,brincai;aforai;choco;pifar;
2417,pansnlemteidevernoptrerisicaddoaoamohlom,2025-04-28 05:00:00,contens;elevem;simao;domar;
2419,doacotpsedoossuavonpoairicalmivfaduitnea,2025-04-29 05:00:00,acidula;intima;tusso;pondo;
2421,gfoetagsoaciguapmxcmleaielaoatnigozaveip,2025-04-30 05:00:00,gozavam;excita;fogao;cegue;
2423,ittaisiaabsaeitxaitdmosimuiroipnvocseiga,2025-05-01 05:00:00,situamo;cromas;pieis;xinga;
2425,atlescalsistatiatoedouaourlborditaezilrt,2025-05-02 05:00:00,libelos;catado;teses;truta;
2427,macatusvripiaaoeooepscldumarataalsacczea,2025-05-03 05:00:00,sacodes;pousar;cremo;ataca;
2429,evamfcroamivaudeorslsnarOpaauauratcpaiva,2025-05-04 05:00:00,aparamo;ruivas;acude;vivam;
2431,fooroocinpdsfunfriaoaiesdcxncsalricaaafv,2025-05-05 05:00:00,caprino;fincou;rixas;canaa;
2433,xivagisreifuadnattrotocaaeescturrpfretaf,2025-05-06 05:00:00,titeres;adocou;fucar;anote;
2435,vsuaresoaemjjirfrcsroaaanacameltujiaigno,2025-05-07 05:00:00,caverna;algema;sejam;caias;
2437,naroelmeritsaoixumpcmcraiuatairiRolrrpma,2025-05-08 05:00:00,ruminar;elixem;prima;tosca;
2439,fooxanmautebmiurdeusaitespiexfbdgasureun,2025-05-09 05:00:00,ruminam;afixei;usais;bunde;
2441,osufatgicuenlveoeoasiaiassnenmdtegcusiam,2025-05-10 05:00:00,aviltei;asseou;ouses;ufane;
2443,gareasemrirrcjeaasaofetstaafadndrcneluai,2025-05-11 05:00:00,unidade;forcas;saira;canaa;
2445,ceggrampoeiluroiliazerabgseiaulmauodjesa,2025-05-12 05:00:00,elabora;impora;coege;ligue;
2447,retasnmpsntsaedeapoilimpcagprlaiberirasc,2025-05-13 05:00:00,impedem;ternas;riras;caber;
2449,apugaaaoceelohnxomvovcaizlocaerdidvsnula,2025-05-14 05:00:00,evoluem;oxidar;incha;apega;
2451,smreiutacalfrauaradsarvimcuaptaboexucipo,2025-05-15 05:00:00,autuara;marcam;obvia;salda;
2453,ematoareitpajgapziaubcaeifrrasonfeprasob,2025-05-16 05:00:00,acossar;perfiz;bujao;pagar;
2455,rpposargevarsmgeseqepganlausntasovoierod,2025-05-17 05:00:00,eslavos;esmaga;sopra;preve;
2457,csaaredsTetidroatiusednnbeueiuicasrcmsia,2025-05-18 05:00:00,sorride;cindis;cursa;dista;
2459,hafdriaaciiotndtdbaamsoiourvaleasjiataxl,2025-05-19 05:00:00,uivaram;idiota;torna;atlas;
2461,aesscsoaliuaonpmvromzeieeavacafrlslsorum,2025-05-20 05:00:00,lesivas;perfez;salvo;casos;
2463,nerdgmpaouoaoacrjmlrinbeaofaiuaarasuprma,2025-05-21 05:00:00,solaria;punira;parea;dogma;
2465,gnveiljbieoceioaecruxuimirhiurfugsogielc,2025-05-22 05:00:00,choreis;exijam;geriu;fluiu;
2467,Rtalessoustabvasldeitplaajuaaelaujbopdnt,2025-05-23 05:00:00,lutaste;jujuba;salve;baita;
2469,ertesacodnevrinaaivharttocaxoneaudeluton,2025-05-24 05:00:00,contate;rentes;anoto;exara;
2471,luilxemcatmemmvauaiucaoxeorfsmieirveoldn,2025-05-25 05:00:00,movamos;ultima;mexem;frevo;
2473,atamelaigmaucscbniararstpnvregauesomvbat,2025-05-26 05:00:00,sorvera;mescla;movam;pinga;
2475,tercauaizouiredccadconusanesoslepVimnsde,2025-05-27 05:00:00,elucide;desuso;Viena;acudi;
2477,ararmaiecoiptomeeniadcarorseopuoubdprdsl,2025-05-28 05:00:00,procura;bordei;rapta;modas;
2479,lahdasmuecmacaesnruolpoieddimppoateurass,2025-05-29 05:00:00,oprimas;clamei;chale;doada;
2481,sicadssarcsetisoiraulaacefgautaormavaimc,2025-05-30 05:00:00,avultas;cosais;criem;afaga;
2483,adioEielumintmiicelioaadhfasvpisoptahnea,2025-05-31 05:00:00,intimei;flecho;lidas;pinha;
2485,csacioueoihplunsrcavfiaanutdeloiteosther,2025-06-01 05:00:00,testado;pichai;funil;tenro;
2487,aelobobslzoitctosuoaorhetaneuamaaobxifra,2025-06-02 05:00:00,obstruo;chamar;bonus;afixe;
2489,aazasmotuorduedeszifbniceuooamteioAabaap,2025-06-03 05:00:00,desdize;minemo;afoba;bufou;
2491,arsanoaesacosbdgorismeorlareosassadnspom,2025-06-04 05:00:00,sacaras;pasmos;sonde;gabem;
2493,edaiatalibiapreeocmorosiaimetpaivvutilav,2025-06-05 05:00:00,prometo;mutila;viuva;bicai;
2495,lclxoriEhueAnaisgeretecavimuoaodajarmssi,2025-06-06 05:00:00,gerente;caiais;Alceu;dosam;
2497,vascchieaofrlajssniememadamaibaoieopsapr,2025-06-07 05:00:00,almejei;medias;aferi;bispo;
2499,poreseinvalidmeraaseedavnumsudsicesplgaa,2025-06-08 05:00:00,polires;usavam;nesse;duele;
2501,mcabedniropiaiaaeiearasrsfvslcpugoinoeia,2025-06-09 05:00:00,copieis;usaria;valei;apura;
2503,trnoseiaguaaumldfragspaoiiisoclbetoesavu,2025-06-10 05:00:00,badalei;fieira;agito;turno;
2505,assiesepichadieoseiaooglcbunrtaragsaieem,2025-06-11 05:00:00,anuieis;elogie;pesei;cassa;
2507,vagcibaaeaadarejvilovfsaodearamcaspurasu,2025-06-12 05:00:00,depurar;muscas;acabe;vagai;
2509,dereabudtsajnlcalcifhidaiutnovsccasioaie,2025-06-13 05:00:00,cadinho;fareja;visao;lucas;
2511,jrfcsaasuoeugvdecletneosrtrappmofuuraapp,2025-06-14 05:00:00,desovas;fungas;rapem;furte;
2513,estrasoexaaaglizenfirxsnpaxaevoageansnzc,2025-06-15 05:00:00,zanzeis;sagrar;anexo;sanea;
2515,ucococirvrosrsenaaneoevubimhmerrpanaroco,2025-06-16 05:00:00,aninhem;abarco;reuni;corro;
2517,lcaigiuncaisnrsneruoabrearrraoaudovisnpi,2025-06-17 05:00:00,ensinou;urbana;erica;urgis;
2519,iasmmfoeieriootoaloacrrabadmiaaidinasnru,2025-06-18 05:00:00,ansiamo;bailei;nadai;corai;
2521,frseosaaeplfcrliiavavibjenaocsauitsbaaso,2025-06-19 05:00:00,planava;forces;freie;socas;
2523,niaeoccgutlbstauicuranioafecdrmrrcaoamic,2025-06-20 05:00:00,furando;macaca;micro;intui;
2525,rpoccsaaoxdieapapesssoplmoadarbmessiosaa,2025-06-21 05:00:00,podemos;saidos;assis;ambar;
2527,mrteosamaialoajrcmhMrtoaisalieioteensacp,2025-06-22 05:00:00,olharam;copias;elite;nasci;
2529,reumodacodhratlreepmnoeaiotaatdorsroeima,2025-06-23 05:00:00,roteiro;herdei;adota;teimo;
2531,aopissaccgobtoopiexsravieioaamfeiobvtaro,2025-06-24 05:00:00,formata;boxeio;boiei;gosta;
2533,ancridaotiemaomsaiarrileianlcaiavmuxerst,2025-06-25 05:00:00,exclama;imolei;munia;atine;
2535,lpsiasrueamsevhcsbeureciaepomfvlbcotaret,2025-06-26 05:00:00,optarmo;fresai;cabes;ursas;
2537,vcmartfoauderalgetdvziuecmtundeasobetoni,2025-06-27 05:00:00,catemos;bundei;zerar;anote;
2539,leisapmnuceirriasoisradmoacamaeotlcodgsa,2025-06-28 05:00:00,calcais;minada;ceies;tosou;
2541,iumemdatcmsseroriaaebutogtnaciaesiiabdca,2025-06-29 05:00:00,abdicai;trotea;imita;acuse;
2543,dcasfaniomaucssaitomrterfupaodadgitadiop,2025-06-30 05:00:00,assedia;tapamo;tardo;otima;
2545,avbtiecmiiomrxuoarouloiariaoderpcavajlrb,2025-07-01 05:00:00,proximo;viario;brejo;obvia;
2547,avdadurbacieareendardisqvaororueJanvieiv,2025-07-02 05:00:00,ornando;seriar;virei;cavia;
2549,matromodcerafracodremosgctrotaneioagflie,2025-07-03 05:00:00,decotar;remata;garoa;fogao;
2551,ofuYuemmsromfcseeruemloakdgareudescermos,2025-07-04 05:00:00,regermo;murros;sudao;fucem;
2553,rlvgvazueaaiasolosrsaimarruarfuaglodtecr,2025-07-05 05:00:00,grudara;terias;curam;azula;
2555,sonmaucericisrzsaompoamulpzhesiaulucrgar,2025-07-06 05:00:00,ironias;compos;chega;cruze;
2557,ruosobanpaasurcibdiiiaerounubxvujcjlfeaz,2025-07-07 05:00:00,bojudas;cravei;nabos;fluis;
2559,viuufouamallaxpctdagelooenadmpesmdetoaos,2025-07-08 05:00:00,amplexo;aposse;posso;metam;
2561,gsedfucsozlmeraoaisomnimpeaciacaatorovas,2025-07-09 05:00:00,demoles;cavoco;gozem;frios;
2563,rmassieciievumxofsgfacolseaevlaldirrriem,2025-07-10 05:00:00,livrais;cavais;eximo;colam;
2565,boapnseoremceansimauordugaireifaihccolpt,2025-07-11 05:00:00,obrigai;penses;leram;ciume;
2567,aledbjmunfbaotarteisemshoassituatstefror,2025-07-12 05:00:00,tosteis;blefei;fruto;antas;
2569,doaaivrmtsuvrnjoeidmauctasnsbajuGluosamo,2025-07-13 05:00:00,amassam;doaste;bonus;vinca;
2571,sdacaxasoacloacilraaurxcebipouvmmraspdee,2025-07-14 05:00:00,embasou;ciscar;devem;coaxa;
2573,mreomeiaaapaccasrneiapaeoaosncottjurodin,2025-07-15 05:00:00,corujao;pontas;ansia;opera;
2575,iraimeeonprstmpuumensnesadeaeselpomlcexp,2025-07-16 05:00:00,expelem;apenem;cales;supoe;
2577,maooraapgvraedrpeEminieacadotsdfmgsaenen,2025-07-17 05:00:00,cegarmo;fendei;Edite;nesta;
2579,hdnediapicocotbmsiaesesiemvrtteEifinsaol,2025-07-18 05:00:00,enchido;servia;abste;cotam;
2581,iloaaanntfexqdveddhfiuoonotaIigsieesaron,2025-07-19 05:00:00,hasteei;ignora;venda;donde;
2583,edjampmssieiootasltdEsogioevsaerpraoitem,2025-07-20 05:00:00,previos;remeta;Esopo;lides;
2585,otadocqeembmauumezeocsivgaireistgagrlixe,2025-07-21 05:00:00,emergir;mocada;quite;oucas;
2587,epbationivvagisieaafnanctoinsoaAarficxle,2025-07-22 05:00:00,abatias;ionica;vagai;ateve;
2589,smvaouiraorpncerfhriunsvalauaqlaralzlouS,2025-07-23 05:00:00,resvalo;pincou;azula;sorva;
2591,afastnesrmuteoecrofujfnuieoezeasmrdradcn,2025-07-24 05:00:00,deforme;enfeza;dance;cento;
2593,mcdvareraoesabiatveipafdnoasiaamnilatlic,2025-07-25 05:00:00,invocam;abeira;valsa;taipa;
2595,itneramueaosrismrpntsenceojecpuahaagigfi,2025-07-26 05:00:00,punisse;mascai;cerra;ponte;
2597,bnimaratsxelusgsabocesbildralomliureluuc,2025-07-27 05:00:00,cumules;sagram;cardo;ablui;
2599,iaviloctsojiaobigojbejadglsmuesreeaeraja,2025-07-28 05:00:00,alijais;coaras;geles;beijo;
2601,inauedcuuglotaidsudocesembersddnacirefaa,2025-07-29 05:00:00,ferreos;inalou;educa;bicam;
2603,eovszervncamarfeseitaiactsopatafaaisrsea,2025-07-30 05:00:00,afastai;nestas;oitao;rezas;
2605,mosrivusrexhiaettvehanfourcocmopanetcaes,2025-07-31 05:00:00,vexemos;fausto;turne;china;
2607,saiperetMvdgailhseagueaaonhDacvavpiemara,2025-08-01 05:00:00,hipnose;alheie;David;aguce;
2609,huecAasacosolugeouchdsgrrucamoiaboblaadp,2025-08-02 05:00:00,saudoso;agrego;Alceu;bucal;
2611,msaiaaxpaeergirelcoeoovaaurltebefSoansar,2025-08-03 05:00:00,exagero;retens;faces;vario;
2613,rsaegslloorssiaalsxacutjoeceruuivarotneb,2025-08-04 05:00:00,xerocas;rutila;recua;seras;
2615,mafirvpiacceaeueajodnfltiblaettiaadimaor,2025-08-05 05:00:00,pendera;cobaia;amada;futil;
2617,caocroxaiemmenilasrpaetfcriulpaeatoubmmr,2025-08-06 05:00:00,empurra;comeis;pleno;fitam;
2619,egrearetmouppcieodaecoeimerulansromtaxeo,2025-08-07 05:00:00,tucanos;perdoe;exalo;aurea;
2621,eldargeartopaildumrosaracdatusripenursum,2025-08-08 05:00:00,pousais;alegar;untam;curto;
2623,cilmmsalaoeaeohfmirAxeauoarsirrpneegclub,2025-08-09 05:00:00,oneramo;falhar;bulis;gerir;
2625,frsonsacvoilouoxuevivandmadaadnapitomabi,2025-08-10 05:00:00,sondava;mandai;frios;umida;
2627,apfurlrptolaaaouvlddsosruoitucjebzeloate,2025-08-11 05:00:00,acusara;bulido;aflua;ejeta;
2629,mrsncpmrgtatoeoouoveesdpfammeoitdiaolmoa,2025-08-12 05:00:00,constou;gravem;esimo;amole;
2631,soagehaoadrascvmstaoEigoetzraddatvaecuar,2025-08-13 05:00:00,testada;chegar;visao;Edgar;
2633,ldrauamrivrggmtemuaaaanusqobsrrjeemcicha,2025-08-14 05:00:00,esquiva;dragar;mamar;bicha;
2635,toobereaiagiericlmijrrospavameojucderisa,2025-08-15 05:00:00,joeirar;deviam;errem;risca;
2637,unaiupieilafsexearlcaomaeaifcmdsfrceoies,2025-08-16 05:00:00,calunia;expies;macom;assei;
2639,csiissapasmmgarievoaloneaasivarshcsfbnoa,2025-08-17 05:00:00,omissao;sismas;silvo;noras;
2641,bhfretevoeareecectrvnirzsoslasumotapatvo,2025-08-18 05:00:00,tenista;boteco;cruze;haver;
2643,eterlouenoseopsodeassbrmbpmezesvooitodai,2025-08-19 05:00:00,assolou;sopres;teimo;boers;
2645,pltssdluacaaoeelarncamscaeujmaosnaBerome,2025-08-20 05:00:00,comesse;aplane;araca;dosas;
2647,fcoisoevaordatcrqueasmeraumouraobhlilpem,2025-08-21 05:00:00,baqueou;acorda;retos;orcem;
2649,imoieodilsnerergasorceisomaasmcatrpegare,2025-08-22 05:00:00,doereis;assoma;girem;reino;
2651,tdcvtamvoaioligamajrsoaimumbaersafaboieu,2025-08-23 05:00:00,reagiam;voltai;mujam;domai;
2653,ocerstpOrmliliuiidaroacdacemosaoacsooJev,2025-08-24 05:00:00,cacemos;cupido;morda;alcei;
2655,petgilojopsomguamrcatialuevieioubarcsmgr,2025-08-25 05:00:00,sitiemo;crermo;urgia;julgo;
2657,oavbanlureahoriaicclpvaroaarigeermmaapis,2025-08-26 05:00:00,orlares;chavea;morai;baniu;
2659,rirbanocreicorsiasgadetselomaobdsarireor,2025-08-27 05:00:00,desisto;armais;nobre;orles;
2661,vrmopsezaimauesarrrichiaeotsemcmcseesppe,2025-08-28 05:00:00,mimasse;peites;mirar;corre;
2663,temcengssahmxacatteamnrelosrizvcoubaogif,2025-08-29 05:00:00,enxames;verniz;manca;bolou;
2665,apaiaavrgtocmiaeisjeiruaarxmmqobereaocsm,2025-08-30 05:00:00,rareamo;mosque;raiva;tosai;
2667,oanoavnsujsumteoredaramsdmfsoxeaaemoigan,2025-08-31 05:00:00,marasmo;anexos;senos;fedeu;
2669,eigatroccaeefatsvignacaiiaacsurtnNtaorpf,2025-09-01 05:00:00,trafega;fritas;ataca;vicie;
2671,sagitbaromooseorsieapsrasrreidlaiastslfi,2025-09-02 05:00:00,sairemo;agites;barro;diste;
2673,voamocoesirametcslopraoooetaislemetlivrc,2025-09-03 05:00:00,soltais;relato;mario;voais;
2675,oolacvaosmpblimieiaxaoiglseervufeaccbapr,2025-09-04 05:00:00,vigiamo;escale;baila;iamos;
2677,stiinunsiarercchdubseaaaenjtaecrsmoundde,2025-09-05 05:00:00,bundemo;careca;junte;sitie;
2679,aopaleaepmmuopdmnaretdiaaaeratemtmvoeeic,2025-09-06 05:00:00,meditei;rapamo;trevo;edita;
2681,inmaampaagnctniigdaseRotureaossuaidcobuo,2025-09-07 05:00:00,acossou;cantes;impio;guiar;
2683,enopnamoesbuoerbvacetscbcedemoocguaumasf,2025-09-08 05:00:00,umedece;ombrea;tosco;masco;
2685,uaoloainamtrivaueofceizfcsazfaracapursot,2025-09-09 05:00:00,faceiro;ceamos;zunia;capuz;
2687,rxfarmicagiasfocapmeacarptlettsmesscrieb,2025-09-10 05:00:00,crestes;safras;micro;afixa;
2689,iovirafdtiiooavadtbrdpuxeeooaZbarcmosmia,2025-09-11 05:00:00,obtemos;Zambia;edito;orado;
2691,vrrrufjaiuoatuaodzjecnsjuighmteadaoadrac,2025-09-12 05:00:00,chameja;gaudio;zurro;trufa;
2693,alrarnfaldsijufzaomromjezedmioasocsrpmdz,2025-09-13 05:00:00,cozemos;primor;fazes;fujir;
2695,imebedaovguaacfardpaepmlooirucoisormatui,2025-09-14 05:00:00,tumidos;impeca;abade;louca;
2697,aumierrrsssnnmoelarneoecuPgimgeufgarerbb,2025-09-15 05:00:00,assumis;recuem;Praga;onero;
2699,tnexofmvratarheafomnnnlsendmiatomeoofoas,2025-09-16 05:00:00,ofendem;falhem;vasto;finta;
2701,adspriteoaiarxertoucposoecoeeadvamalnrue,2025-09-17 05:00:00,extirpa;sadico;eroda;repos;
2703,onseremiiaosinmrotomaudauiieonggvterrfub,2025-09-18 05:00:00,titanio;gnomos;serem;duais;
2705,sigsienaaarfuovladoirgparmsspoamaaercsdo,2025-09-19 05:00:00,fisgada;aplane;amara;gorou;
2707,orricaocjmacssevfaimnmonlnhgievueisefrle,2025-09-20 05:00:00,majoram;nuvens;infle;criar;
2709,tremdoavanuucialaigjabtsaouemasvbrefuqen,2025-09-21 05:00:00,fumegue;bicudo;baiao;nesta;
2711,ipnMsfddieeouraoasesdcnolsuiluimirimotar,2025-09-22 05:00:00,diluimo;furado;ruimo;pisei;
2713,acrcdtpmmeouoiaepxacurntorcmjamociariahl,2025-09-23 05:00:00,xerocou;acudir;molha;campo;
2715,ixeicnALepaodbericpedvmaehsauarajaisgorn,2025-09-24 05:00:00,ornaram;peides;Abner;sugai;
2717,arirmosvalxaseecditduloocunmreirainedaex,2025-09-25 05:00:00,ilusoes;xeroco;acuda;lixar;
2719,eodmiisostoamncarositstimuvhonemcanesplo,2025-09-26 05:00:00,minimos;omitas;tosco;pleno;
2721,daecrjmalmzlaechmoootaoaoreecarfpfsomlos,2025-09-27 05:00:00,chameja;catemo;molda;foros;
2723,aolosealreniBrdtcsnandaiatocogandlaeclsm,2025-09-28 05:00:00,eclogas;aderna;nines;rolos;
2725,ifgrtberuudaiemorgmsxermiesoodaalatpfsrg,2025-09-29 05:00:00,mexeras;fugias;ibero;optem;
2727,poguariguiimglaavrocesrmgnemutejmespifap,2025-09-30 05:00:00,ligaram;vigiou;tapes;penem;
2729,tnengngaoeauisaixesgtxrfangoiminabcasteo,2025-10-01 05:00:00,aguento;xingas;mitos;fraga;
2731,edoblotgvvemaresouioserzndscnpeppaodanaf,2025-10-02 05:00:00,visando;vedemo;bares;sonda;
2733,osjetmascmoboaemrazndoissoaauliaclpiexfr,2025-10-03 05:00:00,mesario;objeta;limas;fixei;
2735,otleepafpacmtredpaavrcmciloaaieuasvssocs,2025-10-04 05:00:00,padecei;tercas;sucos;calva;
2737,atfedvololosseuurjomaeriaciaiocucsiurevr,2025-10-05 05:00:00,evoluiu;cessam;cisca;fedeu;
2739,oaveniuttmntarnaicusdmoacoajovtegerasega,2025-10-06 05:00:00,aventas;unirmo;junco;soara;
2741,slasadubeusbdplaogrtniplainasefirumeovra,2025-10-07 05:00:00,pifarei;branda;sales;munes;
2743,fiacoemdsdlsoutooentaonLbuooluaebalirser,2025-10-08 05:00:00,adoenta;loteou;soemo;Lauro;
2745,vhaevhvlarnaabauaegcodisehuztaamsdctisov,2025-10-09 05:00:00,lusiada;charge;seduz;vamos;
2747,veaselutdaiiprrsvmlteeaaoihoissdparoimue,2025-10-10 05:00:00,oviparo;iteres;devam;usada;
2749,bquagldaouareotiaopxoosasadgmicdpnarbiev,2025-10-11 05:00:00,coibimo;legara;expos;andar;
2751,leccaavasalalrsladtarourcoluomporaroiecu,2025-10-12 05:00:00,pousava;aclaro;corar;lutas;
2753,gugitamoolaaarbaisrtisoddieeuaeporpsrgse,2025-10-13 05:00:00,presido;galgou;surge;atrai;
2755,aacIhocanrrqucruoaaiaohavogcdcammaraemum,2025-10-14 05:00:00,machuca;cacado;media;goram;
2757,ecouortdciiancienaagaasnorfrarbidaarexev,2025-10-15 05:00:00,agarrar;adorna;tirou;ecoai;
2759,ovorpeeosmiacntftestuocmiergemeofciotxge,2025-10-16 05:00:00,mugires;coegem;aceto;texto;
2761,jaolulsteohmraaabtcaurcxiisriomamnetadie,2025-10-17 05:00:00,marulho;traido;taxas;inibe;
2763,tumdabehasialelotepmmaemvsostraaaupraclb,2025-10-18 05:00:00,baleemo;mamara;talhe;rompi;
2765,riteoataacmrsjrscllavnposraanorciarteomu,2025-10-19 05:00:00,ralaras;lavram;trajo;cites;
2767,cilialrisoovbrmipnauoapoearsavucoesmedas,2025-10-20 05:00:00,rimavam;silvou;pousa;desse;
2769,prmitblaaubiusgrgamasmialgmopocaoeoarpil,2025-10-21 05:00:00,imporao;copiai;pumas;larga;
2771,nsobomgooagaroasedtesmguiapoaoimvamrrtxe,2025-10-22 05:00:00,garboso;exigua;nadei;porto;
2773,aasuegtgrmotmrrargoaeaeuialnvivsmpclapai,2025-10-23 05:00:00,calavam;amargo;piano;impar;
2775,rmpltietoaeupamencsrridfesoigrcapuocapeh,2025-10-24 05:00:00,emigrou;acirre;pulem;cessa;
2777,efbotoeeirebacrmonoxmutadaosaepremntirme,2025-10-25 05:00:00,retumbo;rondem;atona;exato;
2779,acmascammibatiiiurroidtsciaasefavocrboju,2025-10-26 05:00:00,acirrar;mascai;diabo;caies;
2781,aicaieuzrrontrcaatreeaemeccosmujmoexviad,2025-10-27 05:00:00,exortar;comece;viaje;incoe;
2783,tasergmisaeoaaumsecscelodzafjsmueferuaos,2025-10-28 05:00:00,lugares;refaze;mimou;selar;
2785,cpsoesvlaeugraoumtodnaorcriroeaouvessqgz,2025-10-29 05:00:00,sovarao;pseudo;gozar;senao;
2787,msciparitmuiesjeceatxagardutsdmoisopioec,2025-10-30 05:00:00,arejamo;custem;tatus;crido;
2789,gpoelasmuosrmtlvrmttaaaiorenseroagudebap,2025-10-31 05:00:00,abrasam;denega;orles;potro;
2791,aspobmoceovmgoesdxioaedanvujmoscisbcuerA,2025-11-01 05:00:00,jogamos;vindes;coemo;moeda;
2793,rcaruoefinoildaopadfaaejuimamtmrdrfesorb,2025-11-02 05:00:00,criando;durmas;falou;reajo;
2795,crtsospleeriBtamaoaamarspdsaiciieiarmlop,2025-11-03 05:00:00,receado;cismas;limar;raiam;
2797,semjomdimualitleuravfmarsarmavaamaccocim,2025-11-04 05:00:00,esmurra;cocara;filam;aviam;
2799,turomhlhebmoaecosogaudanJamsiprosldetomt,2025-11-05 05:00:00,betumai;saldes;porto;demos;
2801,taolgenhriporaddatasibuehxrmeosreveeetre,2025-11-06 05:00:00,extreme;agende;dures;traia;
2803,flietaosugsascnelerpatpeilveisaresetalec,2025-11-07 05:00:00,revelei;tantas;perca;espia;
2805,zutaavamlsmcaodeleobusnroevveaiqngosmgeu,2025-11-08 05:00:00,estacas;geando;longe;vovos;
2807,pmoephouoilaricfnraolqiuagseuitppmreiade,2025-11-09 05:00:00,deputai;impora;ficho;arque;
2809,icaresncaroladaptamitmrousasnegliepseisa,2025-11-10 05:00:00,espasmo;poreis;tinem;lagoa;
2811,cuspssoroaieirevecueocaiiipaleacntmeitab,2025-11-11 05:00:00,intimai;apelei;piore;sorvi;
2813,eosriatccniicemgnuasozoartoeamaceoprtesc,2025-11-12 05:00:00,encurto;pesamo;sorte;casca;
2815,ofiiinuaermtiqesiodceesleroamieeacsspsrz,2025-11-13 05:00:00,iniquas;acordo;casso;serze;
2817,fagzrnmEoaaoeapecdcrcaesoratutsbovplejae,2025-11-14 05:00:00,esparza;cagado;provo;catre;
2819,jorRoaripramdeloorsuegsleeazbhoadstevocz,2025-11-15 05:00:00,arredes;achego;loira;seduz;
2821,fgraprtoepoeaiotszaradieunaeadruvSauciof,2025-11-16 05:00:00,separai;Suzana;caiou;frite;
2823,ftersrucrdfuiuvvadloreiptatisepomelaleji,2025-11-17 05:00:00,florias;viuvei;trate;adeus;
2825,oarufsuodrafreigeriadmnaapraoaveamvdlsle,2025-11-18 05:00:00,firmara;arredo;evada;apara;
2827,maiaijmsortbstejellmaamurmzelurscevorpde,2025-11-19 05:00:00,tribais;evolua;rezem;prole;
2829,pisaroomuacsndarumrremeunaeeigaqribgsoli,2025-11-20 05:00:00,equador;uniram;pisca;berre;
2831,ccremrauraagodreurinzeournemurdnguagusai,2025-11-21 05:00:00,arcarem;urrado;rugam;cargo;
2833,ueadanaojdmnjmmnaaoeopuedrslmrzlpabieteu,2025-11-22 05:00:00,bradamo;manjes;ajuda;luzem;
2835,movissnraeesuatevdcclrdeoreageauniaillos,2025-11-23 05:00:00,eternas;sucede;lacra;inova;
2837,oraedtalmalrvoameeatsLfihsrziulalaoviodf,2025-11-24 05:00:00,alusivo;vertas;dotam;alhea;
2839,ebtuomeduscerasneomceamosaeiasrzsantsoaf,2025-11-25 05:00:00,escuras;demora;tecer;sanas;
2841,pderufeharieapnoorsteagrmtesaulalucracis,2025-11-26 05:00:00,enguica;pareis;termo;lucra;
2843,eraesolxbirsggiosoajantmeilmuaeirtaibmnt,2025-11-27 05:00:00,mentimo;tabuas;glose;xinga;
2845,umracosafnielsalsmagriigiohuvourpcivugeq,2025-11-28 05:00:00,munimos;grilar;ligas;picha;
2847,ucatifavscenaalsuitmianoaspiriuepansvolm,2025-11-29 05:00:00,empinas;cantis;fatia;menos;
2849,znircoaaiudalitmrosdresooceacalufexmisos,2025-11-30 05:00:00,excedas;zunira;atole;soais;
2851,tscouftsehcaofuigabrienerdaooblsrulrauii,2025-12-01 05:00:00,bolarao;forcou;bulis;beira;
2853,egssipvrddoaliaoomlopestasdsepadravmucat,2025-12-02 05:00:00,espumes;degola;livro;podas;
2855,rhomnfimueafiiexnsaoppbilitasatiupifrero,2025-12-03 05:00:00,exibira;reunia;fresa;pulsa;
2857,aocaormntdooaiuavidmltiserbuleeiiacgemtm,2025-12-04 05:00:00,cultura;gemeis;times;mocao;
2859,rmguscrvteaoeeoapsicicmroaseetaitaedtsnm,2025-12-05 05:00:00,amantes;desato;atice;apego;
2861,ucoccrloamaasaosrrpuqufsaaaateiarrsiveep,2025-12-06 05:00:00,assolas;aparar;cocam;forca;
2863,peiacotzaeazdooatproscvrfouvoaagofsileui,2025-12-07 05:00:00,cavalos;tapeei;zarpa;fofos;
2865,otslatgdniamosaloapmrsersetoaoapsinaodxu,2025-12-08 05:00:00,relatam;gasoso;entao;tampa;
2867,rpiogfesueslrialsspuivmaatuvarotdomaaiaa,2025-12-09 05:00:00,vaiavam;sustou;glose;ruira;
2869,ciiseuifaecariqaraliasrameemrrnuirtjuoss,2025-12-10 05:00:00,fiqueis;rosnar;retem;calam;
2871,rlfpapiliomaogecpaveunjtoarpsasoccoutcac,2025-12-11 05:00:00,superam;floria;ligou;jacas;
2873,vascdasilupauzrscmonofeiceieajdsaasrlora,2025-12-12 05:00:00,empoada;cuscuz;anelo;risse;
2875,atesemsrsioreoaouniodlocgtbeausubaommloh,2025-12-13 05:00:00,emerito;soldos;notes;louca;
2877,acrumrueleunazrmaiodalducrueisedemnmoabu,2025-12-14 05:00:00,madurei;duelas;roemo;lacem;
2879,aosuenadcctieoanaoczfsnogdneaisaaiisralb,2025-12-15 05:00:00,cotizas;ofendi;cisca;balir;
2881,ssuposoeeoigaielstfSrcvarepcoaiofomosrpe,2025-12-16 05:00:00,sevicio;cometi;orgao;arpoe;
2883,pgluiponoajasxtacduteporiavmolovueeosvui,2025-12-17 05:00:00,explora;evadiu;julga;ponto;
2885,rudepoanfoauoDeirlstrgalluserraiobicmetd,2025-12-18 05:00:00,depures;aterra;furos;rublo;
2887,ifbaamacmlttegtaehauslascuoepcusmuivorim,2025-12-19 05:00:00,flechou;musico;salga;uives;
2889,onixnaiaaljucsngzoiaaeojmsdzcsuacbafuior,2025-12-20 05:00:00,juncada;acesos;zomba;ansia;
2891,mviomaxioebsmafoedaiahltdrcruieadnivtmvo,2025-12-21 05:00:00,obviemo;vincar;afixo;miras;
2893,uefenbomnsedrdatcpioaeufejurouxisjamrteu,2025-12-22 05:00:00,jejuamo;desune;batom;fende;
2895,liriuerostaorldmiirmeancmesgeoanmetsvota,2025-12-23 05:00:00,mordera;sitiar;mesmo;lirio;
2897,csdnardueeaioloedabmvdasaxereaiaegotmolt,2025-12-24 05:00:00,vibremo;alisou;salde;donde;
2899,epcrojeopmasstaviieehscsrrnalcaevauoaesd,2025-12-25 05:00:00,mirares;calhau;cases;estao;
2901,dgoofrnfaorveaadapacraesasrtaiptpiadoacu,2025-12-26 05:00:00,arcaica;revoga;dotas;andes;
2903,arafaelsipcigoriesboseoearaemcmsovfidasi,2025-12-27 05:00:00,assomem;goreis;cosia;fibra;
2905,mfaienevarrdcsaiudeafruueeijgoagfuisinse,2025-12-28 05:00:00,adireis;seguia;arfou;jinga;
2907,aouelaavmcmojreueinlifotroaeomoalpdosgid,2025-12-29 05:00:00,alojemo;refogo;varou;selim;
2909,unudeoiaejpeztrsjuaclnobanraramziabsamsa,2025-12-30 05:00:00,pecaras;sobrio;jejua;nudez;
2911,maalMbdoescbaamotomrircoiataembuhpaoimeo,2025-12-31 05:00:00,amoites;lacrem;domou;Marco;
2913,pposavieaiuromtlertufmbasdiviepirosursso,2026-01-01 05:00:00,fervido;paires;teima;outro;
2915,eolollosrsresiemrntrqouaeaarupnsogaaieai,2026-01-02 05:00:00,quartel;pousai;ileso;serra;
2917,eotafoicprffrslaiaamsecoeitasamvshAsieoc,2026-01-03 05:00:00,fatoram;hesita;afros;rolem;
2919,sascrvtrponeisammdbmsrgcoeuoseioimjfnvmd,2026-01-04 05:00:00,esnobem;crivam;migre;docas;
2921,rvcaboriataaoaosmorouhrvpsupnoagaacsisbe,2026-01-05 05:00:00,suporto;sonhou;acabo;pasma;
2923,otajazeloucbeehiiimarxmllmuruopoElootbal,2026-01-06 05:00:00,acumulo;expomo;bruto;jazei;
2925,agoaarigurrmmaieecesmorgiarotesussdaouas,2026-01-07 05:00:00,romaria;acueis;russa;geiam;
2927,eopltesscesasovalsramajeauisgteloraxarco,2026-01-08 05:00:00,coseram;reajas;aulas;taxis;
2929,itafrudueofoogasdsidufvradanaealacbomsem,2026-01-09 05:00:00,afinada;grudar;dosei;laves;
2931,diuzalacnicuteborabznirrocpaamltprntdaae,2026-01-10 05:00:00,correta;bancar;zunam;alada;
2933,reltadnommeraueboeegqomjriflvmcazmbueozz,2026-01-11 05:00:00,refluem;quedar;lermo;gemei;
2935,vdsoboesoiiareirraextuopurpipomdsunbabae,2026-01-12 05:00:00,embotei;baixei;podam;apura;
2937,eeaiRouacdbarmbsrasamericaeburajilnvamui,2026-01-13 05:00:00,arribas;amaria;Romeu;nevam;
2939,sovslefsaaaiEilabbrrvociougameoadorrecsp,2026-01-14 05:00:00,volicao;sabugo;safei;Elias;
2941,uorfaaracnuadsegamercoraopluartppntedudo,2026-01-15 05:00:00,pontuda;orarem;regra;safra;
2943,adaetbovntiregempuosucisrnrigadpideNautu,2026-01-16 05:00:00,disputa;urinei;trota;andai;
2945,edraomeoaidamgarlunsdiomoaaeiabectsgverd,2026-01-17 05:00:00,ladeira;breves;regio;demao;
2947,ntoiulanoeadacfamvaivscoaiapahnivrtaaocs,2026-01-18 05:00:00,achavas;fluido;incho;adote;
2949,dselImorotaguratimojirfaaaaeoalvrglgucoa,2026-01-19 05:00:00,fruirmo;alcova;jogam;raios;
2951,toceitmolvluufeaioafosfratdrinhoioaarlac,2026-01-20 05:00:00,insuflo;freamo;atara;calho;
2953,nonazercpsnzvlsaadeinaobrpfcadadomebavre,2026-01-21 05:00:00,ladrava;zanzes;versa;banca;
2955,Rinevammsoouseaoaepsptcaciroecneauedolar,2026-01-22 05:00:00,perdoei;estamo;pesou;cante;
2957,rfinldiaesaeanlvmetnaamtfoosdioerasdasod,2026-01-23 05:00:00,tomadas;lentas;afros;faina;
2959,uzeatosalapareiruinittaprucumerfcaarouao,2026-01-24 05:00:00,acucaro;partiu;frete;urina;
2961,aseveiaoshivsrrlfoaioseeardaabiaacsopies,2026-01-25 05:00:00,assobie;lereis;forca;verao;
2963,xlsenonaeicicpgamrupautoaiLselicapuslrga,2026-01-26 05:00:00,anaguas;pinces;paira;lixem;
2965,ofasodanctbianaiaulualsvuetapeeogroirinv,2026-01-27 05:00:00,cultuai;apitar;regua;elevo;
2967,abueroriafmamceCroelregoaoraoivnsdrcvgha,2026-01-28 05:00:00,cegonha;vigore;ralar;abafo;
2969,rinhreesvctoomsozoaspeugritanlamritropor,2026-01-29 05:00:00,plugamo;coator;vinho;ornem;
2971,agemeaalntertrarhbaiinhfaxbaixiciaoatemj,2026-01-30 05:00:00,rebaixo;abatem;mexia;itera;
2973,aufovicoziletareaartvlatredseoarvenmihcf,2026-01-31 05:00:00,rendera;fuzile;votai;farta;
2975,fodiuxiptasssaumrtioaietoaisaobralacroea,2026-02-01 05:00:00,imputei;oscila;reboa;acaro;
2977,ptsdsoefcraeasmbaocamairsbiomfoaiarrelgr,2026-02-02 05:00:00,formosa;febris;erica;cobro;
2979,evramuaearradtradoroaavgjoegsconasipaisd,2026-02-03 05:00:00,novatas;errada;apego;aurea;
2981,oroeMbbioinimacardpesvpuaeesnieosvcsaens,2026-02-04 05:00:00,devesse;pensou;caiba;espio;
2983,sonceuaissienqHaebaeaDoieranointorudmans,2026-02-05 05:00:00,esbarra;nenens;doiam;insto;
2985,ucgnpsmezdsieunhveumcsnazcgluegiiaeoclpt,2026-02-06 05:00:00,designe;cuscuz;punem;sulco;
2987,aaluiiurtsifceugouscngilugmooeotsabavaid,2026-02-07 05:00:00,conflui;somava;sugam;litio;
2989,tpobaralaraearovnahlcioarteorlrrticsmsaa,2026-02-08 05:00:00,escolha;rolara;tanta;tirar;
2991,clafnuadboiisardvlcnbtrbiioareueavmesmsp,2026-02-09 05:00:00,bolivia;turbes;surda;batem;
2993,imveuamguecnrvchrrtqatoaoaeuesnmlmismvsa,2026-02-10 05:00:00,cerquem;chovam;antas;lares;
2995,bedrogsfiasatavoncinnshcuertuqilsagiidaa,2026-02-11 05:00:00,liquida;chovas;sanar;trena;
2997,raaeoevphteuraxedlrsiesdnicslhulflupacbr,2026-02-12 05:00:00,trilhar;escusa;vexai;aureo;
2999,lordattiieapivaisarammsboecueledpolfaIbo,2026-02-13 05:00:00,sitiava;batida;blefa;roles;
3001,iarmidusamepatursmevargeoiairboaclocuela,2026-02-14 05:00:00,mapeais;remiam;violo;regro;
3003,fcsaciusoaaleszangnitggebrtcrifeemoatrbr,2026-02-15 05:00:00,sangrem;caieis;briga;refez;
3005,bdiapegdrasaarnucasvtloiiemooartvsnesgou,2026-02-16 05:00:00,radiava;passea;trino;grato;
3007,iplxlecopaeagerrocentarnorimhasaapmevana,2026-02-17 05:00:00,apinhem;pipoca;porem;narro;
3009,lpudrinaoaegsuenscssarraiaienbdememasquz,2026-02-18 05:00:00,semeiam;duplos;nanar;surge;
3011,indmramcftaaubiaMotpslasoaaeeprparuspexi,2026-02-19 05:00:00,explica;aspire;Mauro;limar;
3013,tivoxaLiaisimrlubadamoaaceArocfigcrallax,2026-02-20 05:00:00,caibais;alarmo;faixa;oxide;
3015,tacecromqarhnamuucitmishaelxcimsuiioetma,2026-02-21 05:00:00,cintilo;checam;assim;humor;
3017,ctreialGeapassnesdhdeamaipaiilvcuovexlap,2026-02-22 05:00:00,tapares;anelas;cavam;lixei;
3019,sorisrmoeoiapbocngtlbumrouufceeolijcaltn,2026-02-23 05:00:00,lembrou;enguli;futil;calce;
3021,acolaraJpiasneavitoaiaailglestudfouqaaoc,2026-02-24 05:00:00,adiaras;ataque;locai;apita;
3023,amsaszspnisojiueisnoaudvmartedarpoiotmna,2026-02-25 05:00:00,seduzis;mandao;torio;anima;
3025,vodumozilarnpabliezoeccaiatpsaartrpunuie,2026-02-26 05:00:00,pendura;nutria;campo;volei;
3027,moibriheiadeacodclosaipoicoodauRograissb,2026-02-27 05:00:00,ilogico;acidas;domai;bares;
3029,epnvolorraiovpuergrsamfaeaecoaltlfsoxefo,2026-02-28 05:00:00,flexoes;flagro;piano;polvo;
3031,ivcecdisdaudraraeocaeoreinacabneordduvag,2026-03-01 05:00:00,reboava;duvido;ornei;cauda;
3033,cepneigapasiclzemtasednfiabsueaencriosvr,2026-03-02 05:00:00,impecas;crises;refez;pince;
3035,emasmmevxclrolavoeaaeznoealeidusbbcofpet,2026-03-03 05:00:00,exclame;calara;nudez;pesou;
3037,atiaindeifevsocieseaoaivvmeocootaotcuasi,2026-03-04 05:00:00,fatiemo;evacuo;sacos;noivo;
3039,gojieargsAddslaocpeigalarepposbvrauniana,2026-03-05 05:00:00,pedidos;abanas;alago;logra;
3041,rducsexnatammeflesacitcatoevaoiotpimivdn,2026-03-06 05:00:00,flacido;escute;ardam;potes;
3043,aimairoarepcdclelgonaatsdeaeadneRotpmorf,2026-03-07 05:00:00,alocada;penado;impoe;dotem;
3045,ovuaseiaelrnelettelorpaciaiisacnretgcazi,2026-03-08 05:00:00,retirei;releia;cinza;anule;
3047,mvrasosimoafmaoveieziifconbraxenrbaapihc,2026-03-09 05:00:00,babarei;moramo;checo;roemo;
3049,rcmessovuoracudadiorihcimaetuaseolocozra,2026-03-10 05:00:00,zurremo;coleto;chiar;ruido;
3051,ermiarlaagisotmsgudosavuumaecrarraeuofig,2026-03-11 05:00:00,urgiras;salmao;migra;varou;
3053,reoanoxntusttimesatoaisegveemnixvolzoedb,2026-03-12 05:00:00,mintais;nomeie;oeste;suave;
3055,habesitgnubaceaeiotihroldejtdeciapeonadv,2026-03-13 05:00:00,vidente;locado;peida;itera;
3057,aBeruviaiiatfonlaenitlocmlotfehcfuadsiut,2026-03-14 05:00:00,volteis;colina;Bielo;furta;
3059,tprejmeirolatetrmiuospacluroofraagamsipo,2026-03-15 05:00:00,alumiou;captem;farei;ejeta;
3061,biosnaSambetdnutaenoadisleecavetiatPraar,2026-03-16 05:00:00,austera;encete;Santo;sobem;
3063,inepmlupsaaazalufasgilbicambtrerireeusza,2026-03-17 05:00:00,bulires;penais;erica;zagas;
3065,adlehpadmeaasnajtebcelisicvicaamaipflmov,2026-03-18 05:00:00,escalda;apanha;picai;vetem;
3067,azddemsuuiomooaaofapptcisimiiabaiadabclh,2026-03-19 05:00:00,difamai;calhai;souza;causa;
3069,reoefgflmitmuraamratsdvepeebatjlvrmeunea,2026-03-20 05:00:00,draguem;veleja;perto;atuem;
3071,jissraiaeolfatedoaheomagrcjcmtifbussagod,2026-03-21 05:00:00,alojeis;rateia;gamao;safem;
3073,rasaitgaulevunaitttjdasmorencoroaciomocf,2026-03-22 05:00:00,tetrico;encaro;agimo;terao;
3075,odldmaebseioisxrurrmspiuamoaurroajhcgnog,2026-03-23 05:00:00,expugno;majora;surra;missa;
3077,tsiloaalromtlrejiasihesigdseauepnemarscs,2026-03-24 05:00:00,escuras;selara;tolhi;ostra;
3079,rzetdeisaaopavravrdrnoosaoeosrnocfmetaft,2026-03-25 05:00:00,afronto;dotemo;rapte;feroz;
3081,eivnnmuddacaiejaoodjruzatmeaoergaeovirii,2026-03-26 05:00:00,adocado;menina;atemo;zerai;
3083,rfeaiuaaevrnnnlastopacoloaosaegzmdoubrla,2026-03-27 05:00:00,reverto;canina;algoz;graus;
3085,batauvaaeailerolroeiepepsusvveatlapianas,2026-03-28 05:00:00,alopata;repele;envia;reata;
3087,vaJsndmajraeouclueieveaonlosbtioapdrealm,2026-03-29 05:00:00,rebatei;vendou;jurai;posei;
3089,iuavanifdncgjralaieemacorbsafacocaosmcro,2026-03-30 05:00:00,fecunda;cabeis;macro;finja;
3091,qamzataojuorejtnaizuaasacsoacjvridoitona,2026-03-31 05:00:00,ajuizou;ranjas;idosa;tanto;
3093,ereovlvczsgrolocaiephtoanfsseaelelanmscu,2026-04-01 05:00:00,reservo;macula;colho;votes;
3095,soedanifhrgiiboralirateiucesihfozmexecai,2026-04-02 05:00:00,redigir;chefia;botai;mexei;
3097,tavaicaceihfaolapdodirtooeesabmemLrcdasa,2026-04-03 05:00:00,brocais;tomada;derem;ateio;
3099,damxoptodsejundiaauaeoomvscilmoiebortutr,2026-04-04 05:00:00,mentimo;rotula;trios;sujou;
3101,iitbalabolufroleasiascpxrticamjeaemrural,2026-04-05 05:00:00,expelam;aticai;futil;barco;
3103,fohcciulenaoaeziatrmabrecaecsusoortemiaf,2026-04-06 05:00:00,acharmo;sumias;etano;afore;
3105,ceporaldoausaoregiurbrlrahtucafarocacidu,2026-04-07 05:00:00,urtigao;bordel;cifra;rocha;
3107,sfvieeafuoblcjgzraeoetearpnusaljeseusdei,2026-04-08 05:00:00,esnobar;aleije;furos;suste;
3109,afcaoilearuchubseisnidsodjutoocaemerepvt,2026-04-09 05:00:00,rodinha;cristo;jurem;tacos;
3111,ucfurtaaurdaesimmaoaveolrpmiardgsortpsec,2026-04-10 05:00:00,importa;furada;ateve;curar;
3113,udsoadlcajtissuagabnchivaoeihlaiscnduagm,2026-04-11 05:00:00,migalha;visual;cisne;hindu;
3115,ftonsilaaioastivavaoooiszizmutbaulaierje,2026-04-12 05:00:00,obtemos;visito;fatia;alisa;
3117,rcevedoiatsfovexgopsaloorajgaadtfaornela,2026-04-13 05:00:00,anedota;traces;garfa;jogar;
3119,obcrahgjnorsacouruasnnhceeinasoapnogafmm,2026-04-14 05:00:00,goianas;macons;sanas;reuno;
3121,rootlfvemsxuoaaxsavbbnjieasomgioblbifopd,2026-04-15 05:00:00,dignava;pombos;balea;exijo;
3123,cgvetareleaosarraztadaetumuetufopalivmra,2026-04-16 05:00:00,ferrara;levita;gazua;vetas;
3125,raaouemsrospxooaxieiniOimamdectfdraisnar,2026-04-17 05:00:00,trancei;opinou;mixos;miara;
3127,ciusiaamatprpsnmqitomceuunveihuzeoufserf,2026-04-18 05:00:00,inovemo;supris;zunam;potes;
3129,sgprsznreoaiaeoesbocrvripoceooeicavmpfst,2026-04-19 05:00:00,renoves;oporia;gabes;tirei;
3131,duasviteuelctsdiaooesitmvlmeebotejizfvru,2026-04-20 05:00:00,locaste;visito;vezes;bruto;
3133,medrapfiocuaglocrgarbutsuausamoatgrifuis,2026-04-21 05:00:00,flagrar;arguis;educa;tumba;
3135,ulfvvagcsigefaiaaaadnsetnpelataeiuosmslb,2026-04-22 05:00:00,galopai;dateis;belas;fluis;
3137,leaupenorvgrtaraaecdeMcagjfedaslomzadchi,2026-04-23 05:00:00,deturpe;canora;refez;dadas;
3139,dresdentadumsiigogeiagullrzbivulapmuaras,2026-04-24 05:00:00,digiras;zumbiu;remis;serao;
3141,ascaedrisrobmuctibamghnoueprmesabfumsavi,2026-04-25 05:00:00,purguem;bufeis;visas;moras;
3143,satmhcorontseodlmisegcfueavosasjdlaetiab,2026-04-26 05:00:00,saldemo;sujais;vesgo;checo;
3145,fevaoemdarszdvarriseesatsrolntaotibuupsc,2026-04-27 05:00:00,ferrais;tribos;ratos;vozes;
3147,adtadeetnrofoirnatirtoejcvndiaoeeiaaetcn,2026-04-28 05:00:00,trotado;eivada;ateio;finta;
3149,miippievlegrsairdileajosezonftganrpavasc,2026-04-29 05:00:00,revisas;prediz;migre;nafta;
3151,vpeiavvueeesgidorlsuaaanpmmtrriaacaafabb,2026-04-30 05:00:00,reveles;babara;frase;mugis;
3153,ietrfiimblratrutcdaoupiovtistpmnaineraod,2026-05-01 05:00:00,liberta;tinias;terao;muito;
3155,nvaistnaadserbilrolcapmiuraaoeesvfavcrti,2026-05-02 05:00:00,resisti;rufava;lieis;corte;
3157,capiiraptoraguocfftmisacloupeoomquedooci,2026-05-03 05:00:00,cooptou;raposo;guiai;cacos;
3159,aulsgauaselsmajstgieflgulfnrmeocasEoirma,2026-05-04 05:00:00,florimo;Engels;fisga;regam;
3161,riirarreodamaoliresxjaslrraibasafasladab,2026-05-05 05:00:00,alijara;balsas;orlei;maria;
3163,Priaclujabasoevsabdrinraraarluomosraobiu,2026-05-06 05:00:00,conluio;relvas;sabia;borra;
3165,cetiuJRUoarfangFmunstdieeoeeeomaamlreiac,2026-05-07 05:00:00,aufiram;tangem;odeie;amemo;
3167,vaesrgotdeiruirarengmrocsivafagvdacireii,2026-05-08 05:00:00,revirei;vigora;rugir;ganis;
3169,gilateepelomelfmaccnuobedeagxvvnptaiauio,2026-05-09 05:00:00,enxugai;pedale;blefe;volta;
3171,sasiniulglotmldgaiatearatlmorifuoutofiaC,2026-05-10 05:00:00,diletos;mintam;galia;tutor;
3173,npmsuodaeeagimrmesmoaaaoselcimbscaiaocse,2026-05-11 05:00:00,esmolas;guiamo;cocai;sebos;
3175,teorgiorresisradolbiaaprorufttemsrasillo,2026-05-12 05:00:00,subitas;raptar;raros;giros;
3177,oeuifesimrdienlecaiafdacajptetoxpisocmec,2026-05-13 05:00:00,capotai;defeto;xales;cocem;
3179,ngcshjrihaoeuvaocasondostsntadibooasalsa,2026-05-14 05:00:00,cosendo;ganhas;hunos;tonta;
3181,vboselmpazareepielexicadopobtipsstemoeeb,2026-05-15 05:00:00,bazares;etipes;pelos;exibe;
3183,asenlajnupmevoseoamearoprltcasehmeadiior,2026-05-16 05:00:00,ensopes;enlevo;calou;pasme;
3185,euchutgrmugpeeoaruoammcberosegarvaliiegt,2026-05-17 05:00:00,acomete;chupas;ralou;geiem;
3187,diogeimmtatzgxoeligaorereiveomiecamtanpm,2026-05-18 05:00:00,eximemo;amigao;viela;rotea;
3189,utbopaanaanapltamspgcuriabsasaarlilogeec,2026-05-19 05:00:00,pontuas;solapa;raiar;gabam;
3191,urnaoradafatiebeifeinrmdbesauoatmlmfipco,2026-05-20 05:00:00,abrirem;blefar;ufana;dedao;
3193,aiadeqvaptpiuercoieociaMilhaasrsftoifaze,2026-05-21 05:00:00,sacarei;tolhei;afias;zerai;
3195,ecoeuvdeonalgavpcadoiirlirceinooigetdops,2026-05-22 05:00:00,deploro;erigia;vigia;noite;
3197,meirinoexaatemtlpensuiVhndsmeeHIacoalmvi,2026-05-23 05:00:00,transam;pairei;velei;motel;
3199,eeireaspnseimiraslmmiierorolatvfaisgarso,2026-05-24 05:00:00,solemos;limeis;foste;ienes;
3201,sodoptojpcusiuteodsotaiaeeaholrvozfilsab,2026-05-25 05:00:00,ossudos;aviras;azede;tolho;
3203,mcitosegiajsabmicfuoamlaeussobofgoovhcat,2026-05-26 05:00:00,justica;fachos;lobao;cegou;
3205,evprcllsrabroeraraoraflamdnhohannuseemet,2026-05-27 05:00:00,profana;varram;talhe;dobra;
3207,arszadiaraaissfcepmAouoaoaitiDSgunnanaoz,2026-05-28 05:00:00,azarara;Santos;impoe;Diana;
3209,inuptafimmaetrotoieeiorpfgcreerounasimtc,2026-05-29 05:00:00,tremeis;punimo;trato;corpo;
3211,caosaospnsfaivmaarFsfrleromiicijceiavaao,2026-05-30 05:00:00,aclamei;remava;rifas;vasos;
3213,umamomooaeirursgnsieodsmrovodpaooapivaip,2026-05-31 05:00:00,apodero;gosmas;mames;muros;
3215,maairdatogdasvmetaioroioarfstrbuvreiaoev,2026-06-01 05:00:00,adagios;varrei;teima;votai;
3217,perplearnosesoutuevmoviosmicscalnaiarosi,2026-06-02 05:00:00,salivou;vicias;otico;munes;
3219,iamabaattacositpboocoaeouaeseneorljacoci,2026-06-03 05:00:00,tabules;atenas;ocaso;ecoei;
3221,geomoenivmlsaosgaaippupacsroeatesaerforr,2026-06-04 05:00:00,profere;sacava;igneo;torre;
3223,lncmgimoeosreragomoaimaiumbtrgampaerdrht,2026-06-05 05:00:00,arraiga;ombrea;ritos;mamem;
3225,uniaourViastgcaaroboauotaoutosavtcatadri,2026-06-06 05:00:00,cotaria;cautas;obsta;uniao;
3227,MPAIabraneMcoiFnesgdscacraaaarfaatlcsege,2026-06-07 05:00:00,renegas;atacas;facas;caibo;
3229,gearesafnsamjtisagouaureecoosrtmlerndear,2026-06-08 05:00:00,acelero;engoma;tesas;trara;
3231,ellujnhrilubeiecdoavabepbomrclarrrauesvu,2026-06-09 05:00:00,percebi;abalei;selva;diluo;
3233,sorcmhisaddeinpobraracdrevxopduaviosiesl,2026-06-10 05:00:00,viverao;acudas;minis;pedis;
3235,bxeHomosomnzofetsaradmibperofruoedaAubts,2026-06-11 05:00:00,deparou;serzem;Aarao;tubos;
3237,maaeaoaavrnznabgoihabafaadvuonerromtofrg,2026-06-12 05:00:00,morador;nenhum;vazao;abono;
3239,tercrrrasaoasipcrsufiadaoklronarYaghveab,2026-06-13 05:00:00,pirraca;grulho;assoa;forca;
3241,rcbfifieeoedodavolsilcaidoeasiensportaur,2026-06-14 05:00:00,alistai;opores;boldo;fiado;
3243,rabEeirgogdossoicmoxluataeabeciaifmaseds,2026-06-15 05:00:00,desabam;caseis;Edgar;sitio;
3245,cfaroifgdrzssebietiabeociairidvhnnreraaa,2026-06-16 05:00:00,cretina;bebedo;fazia;chave;
3247,uucafdrdctriiamaomnlusmahaobmegmlcasgaet,2026-06-17 05:00:00,cutucar;gambas;drama;temam;
3249,eaauvaoirSnrediccdaromvuArtpeuoraieelcdf,2026-06-18 05:00:00,doparia;Sandra;cerre;vicio;
3251,mnasserufiarelitcostscfgstehrarqfeaoclma,2026-06-19 05:00:00,rutiles;gramas;minas;rocha;
3253,tubmvigioipoalazcerpaseraestgibeggravsol,2026-06-20 05:00:00,gastais;raizes;grega;porei;
3255,iaesoroggrnoamamfmcguseaavlpszrphniuaioc,2026-06-21 05:00:00,passara;cozemo;pulga;cones;
3257,utecsljrRrrpeedamaricalobabeaidmbobsfdnt,2026-06-22 05:00:00,barrica;findas;molda;bebam;
3259,fdeacotuerumpapeordaiesaosrumemnJgjaraia,2026-06-23 05:00:00,empates;amaina;duros;gorda;
3261,oaorrpdfpraanoreatosaaveqsshpuopuocfscod,2026-06-24 05:00:00,tosaras;aquoso;pouco;narro;
3263,iaamliaeoiderfdvmupneieaoltmeivratofesaa,2026-06-25 05:00:00,afirmai;aviara;total;tomou;
3265,apaaftrctipsdoneuxolsmicelhenadxogecsase,2026-06-26 05:00:00,atulhes;expias;eximo;nades;
3267,eldidessegaadhecrcosgzraacisuoailorvatpz,2026-06-27 05:00:00,avicola;adidas;desse;gozar;
3269,meiefidaitjsrblcioimosaangmrencrqemblaaf,2026-06-28 05:00:00,enlacar;emitis;girem;brejo;
3271,orfaoirisjrramgrasuprioadaaiadntafisuluu,2026-06-29 05:00:00,passada;fruira;uniam;jorra;
3273,arirtrsiireaaoetaffmpmdaaeuesivmgnmqedra,2026-06-30 05:00:00,afiaria;mirava;porei;dotar;
3275,petuqocmnastaiareperetaidlmeeanrainjtogt,2026-07-01 05:00:00,pedalem;acoite;testa;trina;
3277,Leneziujpsdibpmseeiaooerloepardantdssari,2026-07-02 05:00:00,passara;dizimo;perdi;pense;
3279,imieoprgreophaiselectvnuevriseaivapabstf,2026-07-03 05:00:00,elevara;pichei;inves;opoem;
3281,iaratalatrgnummeuatrjseogideaehnoanhlzal,2026-07-04 05:00:00,retrata;juntam;senha;moela;
3283,accomantneehcalpeoacmiivrmraassicialfgee,2026-07-05 05:00:00,acenemo;visais;checo;acima;
3285,ululpbrooulnusamtaaebairiampsiaanedniacv,2026-07-06 05:00:00,bicaria;pulula;manes;ainda;
3287,mdinereiemisiaflruaarifafptexaneaaaulaid,2026-07-07 05:00:00,sineira;fendia;patua;fruam;
3289,acsaoreccnrxeaxoaaovidvblcscalaRonamhoga,2026-07-08 05:00:00,conscia;boxear;evoca;lhama;
3291,rroripvsbaeixaaosomeldcrmeoncaieasviemtm,2026-07-09 05:00:00,calcine;semeio;ditam;bramo;
3293,ppsipgoloesomniodulereizuocgclnaphaboive,2026-07-10 05:00:00,reclina;chupou;podou;posse;
3295,apacaemsctpdngaoooeesdtgmiunfuraflesaufr,2026-07-11 05:00:00,sufraga;agende;trufa;files;
3297,ueoipeefdrcairioenpaarqunemzmspeoveulasm,2026-07-12 05:00:00,prendeu;foquem;pasma;luzem;
3299,dapollredamastxarasueaceseremmnuzevruotq,2026-07-13 05:00:00,solapam;cantou;reves;exare;
3301,ebraedetsaagfrvccsgsauianeietsvrsotarima,2026-07-14 05:00:00,assista;decais;tenso;gabes;
3303,eifsahlunreebenvvouziuccanigsstopremaisa,2026-07-15 05:00:00,negueis;primas;unhas;costa;
3305,retefaisesprctmeoatoaerMuigisaairvtavcas,2026-07-16 05:00:00,sacavas;titias;cetim;seria;
3307,ajuigalonblernuhtelslrdasebsrodeafuasasc,2026-07-17 05:00:00,olhados;blefas;lorde;unges;
3309,tufemobslanirdseuetraacctconatornipaufas,2026-07-18 05:00:00,pautado;safara;drena;roces;
3311,oousorasrarermsnaasciGgogtatabaifedoatmo,2026-07-19 05:00:00,assoamo;tacita;ouses;morri;
3313,fogaacprsahnbesagtdeosdearinrinfogafamie,2026-07-20 05:00:00,definis;orgaos;raspe;grana;
3315,ordcvausiaoeadirSrbnvureuotamrrmendalalf,2026-07-21 05:00:00,rumarem;untado;urrei;naval;
3317,uiaaarurejzimdlenprauaaparscrctrlocipabi,2026-07-22 05:00:00,cabrita;ajuiza;raiam;cisca;
3319,amsaulcelunbtoaeliveaaxmurmhaslcdealapru,2026-07-23 05:00:00,insulam;palhas;taxem;medra;
3321,subopdruzcavraereNaioibarelilisrosaarapp,2026-07-24 05:00:00,liberar;aprovo;lesai;busca;
3323,osefsacetapaearoscdijoufaotsmdiamaveaacr,2026-07-25 05:00:00,ditamos;festao;caida;racas;
3325,timatnitulveeijrcraltsgovadivpiaearasdnI,2026-07-26 05:00:00,evadira;atinjo;India;lucra;
3327,irioebiilcmmamadsoeiaoraiiafbrurlesmuruA,2026-07-27 05:00:00,asileis;bufemo;adiar;urrou;
3329,srglaocraciomemahrrbiuruabueeusfivdmalop,2026-07-28 05:00:00,usufrui;reboam;vibra;grilo;
3331,dobfenoblemodxeseiserpustrfmiiagasaetdro,2026-07-29 05:00:00,drogues;sondem;fores;molde;
3333,lfxrdfocieilaarCdomosvuorgmosspiibaceraf,2026-07-30 05:00:00,moldava;fiares;corou;bacos;
3335,romrpfohoieiiiamulfasariiucvgprdextaaroa,2026-07-31 05:00:00,mofaria;pifais;podar;grava;
3337,inegsiacstgioreseoimoevelraattnmavicagae,2026-08-01 05:00:00,instigo;engata;ceias;icamo;
3339,frgseveaagmlascacisaorroneemapaeefdeNilo,2026-08-02 05:00:00,enigmas;fedemo;laves;escoe;
3341,MarVadsoobesblamucauooeafabssngnzepreoaa,2026-08-03 05:00:00,boladas;engana;Verbo;fucas;
3343,euevCninvlngadaroocsmaupagagebuiralraahl,2026-08-04 05:00:00,galgara;Canada;urina;pilha;
3345,nrcadtjaiarolirbemolcsuusleaftuoKujRaisj,2026-08-05 05:00:00,jabutis;Rafael;Klein;criam;
3347,alibuluhdbcappciaobtecasaeaoeraolbpsbdml,2026-08-06 05:00:00,chupais;cilada;abale;boate;
3349,sbouopaeAaltudemriepbopbaoelaimzosagotur,2026-08-07 05:00:00,baleies;zumbem;Aarao;poupa;
3351,etcavabaarimvensteaneitprcilcgaafucateac,2026-08-08 05:00:00,vacinem;pagine;calce;aviem;
3353,crabengmeuanmpeugrsoureimsenafruroajpola,2026-08-09 05:00:00,franjas;erguer;polar;penem;
3355,cltiedavoosoelirsjAuabasaunsgifpdacoeres,2026-08-10 05:00:00,juncada;baleei;arais;susto;
3357,snssxegseahaofirlrrnbdeiraaigaesnaatocat,2026-08-11 05:00:00,destaco;agiras;lenha;narra;
3359,caulesusrimcseceeraurtaiocorimelrbglevab,2026-08-12 05:00:00,escuses;brocar;rimai;curte;
3361,andmzemcoaaseriseprrnzevblrbooxtbeeadiev,2026-08-13 05:00:00,andaras;bronze;plebe;oxida;
3363,jnaltrilatamuaaarfummsaenarriifzodeedelb,2026-08-14 05:00:00,redimir;ondear;ufana;blefe;
3365,bimcoarooelolarElossduazgraiaugpetompdao,2026-08-15 05:00:00,aguadas;lograi;bolem;laudo;
3367,upeatortonrsivaiscRmquenifnaoeaaruislpan,2026-08-16 05:00:00,unifico;travei;armas;loque;
3369,Eiiamehorhaoillemcotaasaaenarpnoitndaroc,2026-08-17 05:00:00,coalhes;aliamo;amena;tenda;
3371,atbirjaeuevrelzrdgatoiaaletcserzveueomre,2026-08-18 05:00:00,detecto;rireis;vague;areal;
3373,romaccigcotiomaolocaeamnacjrrtvipioseabo,2026-08-19 05:00:00,obterei;varemo;motor;cocar;
3375,fehlaaisinrfmenasaganesarecsuuipadiedbce,2026-08-20 05:00:00,fraudes;apeies;enfia;cidra;
3377,gnalisnuiopeepiodnauarhluslguleaovoupenf,2026-08-21 05:00:00,aluguel;pulsou;ereis;apago;
3379,poavigifiglelnarcsiaaburauarmooasvcogamn,2026-08-22 05:00:00,pisavas;cromou;gamao;frigi;
3381,feialzmcorrsteioopruettemibetnrilssfaaav,2026-08-23 05:00:00,testemo;febril;tanto;rompo;
3383,amopaoaoajuotcvsmesecigaopeavrjjtsrcliaa,2026-08-24 05:00:00,serpeja;alijar;viveu;sumam;
3385,atEdcaaceeineosiimxtpavetmaerovrarozoaip,2026-08-25 05:00:00,exaramo;vireis;Edite;povoa;
3387,esarlAudsairarsstrmNmtsaeaocabiuorpmnelu,2026-08-26 05:00:00,encampa;surtiu;miram;Norte;
3389,neunjribdganuaaleeaosredslmdmdsoezelesuj,2026-08-27 05:00:00,enganos;jurara;deles;melem;
3391,lrifgiiregcesagesasmavelvespreeoritofidv,2026-08-28 05:00:00,erigias;casses;ferve;topam;
3393,ocetseirgiratvprfrnbeiaearmtsatmunelavam,2026-08-29 05:00:00,salteai;grifar;matem;teste;
3395,londoDavapuenbicijciviroseueiertnfrsiasa,2026-08-30 05:00:00,receias;correi;inibo;duplo;
3397,spgpialhmoavtaeoauosacibmaoqlzimicuevedo,2026-08-31 05:00:00,cavoque;beatas;mamai;pagou;
3399,zdavesdaiceliiumaQzuvlegahurpumsrcaveola,2026-09-01 05:00:00,alivies;acidez;mesmo;ulula;
3401,mtoiagsoexaausiastpricnbadaououcaracizen,2026-09-02 05:00:00,raptada;encuba;aguia;sexta;
3403,ccomorgtearenriegasavvumoasermdalmalsoar,2026-09-03 05:00:00,grudara;cearmo;selam;sorvi;
3405,bapoadeliltrnmetgoseiertciesveaevpeetidt,2026-09-04 05:00:00,estreie;revide;labio;ponde;
3407,birgmimeueuafrbpenorpaaaxcaaeilcrahsreto,2026-09-05 05:00:00,alterei;acabem;haras;firma;
3409,hrnuneublibairsaemZduoilcsocgaaroavaopaa,2026-09-06 05:00:00,adocava;burila;nunes;saira;
3411,AbarlitosadnuimuimaomblirselRodeneriouen,2026-09-07 05:00:00,badales;bolide;Rouen;urano;
3413,vsufmegalaunarfumrraiagruadosvaeidetiiid,2026-09-08 05:00:00,adotiva;surrai;unira;reais;
3415,uadosoilatietdavmcrmeearesaenvamrisooihu,2026-09-09 05:00:00,valioso;ermida;casso;eteno;
3417,lsnpsaraadaaigraocdovceovaiaerlmiurfgegu,2026-09-10 05:00:00,regulem;uivado;adoca;sagra;
3419,ofocsmgaeualeaiulevavgrrratgtdleaebiniai,2026-09-11 05:00:00,gravava;titere;linda;guias;
3421,sSosdasiacptiaiireroepraimpabfaataurpuin,2026-09-12 05:00:00,aprumai;ufania;piara;cospe;
3423,faihaeugadcaoipatghqevpodoauconrubmeitoe,2026-09-13 05:00:00,evoquem;paguei;otico;tomba;
3425,epimeasesceovagmrusfaluosmogrfaeubaeldor,2026-09-14 05:00:00,freamos;doerao;alago;semea;
3427,ocebsecsortoiacoloramaluaacuxamnmaefbiba,2026-09-15 05:00:00,macumba;baixai;secos;tocam;
3429,otdrimrvmiotaaaaerticgececeaexuadervjjtr,2026-09-16 05:00:00,dragara;cedera;jejua;verem;
3431,nioatadSpgsueataaevsedpadidieodruzoomuno,2026-09-17 05:00:00,desvies;nomeei;pinga;deduz;
3433,omassesaragrmmitmdfimocadamovebptacimdoc,2026-09-18 05:00:00,girasse;podemo;cabem;mista;
3435,rarragaiepobrramatiabdrpuctserseatdieoan,2026-09-19 05:00:00,soareis;bramia;barra;perde;
3437,vfagcuraeoaljeosaluugzigolpraprcvofsecea,2026-09-20 05:00:00,carecer;gozeis;velou;povoa;
3439,dludsuulmeetacameuaaiuavteqstrcslmugoeib,2026-09-21 05:00:00,gosteis;ataque;curia;temeu;
3441,ojamiavosnoomalsiemgileaptrtezuaaopedeid,2026-09-22 05:00:00,patinam;portei;lavai;gomes;
3443,itvaapuavacrzoilassuatqsocdlsuloepuieeeb,2026-09-23 05:00:00,cavacos;topara;vazou;aludi;
3445,unlnfasaeaiceepgddNnhisaaroilaapcsavcudi,2026-09-24 05:00:00,incheis;calvos;piada;linfa;
3447,aafsvafscndaerefihoiraatmulrlxrarasavmix,2026-09-25 05:00:00,taxares;valida;arfes;rolas;
3449,lhtciiacsesnppmioaiazamncmeapeadtaralaro,2026-09-26 05:00:00,realeza;saimos;inste;tacam;
3451,eujarAbnnomouuiiassgdreeupoiarpronmsemua,2026-09-27 05:00:00,budismo;enojam;urres;magos;
3453,manmvracdigeereupoialiaerortrdmieremaaeg,2026-09-28 05:00:00,dataram;ingiro;errem;amido;
3455,minvaborovabismeasrefetsslvoirigvigaadle,2026-09-29 05:00:00,distrai;avimos;vibro;refem;
3457,lrelariaiveahrocefreilotrazaatrvbombasae,2026-09-30 05:00:00,revelar;zombas;areia;trata;
3459,prnsulpaaragtaacbetuearhsnormraaocortsit,2026-10-01 05:00:00,abrange;tronco;setor;achas;
3461,ulpdlrucvfgieonbroaxnmaoeiruambscaodaeas,2026-10-02 05:00:00,cubanos;fulgor;amamo;erica;
3463,saseoauqtemntmusirmbsgeefrroaamrtaapinor,2026-10-03 05:00:00,musquem;sobrar;gania;tesas;
3465,douearonimotameadoifmaemiuaemmtofevaijps,2026-10-04 05:00:00,imposta;emanem;domou;amava;
3467,violmiivasuiaraemvelfdosooToevclpuserriN,2026-10-05 05:00:00,escrevo;limiar;Tomas;viuvo;
3469,italaaroaersrzatbmmupsaoeibviurbcorluoma,2026-10-06 05:00:00,azarara;obviou;broto;sumir;
3471,jacspsuaogielafccabmevruaapdeeoaaeannriv,2026-10-07 05:00:00,venerou;cabeca;varas;nadem;
3473,obeuaboclpremmordmaceaPouoiinprdressavot,2026-10-08 05:00:00,emborco;pareci;Porto;boldo;
3475,zooevoovamcaialvsdacenjoaaoixolimclmVfac,2026-10-09 05:00:00,locadas;aflijo;aveio;Viena;
3477,cosuovetoapdrsoevrbuazegagercgusilmogamb,2026-10-10 05:00:00,esgotes;bracos;doura;cague;
3479,gniorucoorntmpamgesodeeoieulcailcmpalefs,2026-10-11 05:00:00,emigres;tronos;paulo;ceifa;
3481,saaofpeisrcocniiuearipafmigiunstiescljso,2026-10-12 05:00:00,asseies;juliao;pinco;garoa;
3483,titmodadoeaaaazrsafalbaepsnEiotnaisJteis,2026-10-13 05:00:00,baniste;assina;atamo;Efeso;
3485,usesavndseomitaeemaailacrganepeszeleitfa,2026-10-14 05:00:00,ergamos;caviam;zelei;peite;
3487,liguitaoaiggaecrcmnsusdcosieeodamautdrat,2026-10-15 05:00:00,tingiam;decora;comas;guias;
3489,nalouareceltooadoaroscdclddnbaneaiperelm,2026-10-16 05:00:00,rebelas;encara;anelo;adido;
3491,vmsipieuaedocddcrcmasmiccroacaaoaemletsn,2026-10-17 05:00:00,dedicam;cascao;remoi;posem;
3493,ooracaAaIcgifslsMueleeuaPdittlorpAraaoap,2026-10-18 05:00:00,arteiro;escala;duele;graca;
3495,deipaseabecavtnvmourpsrtusacieoectepbnvm,2026-10-19 05:00:00,vetores;curvas;pinos;tente;
3497,mvissmpaoieroaiolsemtcfcaltaaedemeDberso,2026-10-20 05:00:00,acampai;defere;meles;imola;
3499,afevomroulizlargdmoetaveafaufevaedinarpl,2026-10-21 05:00:00,refutei;lavava;veloz;regro;
3501,dcnredeeaiertrotmavenitalzrfvarlbuiomeoc,2026-10-22 05:00:00,feretro;cernia;luzir;nitro;
3503,orgiomoseianefuocuertmcpsicacarolacerrvo,2026-10-23 05:00:00,carecas;grecia;cravo;rocou;
3505,fttrovroreacaicnrussasasreulieuemlaupapq,2026-10-24 05:00:00,tacasse;roncas;fruem;ulula;
3507,eimaseadhosixtorilbicriUaoiapseEmmsmoljo,2026-10-25 05:00:00,torcais;existi;boiam;molhe;
3509,iosesfibmcuilmaaosfgasoloeultousrpxcsage,2026-10-26 05:00:00,sugamos;abalou;sugas;expor;
3511,odiiermfdascnexinanoadaeecoooodtifisaedi,2026-10-27 05:00:00,editado;deixem;nadai;ceifo;
3513,ebaivnoclaagttrjtfruuaauestimvadmaagatis,2026-10-28 05:00:00,notavam;atesta;judia;abafa;
3515,mrmggemauaoeusacdomlsiliasefaaacmahcrmpo,2026-10-29 05:00:00,amaciai;rachem;dosam;palco;
3517,govicoeautomedncloesubisadesagnfliieemii,2026-10-30 05:00:00,concede;baseie;votou;lides;
3519,demaotdaaubtsoalrsoveiocsrilarmoiavirers,2026-10-31 05:00:00,socorre;assume;alvor;virai;
3521,eojjsdsaaueraoisnaevacoaucvhrdtvzamuasra,2026-11-01 05:00:00,ociosas;murada;versa;jejue;
3523,eiaMplomefreramacsioaeumucqeinnoiscuxoci,2026-11-02 05:00:00,amolara;cisque;Mario;ceife;
3525,ubYosevafortalzarkiainitomraiaaaceiusrdn,2026-11-03 05:00:00,roceira;danara;selva;tinia;
3527,ajafrevrmraascaftdosaeirnucavafaaislcori,2026-11-04 05:00:00,cifrara;alcava;intuo;rifes;
3529,sesedEatgudivgesrilirutalivntaeahpaonlav,2026-11-05 05:00:00,noturna;viveis;lides;avela;
3531,modmvatiaboaaecidisvunpaeucaimorstiosuan,2026-11-06 05:00:00,uivavam;picara;sutia;modos;
3533,oatelaeemordaassgushivopraloreetuiiucsbo,2026-11-07 05:00:00,obscuro;grilas;atomo;urdia;
3535,motogasetilhinrrvnbadutcaeogpalailjraaiv,2026-11-08 05:00:00,motivai;atavia;bolei;jogar;
3537,apaiplouvtaichesaiqufnuaalemiravtmadiomo,2026-11-09 05:00:00,urinamo;apatia;malta;fique;
3539,Emaloepralaeuseecvvmmortaiiiemairpdcsder,2026-11-10 05:00:00,decidis;atirem;emulo;priva;
3541,daminarrdnzasfaiaeodircbasngteoodumemerd,2026-11-11 05:00:00,denudas;fretem;bordo;riras;
3543,catrpruariiuxabdaesvsenacejoimdiurhvodmo,2026-11-12 05:00:00,adubemo;domina;recea;puxar;
3545,uazoclacjisofaslopqpmeeauiametrssamlmaim,2026-11-13 05:00:00,calarem;metiam;lapso;fases;
3547,mxearaiRreiteonodimprucianaamoltfeforase,2026-11-14 05:00:00,apitara;inocuo;fende;rimar;
3549,arabminfrcalaqeoabmpuosmsreonsrtrdoisgiu,2026-11-15 05:00:00,minemos;lacrar;nisso;rodei;
3551,patuercsacurzoumllauaeuiijarbarvmenoepda,2026-11-16 05:00:00,enjaula;prezou;bauru;advim;
3553,sbafomiMpoleeeraiitumjomdrnaauimfohbjdna,2026-11-17 05:00:00,diletos;fronha;Miami;manda;
3555,amgjfrcteraeeeieifgnecdoavacpinzsPzoceud,2026-11-18 05:00:00,pecavas;engaje;firam;frite;
3557,goamlujnapevavaceadlsiobpjlooarvpasarvra,2026-11-19 05:00:00,bajulai;soldem;pajea;varar;
3559,ehnimposbmmeladpotacoctocipsrsrucreabatt,2026-11-20 05:00:00,embotam;crespa;colei;dopam;
3561,jvbailaouoalaxavntpulrpfcootooaipoeternd,2026-11-21 05:00:00,findara;novato;terno;lotou;
3563,jgccomafroaemzectarsemocedilmgepmodetona,2026-11-22 05:00:00,comecar;medido;grato;gemem;
3565,orurgozeieaacojmrMaurfiaamuercmoijdssoam,2026-11-23 05:00:00,mijarei;mamamo;Mauro;cifra;
3567,esaifRsbedmanomenmofstagoMajibmrrssnieca,2026-11-24 05:00:00,faminto;beijas;domes;fiamo;
3569,rcasgfneahoauiptmemsdaepmeandeenxiaoseld,2026-11-25 05:00:00,entende;mexias;pausa;figas;
3571,capuraevgeuttsciidscogedaaaosvuasrchllla,2026-11-26 05:00:00,captura;acudas;geias;alvos;
3573,eseilboaaroubecisljcevarolecuaemfaatcfro,2026-11-27 05:00:00,solares;jubile;caira;cueca;
3575,naeahpehodbemlilocgmotoceaselvaaaleenrip,2026-11-28 05:00:00,empilha;lesemo;lotar;envia;
3577,raxotveamzeralrianeVasoigelbfagrovmtaelu,2026-11-29 05:00:00,basalto;magoem;aveio;rugir;
3579,rfoletasuxniiisuaigsarpmcmrisdohsailerin,2026-11-30 05:00:00,fuxicam;ateias;signo;supri;
3581,areiaefnlrmonsraeIpavenrsadcaaizmivurrus,2026-12-01 05:00:00,franzir;ensaio;lares;evadi;
3583,fidodriaeoueuiulbqadedeanfosesanfenossab,2026-12-02 05:00:00,enfades;quedou;diria;sonos;
3585,acmectipgshajaaontavvasuuriiirtVefalhaIH,2026-12-03 05:00:00,chameja;gastai;vivia;mecas;
3587,tubonhafooseitlavsasvaussiufiltnaveraxie,2026-12-04 05:00:00,entulha;atives;lixai;sauva;
3589,esdiadiglsamrareobolsiapnuteldsmegraabes,2026-12-05 05:00:00,aspergi;obtura;medis;selas;
3591,latnbsaaoiedjuanafennnbeoaueteotnbsliauq,2026-12-06 05:00:00,fundeia;juntai;nanas;bules;
3593,eouaamisescpimaalisoxajfauxectursriasnto,2026-12-07 05:00:00,usarias;ajunto;elixo;ocupa;
3595,SmamrranBareuaseaMlaeariupouuqbggatmraot,2026-12-08 05:00:00,grasnei;arrume;atura;toque;
3597,tomajfgodacaizurDigfslamncaifajnoutogaru,2026-12-09 05:00:00,fuzilam;conico;afaga;dotam;
3599,caoulabraggeheioiirassramlavciireeieavdu,2026-12-10 05:00:00,ligacao;agulha;vaiem;disca;
3601,iuburtearnAiepvslsrxlrbaetsaieaofmoopara,2026-12-11 05:00:00,Aurelio;evasao;rixas;tomes;
3603,Jdoatrfmnbvfpemeieoriiorlimarpisbcloarub,2026-12-12 05:00:00,subirem;arrobe;imola;premi;
3605,ocdsuoatvhotepjcaaleifoetogeiejtlofahcsc,2026-12-13 05:00:00,festeja;goleei;apeou;chova;
3607,aeescprarifirmoiaasavipoietfjaoilpxradpr,2026-12-14 05:00:00,crivado;fartai;expia;propo;
3609,aaamolaivramcrojdiejanogsoaiaitaotdvodra,2026-12-15 05:00:00,adianta;arejam;visto;mamar;
3611,brumvtirfuetiiirosaaaislocorlauouacuercb,2026-12-16 05:00:00,vitimes;locais;focou;burle;
3613,queaigatidmeaennnetnsaaagreodgslosbaciio,2026-12-17 05:00:00,mendiga;quedei;boers;saiam;
3615,pgccettzouamipeiidanemstnafaeailcrabgmor,2026-12-18 05:00:00,afanemo;gaudio;cetim;petiz;
3617,riulupamagetcosuscsenapcohimesiocroposcE,2026-12-19 05:00:00,caissem;choros;cuspo;copia;
3619,zudguemrntoreoigqnaobpbtuearaatevixmosda,2026-12-20 05:00:00,raptada;queixa;grite;antao;
3621,dciouUnrneexbaiisotisnbxastirrouipeagail,2026-12-21 05:00:00,agarrou;toseis;tenso;banir;
3623,gfamorgapsorataesopoiinubtspeeoloachlcga,2026-12-22 05:00:00,leitora;obstas;piamo;checo;
3625,nmnouerateoxgapdiuaeuiaglpsadnMaretzmdyr,2026-12-23 05:00:00,indexou;pastel;padre;aguam;
3627,ciaocariotmacsfmnmrraraobJervetloimzeeaa,2026-12-24 05:00:00,reveras;rifamo;zerar;Jobim;
3629,ineplaraerulixsMegaahaafoossrmtrsupietoi,2026-12-25 05:00:00,grulhas;aspira;fatio;penei;
3631,aerarmabnlnoapnltersldmmooorhaaosaraocna,2026-12-26 05:00:00,mandara;tensor;soara;renal;
3633,laguoiodmonugftaolosumnlnjeuoecurefrrinc,2026-12-27 05:00:00,inculto;amoles;danem;urrou;
3635,fimimaxeretclemxdstopoeipedaeirlesarvnor,2026-12-28 05:00:00,remexem;limito;reino;vades;
3637,uealaahdrbaomnitrndevmfaoresvuizmmiailep,2026-12-29 05:00:00,viuvemo;sairem;abala;tinha;
3639,orocribaafgnaeiaaaorcrcosmoruaimesagzevt,2026-12-30 05:00:00,abeirar;rogamo;cruza;afora;
3641,idioopeVvuglcavgosharhaapiainiamfbsarojo,2026-12-31 05:00:00,ganhava;pousas;bahia;aloco;
3643,eisatmicrgasaraaimaupeemftssglraaariaset,2027-01-01 05:00:00,mamaria;fatiga;arias;patas;
3645,laopedsnhoutnoifnniaadeluigounxudocojsag,2027-01-02 05:00:00,enxugas;sonata;jogou;punha;
3647,diobxonvreotiideasieadaaidouorncgnamgtpo,2027-01-03 05:00:00,dignamo;vedara;adiei;canto;
3649,asbmuhcotreaumaranclunttsabesaerrobotboc,2027-01-04 05:00:00,sentara;chumba;troca;basto;
3651,onatcucfshsrauteaoebsnomjrcaoisopostacas,2027-01-05 05:00:00,estanha;corjas;cante;somou;
3653,sexpielrioalflofasJgirtddeoroeiocfaudjre,2027-01-06 05:00:00,filtrei;cedais;expie;erijo;
3655,sjoacgsagaesnoopmleaolzaceirioraaldacbco,2027-01-07 05:00:00,sapolio;roncas;lacei;elejo;
3657,iceadoldrscmjiohuouoastotmotarsaemiuqeli,2027-01-08 05:00:00,treslia;rumemo;doido;tosco;
3659,ezxecsaufdiehrshseoimileusrmngcariscarra,2027-01-09 05:00:00,cheires;riscar;usina;mexei;
3661,ripdosamsoiefilrdaolocaimicsuriraaviegru,2027-01-10 05:00:00,solucar;peidos;urgia;filma;
3663,upoafintnmoaregihaenumsaaorezbudddreleud,2027-01-11 05:00:00,relerem;opunha;mudas;erigi;
3665,vpaialeeaubspierbrarmzajaaizchaiorleampo,2027-01-12 05:00:00,abalize;chamai;apura;jazei;
3667,levorocaaajatitpgreebampueusaoavstamvmlo,2027-01-13 05:00:00,sugares;coteja;abato;palma;
3669,fsdsagfuusoibarrebleuoamiboptlvnemarncas,2027-01-14 05:00:00,bobeiem;raptou;sanam;fusos;
3671,Occelagoauoaiogeremvrnrxldseboiiacievveg,2027-01-15 05:00:00,cavouca;exigir;reves;obvio;
3673,foderfurarmealomcesfvsiaosomrusdoreslaon,2027-01-16 05:00:00,formula;sondai;sofra;dores;
3675,daeiaarasiduougitbaptognairimaeonteisfem,2027-01-17 05:00:00,batieis;gingou;fatuo;paire;
3677,veruniagdaoecrmqusmerauiomrsoitedisseoac,2027-01-18 05:00:00,reunira;quieta;disse;gamao;
3679,itsoafngifaeiecetmsgiatceroersohadegesab,2027-01-19 05:00:00,egregio;caiste;fases;bocha;
3681,bolmamljadeicaionpoitsifouciaojadjaurilt,2027-01-20 05:00:00,dopando;filais;atica;alijo;
3683,dusaoadinomsvaegmeriimsnacanissfetrUedoo,2027-01-21 05:00:00,endosso;Unidos;digne;aviam;
3685,inasbnisteonaromrbeldcosaetdoemritdDigra,2027-01-22 05:00:00,morcego;debate;sinal;demos;
3687,afabetiaurriolribbzebaahenemeropavobcmni,2027-01-23 05:00:00,bufarei;bombea;benze;tirai;
3689,clegvzavioiaaluiogatteooilirrabtluroebri,2027-01-24 05:00:00,azulava;rebate;latir;brito;
3691,tnoeleugoiamoeeacdpdrstleadocrtemtmbdoas,2027-01-25 05:00:00,moleste;capado;datem;lesar;
3693,cmadpradororeiuntnezuitgasosaqivcolhesfi,2027-01-26 05:00:00,esquiei;honrar;solos;azedo;
3695,uovinocitidviarehesrSiagiiiomaeinbmssalr,2027-01-27 05:00:00,gelamos;inibir;ditou;missa;
3697,dgovrlnearaagasxeciocodoroeadaepptaicrtm,2027-01-28 05:00:00,procrie;pedaco;grava;anexo;
3699,agovrolaaaorcugmomrigmeatauqoixcdnedraeY,2027-01-29 05:00:00,exigira;caguem;croma;meiao;
3701,dvrndgepeeuoceenibfloudaisonrittaavcpcai,2027-01-30 05:00:00,atitude;vedeis;colon;fundo;
3703,iopeauiuertcclfhgigaraanoosaidniKlepafae,2027-01-31 05:00:00,tropeca;caiada;pagos;fluiu;
3705,ijuaiuenarfdvuogiraaltaluaooaolaspmcsvom,2027-02-01 05:00:00,engatas;fujira;suamo;poria;
3707,cipnonbemaueeilsljeiioaacreeateaogmamrrp,2027-02-02 05:00:00,gorjeei;mapeei;trama;areal;
3709,tscxlmpuaheeivascorhnaendeltglogopmaoago,2027-02-03 05:00:00,limpava;engola;dopem;colhe;
3711,aunoicacsnraolrdoereoseacoapndvasalbdomi,2027-02-04 05:00:00,aprendo;desvia;nunes;ocaso;
3713,ngervdscuaoiatoairxmcbalaeeeecifaernvoso,2027-02-05 05:00:00,venerea;coibem;caixa;bafos;
3715,iacticrureurafebrdpaimoxBadspermSnamduoa,2027-02-06 05:00:00,puderam;partam;nadar;recai;
3717,oraiarbgcrvemaacaigifunoaouoaxdapgoidfil,2027-02-07 05:00:00,corveia;imunda;paira;gabar;
3719,botoiareesarmetmjiaoeaaaelunvaimojoecsus,2027-02-08 05:00:00,venerou;aterei;tomai;armam;
3721,aleuffdeorqigosrssadricascinoeguamecnnef,2027-02-09 05:00:00,forneci;fugido;deras;fucei;
3723,liguninraifmesadrrasiriaoioaddovsnccieau,2027-02-10 05:00:00,dedicas;ririam;ninar;virou;
3725,raaexidtdsgullipmooeoaeitoccrtmruaoanors,2027-02-11 05:00:00,trancou;reptil;draga;exila;
3727,oovrosupcaalezglemdimamcodeeoauhgecssrot,2027-02-12 05:00:00,plugamo;dedalo;chuto;voamo;
3729,maurdobeissnbilloacaxnuitrzosoaefaoitsfr,2027-02-13 05:00:00,lixando;cotizo;assou;farei;
3731,mstiiaovreorrgospamviaumomgahmdoatsinieo,2027-02-14 05:00:00,agiamos;irrigo;suado;minha;
3733,ajodbohcrocgataagnaspdovuaacaaancrvitret,2027-02-15 05:00:00,tachava;canoas;cavia;caspa;
3735,rubseurndlsaaftveihsambaargitpodeaadaoia,2027-02-16 05:00:00,asseamo;trufas;bahia;vadio;
3737,exeeldanraotaovrtevlrminoiearabrsicecltt,2027-02-17 05:00:00,ceaveis;tribal;volte;volte;
3739,lEralfgsvofnaeiomibortacrutndatjasicorie,2027-02-18 05:00:00,suborna;aleita;conto;fardo;
3741,nediafabedgirrsafaritaleaecaemsrcttocsiu,2027-02-19 05:00:00,citasse;girafa;laser;dirao;
3743,asEosofeuvdngorcgiriejrhficrmeoaremuecla,2027-02-20 05:00:00,frigido;ingere;fecho;remir;
3745,ariuieraabafgvsesieslsoteuahilmcmasnvela,2027-02-21 05:00:00,camelos;guiais;arabe;nivel;
3747,nobulicfubblbitesnoetrieioraoaleemfrgutg,2027-02-22 05:00:00,licitou;alteie;bulbo;trago;
3749,acoarsiararuooumlsapsoivereeaunccodirfov,2027-02-23 05:00:00,depurar;fresou;coara;coras;
3751,alifsaeigoesichmratprdpaecaroaovuioiarsa,2027-02-24 05:00:00,agracie;orador;piche;traia;
3753,oecmedhedhxienacsactadrlasarusrrsulhacau,2027-02-25 05:00:00,emendar;deixas;haras;cauta;
3755,corsjusdhoroiapegalpttoolamoaaomasartiav,2027-02-26 05:00:00,arrocho;moitao;salga;sitas;
3757,ebomosarmeruudanabfoeirtrgoicsvugesaraac,2027-02-27 05:00:00,uivaras;cifrou;grega;curse;
3759,anorefirdmraisoreueaacaopmiinvjzseluiaal,2027-02-28 05:00:00,espumei;lazaro;viaja;feira;
3761,reameaossoldvsusmdaenearandmuhociadoepsn,2027-03-01 05:00:00,andamos;modela;assoa;vedem;
3763,aenuosunvasldcemhiidGoibrcoaunteualfiare,2027-03-02 05:00:00,rachava;Galois;diluo;munes;
3765,miiahezeoatlsmrsssbaioagoosgadrvtoterlif,2027-03-03 05:00:00,ilhemos;tostas;grila;diabo;
3767,oaosazarpiatsielamacomolutausebolbocmass,2027-03-04 05:00:00,embolos;mucosa;apoia;azias;
3769,plomeaJoooedotaorioirdueovatmcsttmeoleen,2027-03-05 05:00:00,medirmo;escuta;loiro;neste;
3771,ncriesaepiafsrdnvreaoaiaioadbmotvrpiasjn,2027-03-06 05:00:00,provira;sabido;monta;vinca;
3773,adsnlleziabeaomrdxedrneounoaocsfbsvlocei,2027-03-07 05:00:00,debaixo;bundas;aloco;zeros;
3775,arresaafudacrcncmliaacsooaassosistxespre,2027-03-08 05:00:00,sopreis;lacres;canos;sexta;
3777,tsnunavvertogagazaaarzieeeraietfmletarra,2027-03-09 05:00:00,trafega;azeita;treze;traem;
3779,nlaoeevrivccbriemiaarafapeatoiaeralmdcps,2027-03-10 05:00:00,caberia;dorica;malta;premi;
3781,oiemulgeereuenfmerugoisasfmcnaavoaetdrbd,2027-03-11 05:00:00,afincou;abrais;furei;temas;
3783,lcereuamorazmjrSojtuoodcsmvodeaehoimixmt,2027-03-12 05:00:00,jazerem;mexido;sorta;rujam;
3785,aterrailabetnsboabsootvaagoeldinignaoevi,2027-03-13 05:00:00,obtidos;nivelo;ostra;igneo;
3787,demeexidieloarticrcabdrgepadvpaoxaiioMob,2027-03-14 05:00:00,extirpo;abadia;melei;expia;
3789,vnovmzortajaoeelsilogfterireuabiazmfsrod,2027-03-15 05:00:00,lojista;sabido;leite;feroz;
3791,taarevtmrevleraevaecelicorgolmcaumadvasi,2027-03-16 05:00:00,ericais;gelava;matei;rever;
3793,oasjolobgbapduauachvonaseaappvlsdrfraiaq,2027-03-17 05:00:00,salivas;papava;bagas;andou;
3795,tiosbgiersaafomaclaedmleertiococsuremuac,2027-03-18 05:00:00,defasas;cerrem;trios;sutia;
3797,obaetaobferieolrraoaxgdrfuidbaacrelosoge,2027-03-19 05:00:00,refrear;odioso;exare;afoba;
3799,alasisilaaoeofeldhtumfiinlhpeeafeneadiic,2027-03-20 05:00:00,empenha;filiai;alada;uteis;
3801,senopoabuixisamdrgrpasarobaromunobebisef,2027-03-21 05:00:00,ruinosa;darmos;fusos;berra;
3803,ladoeogrpeumalaanerbiuogggueussbaripxser,2027-03-22 05:00:00,expugne;pelado;subiu;alaga;
3805,opaisalhruuobeoegoopregcaapldomaoreuomas,2027-03-23 05:00:00,poupais;magoou;colhe;lerao;
3807,gsoasdidagiuevetlletnnieauamessobnamloat,2027-03-24 05:00:00,tenente;divisa;anuam;goias;
3809,ramcogecenfoalasitevntetbdErooeeroaraort,2027-03-25 05:00:00,amontoo;bordar;ferva;oeste;
3811,sdgvsamotaoaetluicrotaroaoatfsoobmadatef,2027-03-26 05:00:00,atestam;mocada;orlou;baita;
3813,orvtacrmlbaesiatlpsgugramiatnirMavpiacic,2027-03-27 05:00:00,maricas;atingi;amplo;pague;
3815,sutsaaiaeerippdosavcacumioessijaegrrefuj,2027-03-28 05:00:00,escreva;papais;judia;situe;
3817,omacsrvssrbomiiusieaaaumappgcqebimaeirle,2027-03-29 05:00:00,cambias;impero;cagam;viris;
3819,ltspubitaaoemsiaomoliigeosnafuieelcaufts,2027-03-30 05:00:00,fugieis;subita;ufana;lesao;
3821,rtrmajBdeaaeesaaisdsgancenocmixetfbeniam,2027-03-31 05:00:00,eximiam;fendas;retas;sejam;
3823,sccalauphiaszaoaoiatsrrmliorvoooevsecrad,2027-04-01 05:00:00,alastro;azarou;paras;cesio;
3825,muohieiaalisnrtbasaniaudmomatppadglenife,2027-04-02 05:00:00,apinhou;urinei;dogma;lisas;
3827,arelndsmrfaaveeororivsrqueeudeeuzcslacse,2027-04-03 05:00:00,demores;caules;zerou;venal;
3829,asrojvagrbaanmramubaatiasozsnloifsaucame,2027-04-04 05:00:00,zabumba;raiemo;clima;ranjo;
3831,odnrospraamveseepiAixevmllioulomsecrefic,2027-04-05 05:00:00,limando;aplico;preve;xelim;
3833,taidhvosbcacsaoetuiesaueamaptggsflbailho,2027-04-06 05:00:00,gatilho;pichas;segue;sovou;
3835,tealpshjnoeaaciaocrcniazesletareseimBedr,2027-04-07 05:00:00,Betania;chispa;entoe;jazer;
3837,eivbiaaaviaasrctascataenicrssoednzanotrp,2027-04-08 05:00:00,rendera;avivas;ratos;penca;
3839,rmudcameoaoclecasfraurzcuiinieaipgdcruru,2027-04-09 05:00:00,cindira;calcou;fugir;somar;
3841,tlcacasfupesmxirtmepeiapraamradboapvivve,2027-04-10 05:00:00,pescais;evadir;mecam;praxe;
3843,eeivracardoselcdandavnoomdeaeodaigalrbus,2027-04-11 05:00:00,calcado;enevoa;mande;adubo;
3845,ndaopdunoardvoatmbsaeomletoarmbodfalceri,2027-04-12 05:00:00,acerola;dobrar;foste;podem;
3847,vdoceaveoaaabrpjogmaareaeuegnioicntomalh,2027-04-13 05:00:00,advogou;lamina;braga;cento;
3849,vduavmcivreoaotpeahoaruonecsmmoicsfirspl,2027-04-14 05:00:00,marasmo;voamos;citou;fecho;
3851,noceVsufalirmoautvunbargaiocpathmdnunmer,2027-04-15 05:00:00,inculta;inovam;Verbo;punam;
3853,uindasrpgeloemoaahsioralvsiaeebiqagmdfxe,2027-04-16 05:00:00,solarmo;exibam;ilhas;amiga;
3855,vaxubdamvaaraeelagcrbticressirfdceheemae,2027-04-17 05:00:00,delirem;hesite;bruxa;frade;
3857,paivrrefmosdsaaamobtuposdiraaseuailptoxj,2027-04-18 05:00:00,paparao;mostra;sexos;miado;
3859,aidaialsoscsrveocoaerldaapmoarixfluvpbuc,2027-04-19 05:00:00,poupamo;valide;adias;bruxa;
3861,uleacofdtcvjlazotiaourcianrmeidnjnifofco,2027-04-20 05:00:00,cultiva;condiz;finja;janta;
3863,surraccatuarsprnriijearetuduloesvrspagvi,2027-04-21 05:00:00,areolas;surtiu;previ;carne;
3865,ffvuohlcvaiometaadnceraseaahctvcomalbial,2027-04-22 05:00:00,bichano;tretas;ouvia;moeda;
3867,metergtsasopoooaardpazpoaidrcermnofporia,2027-04-23 05:00:00,procrie;gozosa;torpe;posam;
3869,iovrbaoiaaehucsrbrdnaaodasaosrmerauasgcl,2027-04-24 05:00:00,endossa;sarara;risca;haure;
3871,aaogdanarijirdsoluoanUulatnadtoervaapaso,2027-04-25 05:00:00,adaptou;notava;rajai;anula;
3873,vafdmaesrliaoanpogibrmcaramieeossurgmbti,2027-04-26 05:00:00,espanco;sambai;mamao;rolar;
3875,npfimsfzuqeelaeasausbrdouodabesteduguonu,2027-04-27 05:00:00,queimar;lesado;gabou;deusa;
3877,esmozhajabosmeafnuatallccsimirooeosltbev,2027-04-28 05:00:00,liberam;zombou;falem;cesso;
3879,dmchrsudtgeafaiaoapivgtjafreliibfmsasaas,2027-04-29 05:00:00,tarifar;digita;fogem;baila;
3881,iosnifarcoegesaazseatdneivctnodiencoissb,2027-04-30 05:00:00,enganos;ciosos;venco;zinco;
3883,tnadeblootiseeitaesealredrrrvaipmacecaba,2027-05-01 05:00:00,ardesse;cercam;baile;tinto;
3885,sceamsnshidfueeiouamoevnbafamtaendicuaro,2027-05-02 05:00:00,atreveu;difamo;meses;acuam;
3887,acomiepmiulaurarrosgsrepedveeodosospzuag,2027-05-03 05:00:00,paredao;desovo;peses;rimou;
3889,nifoopaosaxamecdtodipriezansumorimoretug,2027-05-04 05:00:00,amputem;recrea;oxido;roido;
3891,ovftepariuaiutonuojcdroemshpeoovidefimrm,2027-05-05 05:00:00,pedimos;chefio;uivou;atuei;
3893,edtomrsmlprreimoeeodaouaejfceuceiaehlvrn,2027-05-06 05:00:00,encurve;moedor;chefa;traiu;
3895,diefaesaemlitticbgsaeuisabsmdnjatodouidu,2027-05-07 05:00:00,militas;eticas;gabei;duais;
3897,dumaevviarocirnusvtadunvlaiaadeierbsfovm,2027-05-08 05:00:00,revidai;inundo;relva;corta;
3899,rcrefjiDtavutasdruimdouoasrouemrbsosdlac,2027-05-09 05:00:00,ousados;turvar;rasos;ruimo;
3901,foeodoladscenmavabnrauverveosarmmaosbirf,2027-05-10 05:00:00,malavem;orando;surra;brado;
3903,iiasasanrosimtoseuoavarmmvlauiecemldtmud,2027-05-11 05:00:00,mudavam;dermos;sirio;latiu;
3905,Araovmmsletatesiasorlaioroaevoonlotldlos,2027-05-12 05:00:00,relator;sismei;resto;votem;
3907,cimefhsjevtfojaubiomeasiadorvzoshempacra,2027-05-13 05:00:00,orcavas;provei;modem;sujai;
3909,msEloaadaosagtcaidmoeiidreeeirdadecxdpsa,2027-05-14 05:00:00,exceder;sadios;ticao;magoe;
3911,aielacubcsertsrrredmaepacormurexaaioqoaz,2027-05-15 05:00:00,buretas;acerca;praxe;catre;
3913,oiravarerbmioiedeeedptifrefdustielieeuos,2027-05-16 05:00:00,deferem;doarei;ebrio;situe;
3915,flpmemgcuaiimuaelasemartrecvereifastspev,2027-05-17 05:00:00,previra;celula;safra;estes;
3917,dusainftocaofedsljaasnaoihcruasvxecrelva,2027-05-18 05:00:00,sovavas;sacudo;afine;checa;
3919,rnurosuoaaiuilamdacooceviznvrrmaoceemosi,2027-05-19 05:00:00,urinara;cozida;ousou;morro;
3921,coaceenaemnrirmpRmtafremmierevaeirexmung,2027-05-20 05:00:00,empanei;fremem;mexei;ungem;
3923,prcerbauiaptvrdrovoareimamulerpoicestuas,2027-05-21 05:00:00,impuras;macule;crivo;durmo;
3925,pevbmaprcniovmatoapaliopmisoevefbatsnaro,2027-05-22 05:00:00,velavam;traimo;pecam;posta;
3927,iuutaonumroooifeefumdbaflidoeisinosouvav,2027-05-23 05:00:00,eufonia;dourou;botai;ouvem;
3929,parfcuagvaaosoilvitemeodagssgcauchaoasmf,2027-05-24 05:00:00,odiemos;fatora;chaga;goste;
3931,adiaesmgibrsooeeudelnsensmaeiziteamsEtnc,2027-05-25 05:00:00,cintile;senoes;sarda;gemeo;
3933,numtrhcatabuboatirvrepnuarsolousivaadnst,2027-05-26 05:00:00,supondo;brocha;atuns;untar;
3935,piosaspavrpuEoedreandmettocadourensietff,2027-05-27 05:00:00,rocando;dopemo;freme;uteis;
3937,maororjlcinisloabipdanhoreraoccaajlzceso,2027-05-28 05:00:00,roncais;rolhas;prazo;coajo;
3939,otbefuarreaolrcogerNaeuoianodiDqetujroao,2027-05-29 05:00:00,furador;regera;beato;junte;
3941,orvamuafluapmrtptiosobtodadutiicjozaetga,2027-05-30 05:00:00,postada;turbou;tocai;citei;
3943,icmsereucaorcoqhvmlacllruoaetosorgltganb,2027-05-31 05:00:00,voltamo;querer;rosna;icamo;
3945,nravarevgoaslieddniibfltairaxuigselbmsid,2027-06-01 05:00:00,brindai;fulgis;lixam;ditei;
3947,alairhcvevJFoaizomRUpmcftfoiuiauarretoto,2027-06-02 05:00:00,chiaria;forrei;lavem;citou;
3949,asfemlaergstfecrifaaseacarriripgsrasefar,2027-06-03 05:00:00,gastara;realce;femea;firas;
3951,argenasaebpuroissbosgstrraoptemeevsuaerc,2027-06-04 05:00:00,sugerem;sosias;penar;bares;
3953,paccegpHteefhaianlrtciapacoaaooesenmegnj,2027-06-05 05:00:00,colante;emanes;chefe;papao;
3955,vrafbRamoroadooicasvtiasrboesavlaoatojuo,2027-06-06 05:00:00,corarao;vetais;bodas;Ramos;
3957,sgfgceepoiaotnasarrdnsomdaeipguasnrcoceg,2027-06-07 05:00:00,penosas;cuspir;gongo;fisgo;
3959,ucvtnasocaiossstadceioahtouondlepsslegas,2027-06-08 05:00:00,agendas;custos;essas;olhes;
3961,apieedommnctestoiurgmaicocuoosraalamaoav,2027-06-09 05:00:00,variamo;testas;ceemo;calou;
3963,inamaotbrgsfoeoaeveurltasrjpeescniordvaa,2027-06-10 05:00:00,inseris;revele;depor;verga;
3965,asrejoimiEimrcjheneesraufchpsiraaloafipo,2027-06-11 05:00:00,pifasse;mijara;colhe;errai;
3967,reaaluaisotcetnotcmanerrliaodotuulvadisa,2027-06-12 05:00:00,surtido;ultima;coser;acata;
3969,efaiaraspcosdutaofemonlmnaesceliatoJomdd,2027-06-13 05:00:00,lidemos;alunos;sarda;antao;
3971,atsoovtmrvesmtneoassoiaatscbonibesarmoso,2027-06-14 05:00:00,atracas;rombos;votes;somos;
3973,oensmogmvhEatusaaelrptaasoaupliarrdasger,2027-06-15 05:00:00,ovelhas;Erasmo;supus;leria;
3975,efiivadtslmnaoreuesahlpeeiforaetmancvgec,2027-06-16 05:00:00,apetece;infame;seles;coram;
3977,ompedavteraurctioedrepordedmeunoajormdzs,2027-06-17 05:00:00,conduzo;dedura;topem;deram;
3979,mrormivaeitaonegshlzptaiaebnaviriserafgp,2027-06-18 05:00:00,apontei;ralhes;tremi;benzo;
3981,isammxaoneapeocopiutifrmmropsegoemeluosl,2027-06-19 05:00:00,maturem;mineis;coaxe;poupa;
3983,jposvaseaidntoldaraeeamecsestnoafacrfoop,2027-06-20 05:00:00,entedio;jardas;fresa;ponto;
3985,euaiscesomnrafellcleandtromeioriaspoumsa,2027-06-21 05:00:00,raspemo;mornas;anuem;teles;
3987,ivouociutlsstsaqeeeeuoftacurpilatocelfac,2027-06-22 05:00:00,eletivo;quisto;ouses;falta;
3989,valirrudbascruoeentoracztlasifcnealapeun,2027-06-23 05:00:00,crostas;balira;nunca;urrou;
3991,asdocviasfiulnpomotomecofiuodieslormrrua,2027-06-24 05:00:00,afoitou;morrei;vinco;melou;
3993,purfreullaaoanetearisgoiruetrieeoadocacr,2027-06-25 05:00:00,receite;aforar;reais;grito;
3995,arpdosifmoenscsnebiftirtrtulraeoesioaatm,2027-06-26 05:00:00,ilustre;instem;porei;aorta;
3997,geisotirzosoacfffmiimefiaincorxctsadeoLu,2027-06-27 05:00:00,Lucifer;ficamo;tossi;gozei;
3999,meimobtaunaiaoviocivcsvdlrrmiiesaheapura,2027-06-28 05:00:00,impuras;vicies;evita;orcai;
4001,oclaboegpserallrmoespihfaraelboaorvauese,2027-06-29 05:00:00,abolias;pelava;lesma;serro;
4003,sivibosszavaaueaircdpmiatuaagmeajaleefum,2027-06-30 05:00:00,tracada;abusai;gemea;ossea;
4005,ujodiloiacesalblhvcnneaimoeiegrbnsorgesa,2027-07-01 05:00:00,abolido;genios;nasce;chova;
4007,msehijroomdmapadsnapsvluapsaarezluorssem,2027-07-02 05:00:00,produze;haspas;valer;saras;
4009,erocemabamujaerhbtamoavaoresghnbmstaruom,2027-07-03 05:00:00,embotar;averba;mujam;sesta;
4011,imishlacoeaiioerumdabjupanaditaocsotarEc,2027-07-04 05:00:00,mediais;danosa;aboli;epoca;
4013,gelachogpqduialaaursgcsvseepeaurmemusira,2027-07-05 05:00:00,persiga;espume;pasme;curva;
4015,padovafservmzloaPsihiuurcaloogjilacmsiai,2027-07-06 05:00:00,admires;ajuiza;calca;molho;
4017,usoudruzadliaelaaninqealsnauonifacteored,2027-07-07 05:00:00,nanando;diluia;tacas;azule;
4019,msacunaNahlehpiifascrarpscieaacoehazitif,2027-07-08 05:00:00,aticara;checas;aches;calha;
4021,sofagarvsebotuiaiteflumtotamrumasajoasar,2027-07-09 05:00:00,esofago;ativar;titas;major;
4023,evpunmuumxeasoioesiicrsivooGbenoagebucfr,2027-07-10 05:00:00,incubes;vexeis;criou;Goias;
4025,eaprasoizagusxaGosmsburbaaidulivdlhoalaD,2027-07-11 05:00:00,aprumai;soalho;dubla;Goias;
4027,osuaderbincsvaotudoilmooaolrietsdameodie,2027-07-12 05:00:00,tostemo;isolou;odeie;disca;
4029,oatapavrisseadeurntnlsaioirJotiopemnicee,2027-07-13 05:00:00,noticie;soaste;atlas;repor;
4031,olcvatcleeitauoasitetabrucsivaiCaosvcsro,2027-07-14 05:00:00,tecleis;citava;bocal;oliva;
4033,xsacnosslaorvasoavuraametiedmruirrzlahmo,2027-07-15 05:00:00,ancoram;xavier;atriz;armei;
4035,trasitunapoteoouhpeecrpcsmhiaispocarbueo,2027-07-16 05:00:00,achemos;pastei;porta;topou;
4037,svedsaifaiehdxcaatnnemisxmsoafadEevzirmo,2027-07-17 05:00:00,modicas;sonhem;nariz;fixas;
4039,amdimsevoieonlaschxmgorrlopaaorusijirdaz,2027-07-18 05:00:00,salgado;domino;pilhe;rijos;
4041,etiaeesgcarfjmgiamgsohaptosreaurfaemlgse,2027-07-19 05:00:00,grafita;atasse;rusga;ceamo;
4043,oeuieiaeqpnmsaeteuvirnrpiaaolarapmdcrece,2027-07-20 05:00:00,carpete;enviam;dormi;ansia;
4045,pncboamliseiarueimrlagdsarndueaivilnssdp,2027-07-21 05:00:00,insiram;reboam;vinda;pisas;
4047,liaidadgoaravoiemremerapalasesenjnudojir,2027-07-22 05:00:00,aviaria;ranjam;penis;odeia;
4049,lsbcaaqrauaucuvasclieeclsixdaaeabenalfsb,2027-07-23 05:00:00,caculas;lixeis;inala;rales;
4051,sbovigeuaiieurjsaldgnzeadoeaufimdvnlenci,2027-07-24 05:00:00,funguei;boiado;sujei;velas;
4053,dsivtoaeiaberazilllfrrotemacgatabremrodo,2027-07-25 05:00:00,lembrem;azeita;garfe;lidas;
4055,divaporaiamedinazarrctobecoiegarvorlarsx,2027-07-26 05:00:00,apontei;vadiar;evoco;cerda;
4057,jcromunraifoseudmlpaloesabisceuvclcemoda,2027-07-27 05:00:00,aflijam;bispos;calce;duele;
4059,lamapaticomouelfnasoisoramiaemceurccsian,2027-07-28 05:00:00,ciscais;irmana;cismo;emane;
4061,memmbtchntpaodorisidaevetaurtnuntjtaores,2027-07-29 05:00:00,detones;tombam;menti;nervo;
4063,vumadruigaleuirgenepuarmtbovgiliasloverd,2027-07-30 05:00:00,religue;evolve;urdiu;pluma;
4065,craDtrossavtinathmooaireelolmidchosreosU,2027-07-31 05:00:00,olhemos;detras;Diana;cravo;
4067,caitonugegoferaoovnsjaualuibergcboIimnio,2027-08-01 05:00:00,neofito;bienio;aguou;cagar;
4069,oYnroilbrtaeceaaakmatetvstnriioieocfedma,2027-08-02 05:00:00,contata;receei;abale;fedia;
4071,poaosmnsrtcjuleasadidomemouognbbmfviaaoa,2027-08-03 05:00:00,saneemo;ajudou;pocos;digna;
4073,bnissecoaeoelravofzclofspraaramerumbsarv,2027-08-04 05:00:00,profane;forcas;lesse;cozam;
4075,pesalsuzvrpuraoleoatmdelgdoagarzatdrnuoa,2027-08-05 05:00:00,esparso;adorna;lutar;rezou;
4077,asdatcbsmulafanolaafgmgrohraofaaciociarv,2027-08-06 05:00:00,afofara;olhara;sauda;afago;
4079,doooaiflidsratvutciofeiisanglgvscasoraia,2027-08-07 05:00:00,folgava;dorica;idoso;evita;
4081,mpoiraceseauiuufjcfdrujezaaiaeaJotoKsrnt,2027-08-08 05:00:00,sentara;jururu;faces;Kioto;
4083,rsodomataauieaussqfrlnscooapalubdboosmon,2027-08-09 05:00:00,custamo;faquir;bolso;plana;
4085,tbcecmiiaaripulmrptoruoaiaictixtmilorees,2027-08-10 05:00:00,cumpriu;recita;texto;prima;
4087,esctcrrmnapieabavIstsrmpoaorcaiapxedaMlr,2027-08-11 05:00:00,picavas;tercas;abram;cardo;
4089,omegatneemeoserefoamiaitabevdlomrlodomar,2027-08-12 05:00:00,loteria;domamo;entao;gemeo;
4091,mbacupanaafolvdbgiretmsoonrfijratpsmeaes,2027-08-13 05:00:00,mijaras;feriam;vulto;bando;
4093,esaaspmefcmlgoasamueoilsulosidihbahpsbac,2027-08-14 05:00:00,assemos;algema;dispo;malha;
4095,Haasdedaerivlumlxotsoamourstrsrprsemdice,2027-08-15 05:00:00,trouxer;saudem;sovas;cidra;
4097,avmbaeoseadaugsaciiagogopmselgrrpogsiaab,2027-08-16 05:00:00,arrogou;adieis;algas;assoe;
4099,jleasuraaefbeabssgomlntelajicoeeivomedsj,2027-08-17 05:00:00,dejetos;arabes;lenco;miemo;
4101,nsgrzogviluaoiadesaobgseenedmiaourErerer,2027-08-18 05:00:00,aderimo;insule;reune;vagao;
4103,orcernagqaagnrixauieocaoferssfciopeolito,2027-08-19 05:00:00,energia;quepes;litio;ganir;
4105,deeatNuaonpacaarostcerivupaegrfescraiala,2027-08-20 05:00:00,suposta;penedo;cacei;atara;
4107,odrisucfmreaoiraocbnsemeogemogemmrafoage,2027-08-21 05:00:00,embasou;aciono;oreis;grafo;
4109,baoeotiltrrbsgresloaitneiasvaoveletocsod,2027-08-22 05:00:00,raivosa;evento;trigo;obesa;
4111,nedaasaotsadongdanpsalleoouecgaprttoiedl,2027-08-23 05:00:00,padecei;trotou;glosa;dante;
4113,eangairnPoenaaerurusicuosaamnsntcpzoaigu,2027-08-24 05:00:00,sazonas;cerrou;ungia;Peano;
4115,moacepadnoifjesiaasuenroldgiojameonmasIH,2027-08-25 05:00:00,alongas;moidas;rajam;pecai;
4117,Eioladcarevhlzervimoeixeraiinmimlaruxeni,2027-08-26 05:00:00,revirar;molhei;viola;eximi;
4119,acgugsisatgaeuevmplejmraaejoaocmdisufmda,2027-08-27 05:00:00,marcado;peidam;mames;sujos;
4121,trrsoRerearftcinoboroaaoicaneddotrleavsa,2027-08-28 05:00:00,vedados;berrar;erica;sofro;
4123,pamermtlatdolaauosriarumveutrtaolonaiasr,2027-08-29 05:00:00,tatuamo;demoli;padre;lutar;
4125,ievasbgaarofaledatoeasliomivniazmafasvsi,2027-08-30 05:00:00,aforamo;dizias;evita;belas;
4127,prfpiocoamtnedoalaeoittdvdschlonozioiaev,2027-08-31 05:00:00,penetra;maldiz;venta;alhos;
4129,bacheaannoimlvmdjbiveoamurnahaaeceecncsp,2027-09-01 05:00:00,reenvia;evadam;malhe;ancas;
4131,xiatoaoJiaiacanrvrgontopeaeidespnadspbia,2027-09-02 05:00:00,bendiga;nacoes;irada;nevai;
4133,arritngleaouiesetuicvajasasnairaoraareiv,2027-09-03 05:00:00,ousaste;sentiu;varie;rijas;
4135,vopcabeiodclacobaaorancsvndcaesoeuhoprve,2027-09-04 05:00:00,cabacos;condao;plano;chuva;
4137,rmapgnigesioaiifxaculerroeilersapcunvasc,2027-09-05 05:00:00,inversa;sermao;ulula;frigi;
4139,qehlarassemsaupiisidrursoaoraevescrcnezt,2027-09-06 05:00:00,ardieis;reveze;auras;cocos;
4141,umeguerfcloasrieeitiboslscpfdasimiapstac,2027-09-07 05:00:00,batidos;listas;culto;pisei;
4143,saclixamnsoclsomaeicgroemtvamarreeisfata,2027-09-08 05:00:00,lixamos;gramas;cisne;trema;
4145,temgnaaboadiugraitsoorelaisoomacmapvpcra,2027-09-09 05:00:00,pisados;povoou;totem;ginga;
4147,oatmoegtpieonmniofrdsdademmsalesfihsozaf,2027-09-10 05:00:00,rifemos;assole;ondas;fazes;
4149,oddjsvopatidiaarvmusetenmamrormccobsisoi,2027-09-11 05:00:00,provier;mortas;comam;davam;
4151,monmicosatsaovarfuatciiposuocramntevapfi,2027-09-12 05:00:00,atuamos;cravou;privo;foste;
4153,suraexemevooretsaedgcrinchlooseacaemooxa,2027-09-13 05:00:00,corteis;chacal;ouves;doera;
4155,uicsodafofboasemdinavrrvaatalenoLrelmgst,2027-09-14 05:00:00,lavabos;fintam;meros;fedam;
4157,uarpcdInrcasiraaciteiaaelnenvdiruivaipgt,2027-09-15 05:00:00,curaras;inclui;tigre;piava;
4159,vidlatsccirIjrousaMiogsaiiPgmesvjruAsaac,2027-09-16 05:00:00,cavasse;riscai;guiai;moral;
4161,cremiammadavarasgnisvoraoarliotatfutgdmu,2027-09-17 05:00:00,fulgido;vedara;votam;saram;
4163,mijosamoopoarlfreroganifjarailreeamafvid,2027-09-18 05:00:00,filarao;linfas;vidre;miope;
4165,ertrsoamrmieesgiobaumeraobrgclaeasicairn,2027-09-19 05:00:00,obrigue;esmera;caira;renal;
4167,bomnaJunlieasfaieargaroaadfptruvosmiocso,2027-09-20 05:00:00,faliras;Junior;afane;pagam;
4169,snajtetoaioebonolonamitpotrumcreernfcnit,2027-09-21 05:00:00,nitrito;salina;bento;mania;
4171,jaaoluamomodrfemlcoagerrradliaiubaorvado,2027-09-22 05:00:00,ligarem;abarco;furai;ruido;
4173,ngsovaapaibissrspbenajoearsmiaeelzesmolm,2027-09-23 05:00:00,oleosas;sinais;sovar;pinga;
4175,tocaorlosreljztsidauaaaesadsstafiasaibas,2027-09-24 05:00:00,alazaes;ajudas;assai;tabas;
4177,oaseraeorrsirirdaepsiegaardrrmloifeooipr,2027-09-25 05:00:00,orlarei;ferrem;pioro;areis;
4179,fiJholaaflavavtuiemeidlaepuaohrcLeiqcouf,2027-09-26 05:00:00,ovalado;maquie;havei;filie;
4181,redotfaaeraumolcedcrivuraiaoecaoedlcaram,2027-09-27 05:00:00,locarei;reduto;virmo;lacro;
4183,shbaguacpolaiaopaicescshcenaiicavortfamo,2027-09-28 05:00:00,trafica;pincel;choca;evoca;
4185,saxcmaxecicoepamaocnomapimesocdaexepbasi,2027-09-29 05:00:00,mexamos;cocais;penem;sadia;
4187,brarurdaohifouplcnasrlevnsapioemcotmubto,2027-09-30 05:00:00,constam;adulem;motor;pubis;
4189,uarpiacscufrsaedevsaftsooritreaineMIombt,2027-10-01 05:00:00,descair;fretai;ornei;causa;
4191,peljasurosafraintmtnvecaeooagtasdprriRmn,2027-10-02 05:00:00,mascava;depomo;urnas;total;
4193,chieasiapvivioboarapxrrpaioesdaasnruaram,2027-10-03 05:00:00,ansiara;aborda;vivas;apoio;
4195,emiafcemnoescaozglsmartisiudbeagoasoalac,2027-10-04 05:00:00,engoliu;cabera;dosas;fases;
4197,uvaAltobasmaoesrcairsmceaanuuesmctimsrpe,2027-10-05 05:00:00,presumi;cremes;lesar;obsto;
4199,anozaledriasoimueesfabgeeobssesasoonoogv,2027-10-06 05:00:00,sazonas;afobes;reboe;sonso;
4201,nrplrjioaeaAanocrastafrecpudcosiAjonvote,2027-10-07 05:00:00,esforco;penara;junco;cinja;
4203,cadasimagahiaacifulmcoendaesuprhopiuesea,2027-10-08 05:00:00,caminha;agueis;sacai;museu;
4205,copisscbrietaoelDauograachgcsisbrenamcre,2027-10-09 05:00:00,poetisa;ciscou;chaga;Darci;
4207,ropeiarvnujiaotoaalssasniaatepoescrtujmt,2027-10-10 05:00:00,jornais;atrais;pasta;notem;
4209,osmarorcamexadlvpfvibnsainiomroaofrilfgs,2027-10-11 05:00:00,infamem;rondar;lavro;baixa;
4211,etidsusicoeeavpvcalsepegenaiadrmrmMmntea,2027-10-12 05:00:00,imantem;mencao;sedes;leite;
4213,roopaifoeemalzeizcdaneajmibuaxtratcagpas,2027-10-13 05:00:00,enxagua;aditam;rapta;bacia;
4215,ssosacrairctaiiotmuetsznuairioemengfuccu,2027-10-14 05:00:00,imigrei;turcos;situa;nozes;
4217,idurdtnpDroidesssjcaaroscacoitaniuebicup,2027-10-15 05:00:00,coibira;cuecas;punas;roida;
4219,lzaoepscutivtianlciicpfieumchadgdqoamuar,2027-10-16 05:00:00,cultiva;gradua;capto;chico;
4221,otvetsijpstinrrguoepcuacatmataiomamrocer,2027-10-17 05:00:00,tostemo;agiste;matam;troce;
4223,vacuclaferpofacuevsaioiuodetemmobrotiniu,2027-10-18 05:00:00,prevede;brotem;mofai;tiniu;
4225,onitraustcasomirferaalfamozpagepudreidsi,2027-10-19 05:00:00,proezas;apegai;fruis;nitro;
4227,huermotdzilijafuarnaujalaraoocemvrursefE,2027-10-20 05:00:00,flameja;azulai;reino;Efeso;
4229,chsobatouodemomieveiidigdmiurotacerafrte,2027-10-21 05:00:00,fruirem;teatro;boies;chove;
4231,itapcuaacodabrzsaalvaocilvirgsaoetpaenrs,2027-10-22 05:00:00,obviara;ranges;alada;socos;
4233,efogaogecramreleesouirtsctraieseealpiAcr,2027-10-23 05:00:00,teceram;agrura;seria;fomos;
4235,uricamlsjmarlaoaaaspevatpdgoxbaoaosaitnd,2027-10-24 05:00:00,exprima;atando;apago;alamo;
4237,maivmesaolecrsbsevamhipsactcnaatcosutces,2027-10-25 05:00:00,tapaste;cactos;sabem;servi;
4239,miugeoieurrmdlsrcoseamvepacapiloulsiaunu,2027-10-26 05:00:00,umedeco;evolua;murro;lasca;
4241,paiusiraoladlnpjvdpoapasecctafernaemlsfu,2027-10-27 05:00:00,acoplai;vencem;salta;papes;
4243,torulsarbulivaaugamfemlsriseaearmadnfsde,2027-10-28 05:00:00,mugiras;usaras;aflui;melas;
4245,iesausezaotcfeausaseradebairgexovetaropc,2027-10-29 05:00:00,arroxea;ateias;opera;fuces;
4247,bsnadniseuccibeorrmarNzwieoseatnavanstao,2027-10-30 05:00:00,rosnava;Newton;cures;zebra;
4249,aggarxudruairlnoscbefambalralmapetpnrole,2027-10-31 05:00:00,ondulam;amoral;rapte;graus;
4251,edtrrfasipousisolooacaemcrcdagrmpentpsoi,2027-11-01 05:00:00,prendas;colide;fruto;pagos;
4253,ftofasdaolamnsrccolniooesahirsnfcefaetiv,2027-11-02 05:00:00,laminas;enfoca;linho;corda;
4255,Embsocipaaamrlscijtuacheeeoriarilevsocni,2027-11-03 05:00:00,murches;ciclos;crina;batam;
4257,edaageaoideiusrmarcemoerflnnianiosaesohn,2027-11-04 05:00:00,diedral;ninhos;sofre;morre;
4259,dartocctivondaealsaravvuerojteceotutmalc,2027-11-05 05:00:00,travara;dileto;touro;sonda;
4261,eepeatodmxujvlcoocairaifslaraecrcaisMhCi,2027-11-06 05:00:00,cerveja;Cirilo;alisa;casco;
4263,euitambafngrpasmooreotisrlusrlcoeagieami,2027-11-07 05:00:00,rugires;engolo;tiram;samba;
4265,viiavnoaetaeaimmrisrgaloaorandrfetmaiaes,2027-11-08 05:00:00,animara;mandes;moamo;estai;
4267,oaBiasiurcseuoqehachnusajiacluolvosofnga,2027-11-09 05:00:00,lasquei;chicas;colhe;usais;
4269,vcsoreasoaoospseamiocarojspaaeavlaolihod,2027-11-10 05:00:00,repasse;coajas;vasos;copia;
4271,ifpoxsaiceruapitaoniedmpvbovraocigrhcaso,2027-11-11 05:00:00,repuxas;chover;gibao;pisai;
4273,trtelsozanaubcandgaSomeccraaaamohovrputr,2027-11-12 05:00:00,sazonem;tragar;chova;Santa;
4275,aepaecclontixeuesrcprrrruaoaaaeormasmafm,2027-11-13 05:00:00,curaram;encare;aorta;lerem;
4277,modseulnoepareoefctoadvrseujnonousrergme,2027-11-14 05:00:00,topares;enlevo;cures;nadou;
4279,erofoeraatelnroenrisviecfegaedriaosibave,2027-11-15 05:00:00,recorro;regais;elite;vedei;
4281,lcaevioooaravicdrrrafosoJaoluuaonjbabicg,2027-11-16 05:00:00,arranjo;lacara;viver;fluiu;
4283,tiopseofebealmofrioleadaasanglltbaiecoao,2027-11-17 05:00:00,englobe;apoiei;baias;teras;
4285,nsparamlaeenduadastiognaprgucbcaemrsuibE,2027-11-18 05:00:00,rugindo;apenas;busco;rapem;
4287,nasnioualtpoeitamuvbsvaparaermcuGbrtaaio,2027-11-19 05:00:00,inovara;multas;breta;pauta;
4289,brolugaeeAseacrllinareherdsorevnuenrgeda,2027-11-20 05:00:00,deveres;grelhe;calor;ornes;
4291,icscifimmeoacvienatmirpmtaeefslausnvarts,2027-11-21 05:00:00,cimenta;primei;nevem;visar;
4293,cpadilbeetvNoulticevjrgrcdsoeemaeroaxnsl,2027-11-22 05:00:00,credite;nevoas;jurem;vadio;
4295,irmatopmiuiagmertreldnilnuiaieugfgftrofa,2027-11-23 05:00:00,ruiriam;pendeu;ungir;fatio;
4297,tacadierfhsnprpceeogeaateproarriodiDdsfe,2027-11-24 05:00:00,fritara;perdao;chefe;gripe;
4299,bealgloeiraaecnmltnbdceaeeneinifoavidsra,2027-11-25 05:00:00,comenda;gelara;beira;abane;
4301,nscxoreaaoaicanaxldtobsdigpcsemttragaeas,2027-11-26 05:00:00,coreana;gladio;traga;escoa;
4303,jncsinciioaaohmeumfigpumacrrsiespoajougr,2027-11-27 05:00:00,emergis;manjou;incho;impus;
4305,tetonamepnedsfdeeiuqolalgomunsaablapvaif,2027-11-28 05:00:00,quietos;falais;bolam;nadem;
4307,apleuarofscsrferasuiaZsmrmrtrgdosabBaain,2027-11-29 05:00:00,rufares;passam;lesar;Bagda;
4309,irssniteatevmuioplisrigsotvsmsumaiooepig,2027-11-30 05:00:00,minutos;sismes;vetar;mugir;
4311,digsungtuuvinaeltoraoclasrpmluopoipulsse,2027-12-01 05:00:00,digiram;outros;louca;pisou;
4313,scoocodoeirapipacvfpieasediarmurtesgorma,2027-12-02 05:00:00,decifra;pipoco;usara;rogai;
4315,romresaposaarsercgraueicizseufzialavrlar,2027-12-03 05:00:00,amorosa;surres;zerar;paris;
4317,fcamltetegioelasextapecafsoebeshbasaifas,2027-12-04 05:00:00,achasse;baixos;testa;feias;
4319,eiocmseojtmoazrgtematmeliiinsomavilurvac,2027-12-05 05:00:00,imantam;coteje;ruias;calem;
4321,casouncaifrromiiatfreasrroarostsahnomeor,2027-12-06 05:00:00,minorou;cifras;honro;tiara;
4323,rapmsuofreuearafetnloidlseshdogarcatidaa,2027-12-07 05:00:00,estepes;malhas;adita;girou;
4325,aipedcotraiseaacgovargsmnrrmraaoiogtaiga,2027-12-08 05:00:00,deparai;regamo;amais;trais;
4327,idicrrusveoamfeeatiaruapaurorifstusmvaii,2027-12-09 05:00:00,suturam;fiarmo;rufes;urrai;
4329,arauearthpomtjagoodbenarrtmvndopselariue,2027-12-10 05:00:00,doparao;granja;hotel;traga;
4331,basanaifpriavreneiatgmortoouneceineesoai,2027-12-11 05:00:00,romenia;vaiara;taras;negue;
4333,rustecomeciiraaxiabrrfvlarvrsaivsiatouna,2027-12-12 05:00:00,abriste;avaria;torra;curei;
4335,lizadrepfiaznisoueileaangsafisicavcarbas,2027-12-13 05:00:00,perdias;vaguea;zanze;brisa;
4337,timacolrVovdfuaartloafapiasceihasaeltndc,2027-12-14 05:00:00,Vitoria;lufada;volta;finda;
4339,enosvbiaanxdeuajdvaidlrmfiosferuinremate,2027-12-15 05:00:00,arrumai;navios;fixos;burle;
4341,ilmosimaoidacscpnamgaeimrriralnaucjfpovl,2027-12-16 05:00:00,firmino;manear;micos;silvo;
4343,gaoeipiavrccnarpaodtajnofigaiuJimasatseo,2027-12-17 05:00:00,afogais;Junior;janta;rocei;
4345,ufandvocrjssaniucaecoeigfismudamreitmsma,2027-12-18 05:00:00,cansemo;tisica;fujas;magma;
4347,laopaaipuplrmndouscaeagvnarsertcbcapacil,2027-12-19 05:00:00,separem;propus;pingo;banca;
4349,obuaaizaGrtsmsgaatcooodjbovcidoeacreredl,2027-12-20 05:00:00,odiosas;obtuso;amiga;torce;
4351,narszonibiteselamseosiasodroaaalajasgejo,2027-12-21 05:00:00,destoes;gasosa;alies;zonas;
4353,aodaervennsdimniearaaoiailatesujifllocai,2027-12-22 05:00:00,enviais;miaras;filei;locai;
4355,fanvaceritetlcahnmoasonlasarneaecofsegrt,2027-12-23 05:00:00,aventar;alonga;atina;sofas;
4357,rrourfaaoetcmucgdesiasisrioilulaeatmbudm,2027-12-24 05:00:00,omitira;ululam;redes;fruto;
4359,ciuippotteatneeaailagovrnmnlsvriadoaeaqu,2027-12-25 05:00:00,arquive;pintai;amado;vogal;
4361,ltvatdtavosmurpaerneraeslaleoopaeaviirci,2027-12-26 05:00:00,estorna;aperta;apoio;turma;
4363,laCafpauyeecaeecmnylisdamauaagvichcbtaer,2027-12-27 05:00:00,machuca;Cayley;acues;menea;
4365,pegeedufalossatirtupcrtenaeaoesitovrYmna,2027-12-28 05:00:00,golpear;escavo;tanto;super;
4367,rdomsetrgorivnafelxfauldumoltogafomsuges,2027-12-29 05:00:00,golfada;flutua;entra;roxos;
4369,dvancaaxaemnstseinaoearccocribeauosFelim,2027-12-30 05:00:00,caibras;avanco;melei;taxes;
4371,ocaeorcacvioreaioumapafbrarmpcaotpipouer,2027-12-31 05:00:00,cavouco;pareio;pouca;afora;
4373,cxseasaaeeuoltecfahgosuaiaanlouisavefirg,2028-01-01 05:00:00,afiavas;glosou;acate;selas;
4375,dtoiplngovntaaaucbodacsgioeoidnrpzrmodve,2028-01-02 05:00:00,vendido;lacada;pinto;sunga;
4377,demonfccoasetoiesudbaelucstisnssaiatomim,2028-01-03 05:00:00,saudita;sineta;doemo;fones;
4379,iiorrocilctcaipeaarermcoavxaaarsviouocob,2028-01-04 05:00:00,piorara;cetica;licor;orcei;
4381,rcabasiuasepaaresmitanloofosldsdgaperboa,2028-01-05 05:00:00,captemo;banais;soado;assam;
4383,badustafodeesvaaviurierristenlpotatoceem,2028-01-06 05:00:00,estafar;enreda;tatue;disto;
4385,adecauaafraoesrsisfposennatmiiletoeGabru,2028-01-07 05:00:00,Gabriel;suaras;totem;facao;
4387,vrotietoefegaddeadidanvocaimeiapgabrfrec,2028-01-08 05:00:00,advindo;ermida;ferve;opera;
4389,lebicoibdoaslaupitbmuarormemencvirarioao,2028-01-09 05:00:00,provoco;ditais;bicai;mirra;
4391,ardosapvoumamscemagapurasgnecmtiifrsuuem,2028-01-10 05:00:00,cutucam;versas;armei;aroma;
4393,scznromuaaoudinhscSmasmohtsrltoumaeaulpa,2028-01-11 05:00:00,casaste;saltam;minou;humor;
4395,aoiefacsmuagnbaigcoortrrrdecaranaibudaus,2028-01-12 05:00:00,surrara;rocada;odiar;decai;
4397,gloagitoacbrssmaeraeaadaaretorrtdiltcgam,2028-01-13 05:00:00,drogara;lidara;rasga;omita;
4399,lahezaprfniliqsaoiteufrgEpvdmieeneadarrt,2028-01-14 05:00:00,geriras;quedar;rapaz;opina;
4401,iardananmraiaeigeatlstrlamlieifaocolaavf,2028-01-15 05:00:00,amolais;vitela;talco;adira;
4403,acizieaoteuritrcaairoseivnicleczsadipiid,2028-01-16 05:00:00,colidia;sanava;ireis;catei;
4405,aicmdsrcsdnaelaacoaettrnrasroiesarfarsxa,2028-01-17 05:00:00,areados;saltos;carne;rixas;
4407,caeraPcatotiaeeaouictrrcgztsobasoheaebto,2028-01-18 05:00:00,brecara;tocaia;besta;tacou;
4409,esmosmamliadseoiaamoopivtxMmsclorarpenta,2028-01-19 05:00:00,aliamos;epicos;modas;prata;
4411,fmltemipriuesaomsgsaauaaaunsvcdgpiigaaus,2028-01-20 05:00:00,saudava;multem;anuis;frise;
4413,holigaiunurestdvmemoiaemetaletcersocicaz,2028-01-21 05:00:00,retenho;ciclos;catai;sadia;
4415,spoomorvatnhfaorbiriociescesaspefactocin,2028-01-22 05:00:00,forreis;crieis;cisco;pasto;
4417,mirrdoirrabaeejecmvaesaieocsrogdtrtosfas,2028-01-23 05:00:00,tombava;bramir;areas;freei;
4419,offAorcauraniiogordefriaguadnesnelrovaau,2028-01-24 05:00:00,Andrade;guelra;rigor;cifro;
4421,oormapcacidugievasmneaatsauidrathmclajrz,2028-01-25 05:00:00,radicam;coisas;negam;trate;
4423,ogniaopciveetroomachcretjaaaauiusuvslznm,2028-01-26 05:00:00,achavam;cortei;porca;luzas;
4425,tesalalisermaiesjeteebtpuamiveiospvatlum,2028-01-27 05:00:00,estejas;retive;multa;pelai;
4427,ocaamavauorfaualiacorGencevfadsonenblsot,2028-01-28 05:00:00,enevoar;falsos;arfam;ladra;
4429,nsaaalicaiimasoavddioiloeulrrmmcsapahega,2028-01-29 05:00:00,aludias;harpas;laico;vedai;
4431,aceatfsuopxlraoguiahilcacoemcaciedobiosr,2028-01-30 05:00:00,deixara;talham;socai;bicas;
4433,egrinmesfsrfpireiceooretamlraiiginpierov,2028-01-31 05:00:00,retesem;minais;lerei;viria;
4435,odrusibrgxosuetoaiqurineeeeoiputrrtpaeom,2028-02-01 05:00:00,entupia;queixa;ereto;godos;
4437,asmiadetltsodpamuunaoosilaipsertxoramcao,2028-02-02 05:00:00,tapados;empino;ululo;mista;
4439,fxsesmoboetidaermrvavadraaaccasupirbtoia,2028-02-03 05:00:00,fervamo;adites;sexta;parca;
4441,ocnareoaasasvscrerafueeomacoofxalimpeses,2028-02-04 05:00:00,fofocas;limpes;armes;ranco;
4443,fazaeuooaefnvgaccutrapemqieeoibivfrmtmav,2028-02-05 05:00:00,gambito;franza;ecoou;fique;
4445,icosdaloamolairbpflisvefieeeocaigiaradsi,2028-02-06 05:00:00,boladas;imoles;pifei;fiais;
4447,ogesadavareposacnctasiaicivallsaarptoaac,2028-02-07 05:00:00,palavra;calais;lotas;sacai;
4449,opMurmfgtfraiueaafesshnrtamsasrasberolse,2028-02-08 05:00:00,fruiras;farrea;safes;sanha;
4451,niracamiaamluifrglrpsieibenceiordzemsnem,2028-02-09 05:00:00,firmeis;ganira;benze;mieis;
4453,svipbinaoaizexgaccaoacnaaatdtoossloiepta,2028-02-10 05:00:00,bexigas;anotei;pivos;sacia;
4455,aothlatdjrioompoxieauoiouatrdomcpaifarma,2028-02-11 05:00:00,cooptam;retira;tolho;morda;
4457,iaoetsepNnilioachofranimcubsashtnemmetuc,2028-02-12 05:00:00,leitoas;chutem;tinas;pecam;
4459,fiaxortuasMraaipceaataemromslllseuanuuup,2028-02-13 05:00:00,saltara;miarao;anula;rumes;
4461,ipodcegxeateudiegsplhiumeralomeglegiarsf,2028-02-14 05:00:00,espalho;eximes;cuide;poeta;
4463,aetoreiaritotvuicsvactdleoisaeeaetunljmc,2028-02-15 05:00:00,troteai;lateje;otico;nasco;
4465,dvarenesenioasiolsacsndvagariuodhvbaxsep,2028-02-16 05:00:00,sirenes;desuso;gabar;vindo;
4467,sedomomcgaomarcilotefoaepaishcsvobnaoati,2028-02-17 05:00:00,plainas;sofram;achem;micro;
4469,oomarcilisfosvotlimEdaogmofauiarcovlarii,2028-02-18 05:00:00,vadiara;gotico;sofas;livro;
4471,nlapoopepeaamarcedtsspviraenoeaaateulvii,2028-02-19 05:00:00,setenta;apalpe;vaiai;rapes;
4473,atemmincsulualrersspeigeomerfrtdluoarioo,2028-02-20 05:00:00,negrito;credor;lutas;emulo;
4475,aoueudavirammsaovegisasmbsrmcegiuoferrir,2028-02-21 05:00:00,mudavas;migrou;casei;rimos;
4477,opsipotrvoocgucaafrnomiolpaaeaamogmsrrod,2028-02-22 05:00:00,guiarem;topico;arpao;povoa;
4479,idlelemonaonbetemepstalxaomaasecsaroiusv,2028-02-23 05:00:00,dolente;amaine;suais;vexem;
4481,eeralegelvjasomamezarzjgdoesoaeoahrnilsm,2028-02-24 05:00:00,elevemo;morsas;alega;gajos;
4483,sgdjoibaaosegsntnvpaicoeetsgearlsiaisroe,2028-02-25 05:00:00,esganei;arrolo;banco;jogas;
4485,rrcfraolaecuiliemlaateosmctoabrdatdbojue,2028-02-26 05:00:00,bojudos;aboliu;celta;ateio;
4487,emalavtetgcufooaaaseimcrmlvveisifeaviuve,2028-02-27 05:00:00,gamelas;avivei;aflui;catem;
4489,norlzomasoarifabssiozacsrIrccsdmeareiraa,2028-02-28 05:00:00,roceira;firais;masca;rosno;
4491,lastagsnaeavaperfcsbtxaaaomomimtitieleda,2028-02-29 05:00:00,lixaram;negava;emiti;patas;
4493,saosanrvsdtnaoeearsramtzegogpeaelcasoddl,2028-03-01 05:00:00,dezenas;legado;antro;deter;
4495,utngpfitdiuosocnorinadtaeaoUiasenoliigep,2028-03-02 05:00:00,pontudo;Unidas;pegai;onero;
4497,urancsotnidseraddosdgruioleaenoshsgrsacd,2028-03-03 05:00:00,geasses;adindo;graus;dotai;
4499,atruabeiafoaxelgoetbviomspvooigsarosdoxa,2028-03-04 05:00:00,bexigas;afetar;leigo;posar;
4501,aoalmesspaimltuvcccaesentaledotspatoruao,2028-03-05 05:00:00,tolerou;miccao;venta;capta;
4503,armeragrrooaoftacausmlsotosoebgemaaroaiv,2028-03-06 05:00:00,esfolem;vibora;assoo;gosta;
4505,sleseuesctptsmofromaitoruisrgefrzmeaciee,2028-03-07 05:00:00,tomares;torrei;mofes;peste;
4507,sgragescoteiaeladuqcmrptnaosneodubotursn,2028-03-08 05:00:00,relatos;gostei;bunda;macos;
4509,emiipErpfamataaamdtoafocreilesrtvacbasaz,2028-03-09 05:00:00,meditam;apitam;blefa;assaz;
4511,evaiiimsrrfrccartiuboniomepsiafuavivaram,2028-03-10 05:00:00,aspirar;incoar;bufai;vivam;
4513,ljviesgoeesacisncfameureuriixdacrarateac,2028-03-11 05:00:00,risseis;caduca;exime;rifas;
4515,eteiivoasratagsupCsffdsaaxiluiliaiuodvar,2028-03-12 05:00:00,fatigou;afluis;lisas;estar;
4517,oairgvesomagujerlfadairgavomaieammorfivc,2028-03-13 05:00:00,revejam;caviei;gruda;grifa;
4519,csltnvrauapaomvndirrfireinsetamaulhaagij,2028-03-14 05:00:00,arvores;uniras;mijar;evita;
4521,brdaloeosarvccavmcvaarnvaaouioiienrtlcse,2028-03-15 05:00:00,inicios;locara;macas;torne;
4523,unpecnpitdoutaeasacplrdtsairafmoduoniaex,2028-03-16 05:00:00,pontuda;sairia;drena;culta;
4525,gerinfaotaammslresuoeraorosAcrifbeuqieta,2028-03-17 05:00:00,afirmes;usamos;reate;infla;
4527,aelterangucaanitdocaauimonsildseamagsera,2028-03-18 05:00:00,intimes;iludes;cucos;alega;
4529,ibdosauqalstsouebtuopbrpesuramelnqeitsaa,2028-03-19 05:00:00,abstens;querem;topou;lambo;
4531,cotapscsejivaasoruuelecorafisicepamfurta,2028-03-20 05:00:00,capasse;cetico;farpa;furta;
4533,ogevuanammpstobnaaeednaamssledrcapojameh,2028-03-21 05:00:00,apossem;peleja;ouves;achem;
4535,oeizaparrnvlpesecesaiaptortggsrdsuidoopo,2028-03-22 05:00:00,estrago;plagie;rapaz;reino;
4537,lgeateopfonpgirsraahnuspdotVIifarenaHaab,2028-03-23 05:00:00,engolfa;possui;tinha;prega;
4539,dviurooeiodoihnfgaaacdvaaerioacuatacdoiv,2028-03-24 05:00:00,viuvado;ofendi;cocho;ruido;
4541,oopadiaprtsnunsbrairaaoiaipffgnipfrouiuj,2028-03-25 05:00:00,inundas;porfia;arfas;inibo;
4543,foptesmbisuusdiaraCrpcigatmoamngiagoraur,2028-03-26 05:00:00,designa;gingam;opcao;Catia;
4545,urefaosnftalcasiciopcaarolseofdrmairepoi,2028-03-27 05:00:00,irrisao;separe;ceiam;futil;
4547,miiaotarhisciumtltelerapoorsivmaltdoemda,2028-03-28 05:00:00,mutiles;livram;tolhi;ecoai;
4549,oteipostaimcastamiaremosgbbBmotsuoorlrvi,2028-03-29 05:00:00,ambiguo;mortos;apice;Borba;
4551,bieraTgmpusomoeeiohlmivmoaroaseadomsatEd,2028-03-30 05:00:00,avistas;molhos;gemem;Tomas;
4553,esomvmaftntnaalsodaaagaoeplmmoccdloistia,2028-03-31 05:00:00,ostenta;vagamo;socia;istmo;
4555,itraumiaalabgrnauvrelcclcracaaruficocvan,2028-04-01 05:00:00,lucrava;gerara;crina;aluna;
4557,ieabgnlgsrtutaoosaeefaspoduveceomolsalum,2028-04-02 05:00:00,bufalos;velemo;ereis;afeta;
4559,sraregsneaimolaisrtaohnmoedbevoefdorlogn,2028-04-03 05:00:00,ofertas;rebolo;ganho;animo;
4561,ltaotccrovortsaaimasgiascoteurrureobffot,2028-04-04 05:00:00,esguias;castra;fruto;tomas;
4563,ixerinntgetetaaofaciniciosvpezvfgaoraoaa,2028-04-05 05:00:00,fascine;azeita;trina;exige;
4565,olpoehsipeafreteorrsrnIgugaaeusesmessfie,2028-04-06 05:00:00,segurar;prepor;geies;furas;
4567,divinaeaoraidmttotmaioermeoeranolasszitu,2028-04-07 05:00:00,ionizes;reatou;inata;morta;
4569,alaexbdobremeesrcmemrrcaoanxsatecemepest,2028-04-08 05:00:00,melarmo;sacras;anexe;balam;
4571,nsuisseimegmtolshuaoasaoaoecsintrmonevai,2028-04-09 05:00:00,atoleis;suguem;misto;avens;
4573,amanctzvorcceaoiotaitinledpaeusbalrifals,2028-04-10 05:00:00,pratica;ioniza;blusa;ateio;
4575,sisomuuiraerdisleoacagfrunuidioeacinaulv,2028-04-11 05:00:00,refluis;miudos;rogar;reuni;
4577,aiuznotoateadacuzelfgearpemismsaarsorige,2028-04-12 05:00:00,rapemos;firmes;geara;couto;
4579,memnpvumjdtueaiouerrjsovlfdaeaspaietlrta,2028-04-13 05:00:00,ajuntem;revivo;deter;patas;
4581,ruccgtaoesaoamagimmdagasloaiglezihdseoco,2028-04-14 05:00:00,galeoes;domeis;cozam;casco;
4583,nogovmoetmoiasrasorimrvriacasoeodolatncn,2028-04-15 05:00:00,constar;reaver;simio;monto;
4585,arenoindshitmuosuaaerorrnaaloaoeetrfmclm,2028-04-16 05:00:00,atenuas;corroo;ruins;leram;
4587,ecoaocaiiersrmnptmaattagearoefranrsomarC,2028-04-17 05:00:00,terroso;arfara;canga;corte;
4589,ooublrmaeradamcadagsunupriipiisdfexojlai,2028-04-18 05:00:00,arderas;dublam;exigi;alijo;
4591,boutcoaeacdrrdflneadporoariorpatamsasoci,2028-04-19 05:00:00,pratico;adoras;acude;arido;
4593,oatopiemdeibrtocervipeussamorgfelomedaar,2028-04-20 05:00:00,imolamo;comete;grafe;serie;
4595,mimaavanedoprlsmmlbcpoagoedirreilsomoldu,2028-04-21 05:00:00,proibes;modelo;leiga;mansa;
4597,dioaepemzeistitabmesiahdeocencastagapsot,2028-04-22 05:00:00,peitada;anseio;citas;botem;
4599,ovelivojprodfelaaeebutssastamcoiCalevoca,2028-04-23 05:00:00,combate;aprove;tosas;educo;
4601,prrmeemaoreinmcrzeudtaiiagcasprsojoacbah,2028-04-24 05:00:00,criptas;emende;jogue;remei;
4603,uaraoiavItmrctaxagtgirarordortoltsasegai,2028-04-25 05:00:00,ardores;girava;agora;taxai;
4605,deqioepaauatasitpsispalalgvsaacuaieoderl,2028-04-26 05:00:00,realcas;vespas;sitio;
4607,dolmucotmeejmsrnobaidaetumhtscvovucausal,2028-04-27 05:00:00,modelem;chumbe;davas;lotes;
4609,tarefuasaoiiratslmiomuisiphlaaotfsondpde,2028-04-28 05:00:00,refutas;pilota;milho;afiro;
4611,asodvijenmiogaaraglarmsiamaecotagisbusor,2028-04-29 05:00:00,viajamo;traias;cubas;sigam;
4613,arrsdbslalasaocashesiprrbleariuciomtopmr,2028-04-30 05:00:00,passear;ruiras;bocal;ilhas;
4615,dpemaaideirpvdcsparoneaecberafulagicotga,2028-05-01 05:00:00,acendam;abeira;praca;torci;
4617,alajolaccbhtamotamosanmcimfoiitaaosofuai,2028-05-02 05:00:00,intuias;atalho;fofos;cocam;
4619,ctoruaraaseothGihissalcptssvaojiiapeiasm,2028-05-03 05:00:00,soltava;tosses;passe;piara;
4621,aldaposocauirodlebsaogmviovernafcsivealz,2028-05-04 05:00:00,flagrar;neveis;lacei;sauda;
4623,acseisppvugscuoamurosdlifirmorofaramregl,2028-05-05 05:00:00,firmamo;acusei;muros;cuspo;
4625,meeummntipsomameoanebamtllosieorvfgodspR,2028-05-06 05:00:00,empolai;mameis;sobes;folgo;
4627,sarcesaimnsricsriiaeeasevozsjlsubpaeoata,2028-05-07 05:00:00,secares;bovina;pazes;cerra;
4629,suuzirtfrejdaaaaquatrucrmmsoophvurmrlaci,2028-05-08 05:00:00,murmure;pormos;tacar;chupa;
4631,luarrodoiongbavieviaecodusdbasnabionomed,2028-05-09 05:00:00,bravios;rangia;dance;emano;
4633,aramealsoaabosetefcfvuiftsosneiuauriiamo,2028-05-10 05:00:00,salteie;urinai;amara;costa;
4635,avbuovimartmtdrttrieeeagoerxlarfabpaflri,2028-05-11 05:00:00,tutelar;farrea;eximo;brava;
4637,tadolguiroaueanmtrzsapvugeserietesmadnni,2028-05-12 05:00:00,traduze;apresa;orges;vidas;
4639,psapeisuurordlaotmuoxeiaefecmnrvrntendaa,2028-05-13 05:00:00,avariou;fucemo;supra;moras;
4641,dphscafroamefoempsacujcauadsiainrfemcaoe,2028-05-14 05:00:00,caiacao;frades;usado;mijem;
4643,vsozopaeieeemotmtdjltirreiiteseasmsvocvf,2028-05-15 05:00:00,aferroa;zeleis;optem;visto;
4645,iclarviaeasoaarsesvgeuctsoenijefneaghemp,2028-05-16 05:00:00,juraste;ganhem;ceias;nesse;
4647,ellabinuveigfioirjrrUauaaudamubasssatort,2028-05-17 05:00:00,velejar;inibiu;surda;arfam;
4649,reloioavdnrtsxjeauetaaoatsrorsceaseetafn,2028-05-18 05:00:00,encoste;enreda;xisto;resta;
4651,baaohedosbanlmarrisptasiairtuadflmaifoua,2028-05-19 05:00:00,aufiras;abanas;datas;olhem;
4653,imibosnptaonscouaruoaoafrciaonsgeprfodel,2028-05-20 05:00:00,lesando;sonora;recuo;imita;
4655,caapnerccomdsvaoacedoaeimacnolirvoadrvuc,2028-05-21 05:00:00,roncamo;creias;cacao;ovulo;
4657,lnasoregaxamsrdvpncoueoptuzocosuonhitcnh,2028-05-22 05:00:00,punamos;verdes;saxao;lanca;
4659,mctiopebooenferauafnernisziavaereafrsimu,2028-05-23 05:00:00,enfocou;ferrem;saias;banir;
4661,uepgafmuoqeatslrarfdghcerluuidatameltasc,2028-05-24 05:00:00,ditaste;murcha;quepe;gagas;
4663,evlRteiilehopitmrscnuobiiaaaemadtvteobec,2028-05-25 05:00:00,acolhes;imitei;avira;cedia;
4665,esoimgiossacnapcprraauboaovrcterdsagahad,2028-05-26 05:00:00,tacasse;mingau;brade;saras;
4667,faiegrrssrmlapeeaficzsmrbloaerivrigmjuie,2028-05-27 05:00:00,reserve;algema;brigo;frias;
4669,fmlbitOrieanesoldcoruelaolfulNemiigepsos,2028-05-28 05:00:00,rolamos;medico;peles;itera;
4671,rodtulameorefoifrtzgondeaaunroaiumiafmts,2028-05-29 05:00:00,deforma;lamino;zunia;outro;
4673,utvomosaumaetrovagrjnissaausaisurjivpijr,2028-05-30 05:00:00,arenito;visais;mutua;vagar;
4675,rlohinamoicamanhcgasgrefaroaitaatlragaab,2028-05-31 05:00:00,cigarra;aferis;abata;nanam;
4677,odtoposSesarbialraememcibogreuimgmtobzna,2028-06-01 05:00:00,laicize;prados;tomba;munia;
4679,uroscmouctmaisreorsencczueptaaofaiseruei,2028-06-02 05:00:00,rosnara;roeste;cozeu;mines;
4681,admsatmvrsoapbojoevmerpouejuoeagnvielsod,2028-06-03 05:00:00,jogados;ombros;nevoa;ouviu;
4683,firmilopoaatuaaipdraclatiamiseaioaxtelle,2028-06-04 05:00:00,alcatra;estima;doara;apoia;
4685,nigofabmnsiupapaoaiosesstsneirdvunsalaao,2028-06-05 05:00:00,insisto;pedale;samba;atuns;
4687,admavavqoperJaauiafervpegavcrisueriaomts,2028-06-06 05:00:00,apoiava;icarmo;susti;varre;
4689,adjamacusoreuoeagerraifdlagmurasubeiabev,2028-06-07 05:00:00,esvaiam;igreja;facam;bauru;
4691,oroepamempncaenaafapmairetatodcesdpsaluv,2028-06-08 05:00:00,apeamos;lucida;amena;tampo;
4693,bmracfertofitairuqmprucbseiboeooasergumb,2028-06-09 05:00:00,ribombo;piquem;frita;feriu;
4695,guiourlhgstrdiaasaeoepsresancnaunbrciodm,2028-06-10 05:00:00,conicas;apenas;guiou;nesga;
4697,Lraioseluedmuaerhirpocrebtsdrsxtienecose,2028-06-11 05:00:00,excusar;herdar;tende;reles;
4699,zenlafneseranatroiagamaptljmdrsfluoondoe,2028-06-12 05:00:00,tijolos;largam;nafta;preta;
4701,coisbaobjdeacairaurporidideainirnvcricau,2028-06-13 05:00:00,urdiria;abarca;vinde;doeis;
4703,rulIaassdatoruruooaizargarbmrecagviredmi,2028-06-14 05:00:00,embarga;bitola;arder;raras;
4705,befsamifalgieplavslmeaiteerpjoapimdibsei,2028-06-15 05:00:00,serpeie;jiboia;sepia;gleba;
4707,ousenaoislcicvrooacmoermzapeatgnargamroi,2028-06-16 05:00:00,ignoram;ovario;pagem;sulca;
4709,haeduoorcolenleeutnafgalsosaluifiefavtor,2028-06-17 05:00:00,outonal;fritou;chale;favas;
4711,forpseraaiiadactsrnaiaixcrbvspleaaisessi,2028-06-18 05:00:00,extrais;silica;abana;vespa;
4713,erpertnovveouqudiesedcnumtvaeaidorbmsosz,2028-06-19 05:00:00,doutros;brotem;quepe;uncao;
4715,momaaixtcrirlaarrgojraveiateoccolauaduol,2028-06-20 05:00:00,latejou;axilar;treva;autor;
4717,tasifvrauireaaouagopgdicadenmeeaolcarubs,2028-06-21 05:00:00,encampa;baseei;tires;adora;
4719,oeuzrarscroalioigntfrobdeaaaivfertivarvf,2028-06-22 05:00:00,cruzara;tentai;vario;fedor;
4721,vafultarilmviolehmsautevaoopieniccntavue,2028-06-23 05:00:00,enviuva;contai;multi;viela;
4723,adstsacatrabmrctaoooeocdpvsapoaaoisandEm,2028-06-24 05:00:00,paradas;repomo;coada;andam;
4725,jerbuiavobetovsagaamoliiocisicssgamasfao,2028-06-25 05:00:00,faciais;movais;jogai;assim;
4727,daliocraspopangrresiaspeaogtdaetrglieram,2028-06-26 05:00:00,sangrar;litigo;dalia;atear;
4729,ninmodiafsemaartoaeerenmcraazpcupaunzion,2028-06-27 05:00:00,perdoar;nuncio;zanze;pares;
4731,aposiavblpamaaJreaahleroitrtabfgsartrbas,2028-06-28 05:00:00,traiste;apalpa;forra;talha;
4733,cpseuajaoveglgioanimsiottamauzvnliraiori,2028-06-29 05:00:00,latiram;inovou;ligai;mimai;
4735,aiifvleszroraeterrfrospmaeaiecorfrglhnem,2028-06-30 05:00:00,faltemo;forrar;veles;helio;
4737,ucafvpldterehiauipslovgrmjoisaraotcbrcia,2028-07-01 05:00:00,percuti;velhos;cobri;motos;
4739,tdildocbosoneaolmtmatmaagoeliilrlsevduaa,2028-07-02 05:00:00,doentia;bolara;aludi;velam;
4741,samoafsueajsmtomrarceuicrepielroralestpc,2028-07-03 05:00:00,ceticos;plumas;ajamo;rapar;
4743,badolodasiaattamieriardsvacmuaicbetourre,2028-07-04 05:00:00,tocaria;urdais;urrei;atado;
4745,aageaarsprminceratzarcerpnosuearasacvgbg,2028-07-05 05:00:00,paparam;encera;cucos;recai;
4747,aailiitcmoscetaoicoapaageapzrscagotaietp,2028-07-06 05:00:00,aparato;acates;peito;masco;
4749,ttraigoeavvfcritviaaoaifnebammlaoivrgesP,2028-07-07 05:00:00,travamo;noivei;selai;aviva;
4751,eruaileassoaieblposcnimruoaibmgmslilegoo,2028-07-08 05:00:00,ressoou;pulsos;inibe;lacai;
4753,sneliaideramuojuevbaesqasmfvvnruoaliIdse,2028-07-09 05:00:00,enervam;arques;judia;baliu;
4755,elcraugfiroArelicvtamuapatsosgoraojeamra,2028-07-10 05:00:00,estojos;figura;pluga;arrea;
4757,niencadpnedcabeupaaioovdsriamimrieadnjae,2028-07-11 05:00:00,nadarei;pedimo;abane;ninai;
4759,mldfajmoasoaseuaopsmsntsameugasecospporv,2028-07-12 05:00:00,ajuntes;sorves;campo;domas;
4761,smmaverpesaalsaiprpdoacfupartsloolostati,2028-07-13 05:00:00,espadas;sortas;italo;pifar;
4763,torobdedmreantrdgeajmeicuelieniifaaxvdna,2028-07-14 05:00:00,inercia;arejar;bonde;legue;
4765,mcuntaeehlhshmtvasedabantaptortoitrofrsc,2028-07-15 05:00:00,atalhes;portas;cotar;chata;
4767,ribaaeeuarulssrsurisoeconxofozmoadaipnpf,2028-07-16 05:00:00,fixados;abrira;basea;rublo;
4769,aoiescmadncohiepaoseiroLtaboeaeAmacbcnld,2028-07-17 05:00:00,Alencar;bobeio;poema;cheio;
4771,husesremlcssroteiaouuavslstosllaopmdepiv,2028-07-18 05:00:00,depilas;sulcos;veste;urros;
4773,stiovecplacstaapsintbicoiseisareeropavzs,2028-07-19 05:00:00,zeravas;caibas;citas;oreis;
4775,tsnagrrlseaamasuoaadiettngldprbuosaaoalf,2028-07-20 05:00:00,labutei;podada;alaga;sonos;
4777,prrmueapoeeoexssmmusiemoacapragdutucnaia,2028-07-21 05:00:00,respira;cutuca;amemo;somes;
4779,lavisoamlreabcntoocugeattamrgegaeccornop,2028-07-22 05:00:00,acerola;lavais;tanta;morre;
4781,asidaptimslpdootetdipoulropsezamtiagoari,2028-07-23 05:00:00,pisaste;tripas;peida;miara;
4783,Ersbroalcuepiuoeisaiidasvarljvanebeoesat,2028-07-24 05:00:00,cuspida;ruivas;beije;antas;
4785,argofatucsueeacffoujitiomosoongemacaeusl,2028-07-25 05:00:00,sujeita;igneas;mofou;cargo;
4787,udasvecSreemiaruiciioaalnadminbeceraamsa,2028-07-26 05:00:00,baseara;encima;anima;urdam;
4789,nseitapouoesardamtfcorjeecasebaiuasmsiav,2028-07-27 05:00:00,catemos;assoem;ceeis;tarja;
4791,ciorrudssaabemosmctrsadlnaeoallaeuzcaeIc,2028-07-28 05:00:00,reboara;enceta;dumas;cisma;
4793,neofanetcerdrforurararupbsniologeconAcef,2028-07-29 05:00:00,encubes;freara;furto;radar;
4795,iseBcsogiarniolidrotapaovrggarmeiaiumrod,2028-07-30 05:00:00,drogara;moedor;mugir;incoo;
4797,lpcrmaomsaeultescvdvsanmeraoixemalmureil,2028-07-31 05:00:00,perucas;exalam;tosem;limem;
4799,repecAjaeobonzxmiatndiciglteeosaneacsusa,2028-08-01 05:00:00,contate;operei;assoe;socai;
4801,laiupodevsbrfeanaDiasdumninevaedefadsnet,2028-08-02 05:00:00,enfades;fruias;Diana;tensa;
4803,icadpeasaauorubrtseuasfatnsbseicaeagpprd,2028-08-03 05:00:00,percais;bufara;ganes;tanta;
4805,saarigbmomsuavamiiscinarnsuisegeagrbliau,2028-08-04 05:00:00,ansiosa;burile;giram;banis;
4807,soamienrsodafnzamarrdosaafxcbniucouivvev,2028-08-05 05:00:00,vendado;xucros;focam;brama;
4809,marazuttaigulovapgoppaumesueriiocaEozpam,2028-08-06 05:00:00,pulavam;utopia;casou;pegam;
4811,nujacgtecfrxhricieaooagosraevcojaoascoez,2028-08-07 05:00:00,gracejo;soaras;chova;feira;
4813,iecaramgnrisaiuaveorortxnagsoaxedrsilvte,2028-08-08 05:00:00,extraio;exumar;rogar;silvo;
4815,ocroauflancaldiabasaapndagucesoirardgrpo,2028-08-09 05:00:00,espacas;adular;abana;opino;
4817,pilbrcuoaoargormisteasqacastzpzoiaselaic,2028-08-10 05:00:00,rapazes;sagrou;croma;balia;
4819,retoiegarnlcaircodpildiirevuaidgaistrses,2028-08-11 05:00:00,diriges;agrida;vicie;pulai;
4821,prodsuiostcrogphsaionhuoiarsamnamafgepar,2028-08-12 05:00:00,esfriam;apanho;mugiu;honra;
4823,pieiiagsbfanltemrmogoaptageurpninigiaare,2028-08-13 05:00:00,garfamo;atinge;pifei;rugia;
4825,siaiurezoecoEtfiberizdoarapnoamsaodazpet,2028-08-14 05:00:00,tomaste;pereci;fizer;icais;
4827,gdcnssafaaeooaevmrgvacaeogeuenarsuacmess,2028-08-15 05:00:00,asseava;agrade;cegue;canas;
4829,lfpeoagraieecseaogdmagcpracbouaocearfuag,2028-08-16 05:00:00,decepei;flagre;barca;recua;
4831,odnaunapaislfsaovnaarmoieiussoedrltntomv,2028-08-17 05:00:00,visando;apoiem;doias;motos;
4833,cohrlrtpcratseersreivsfoatziadmucirsodar,2028-08-18 05:00:00,articas;fortes;visas;terco;
4835,mopsoscriaeatgoucrgopsnmornjuoocfiasegec,2028-08-19 05:00:00,arriamo;gongos;mucos;topas;
4837,cueslecmfiltpotaaioaodroidazuencfieinaze,2028-08-20 05:00:00,ciliado;espeto;locar;zanza;
4839,impngesuteejafoprsiaogrmvscucraiiitabaos,2028-08-21 05:00:00,enjoais;teimei;servi;sofri;
4841,mlamlanaaahoaiadnmaztledadrjidcnfcaaueom,2028-08-22 05:00:00,declama;ondeia;manda;lhama;
4843,nraaraCPietrgsNqfsaenreritaruiaunoMytars,2028-08-23 05:00:00,atareis;rasure;turne;finto;
4845,laueaaebolitrmiorumaclnacleeaoimmarcnitm,2028-08-24 05:00:00,encalco;boiara;louca;minam;
4847,qosfrhullaEecvaeizsiveeiuvliasaslatatden,2028-08-25 05:00:00,chaveie;avilta;densa;Efeso;
4849,revsigouleounbrtgifrgrbsugjeaacoraombsra,2028-08-26 05:00:00,singras;figura;turbo;babem;
4851,hdahuomeeajscoestmrubncaeacineblrgreralo,2028-08-27 05:00:00,encubou;cernir;bolar;regra;
4853,sraciorvnibacmuiidMairogiccgiagasaaardnr,2028-08-28 05:00:00,gandaia;indica;virou;abris;
4855,rasfcscaocaienirfamdbepceavaotuogDdmolra,2028-08-29 05:00:00,Damasco;geavam;risca;bisao;
4857,nhoessauiooubiptvvgeeejaqmresimtouagoria,2028-08-30 05:00:00,beijeis;ergues;geamo;vinho;
4859,muacasovmischrlaasairiaaoeefsanmmfsurlor,2028-08-31 05:00:00,anormal;furais;meses;mumia;
4861,uortagiaiecaenmdsspclailndainzcasufaquip,2028-09-01 05:00:00,alianca;fundas;cores;quica;
4863,amasurpmzdennaeenzcciemtiaidniadadermoca,2028-09-02 05:00:00,indicie;dancem;zanza;dermo;
4865,tgrasrosdaloouguevufnmeunoagrermterudaig,2028-09-03 05:00:00,flagrou;gradua;vente;menus;
4867,uoetramiteoxraspritdevcoorenicoeramparss,2028-09-04 05:00:00,outrora;nevara;texto;secos;
4869,utdparftiapiiaieralisdiumeragmmoedreteot,2028-09-05 05:00:00,derrete;parias;pisai;umida;
4871,trooutnscengneaalaeaocsndenipoloilrupahz,2028-09-06 05:00:00,enganou;santas;alhos;tecle;
4873,oatfvaaassietoiduejecseubeirptaatacaauen,2028-09-07 05:00:00,ejetais;reputa;tecia;susti;
4875,mrrvisgseotaeroamlfcecaoooeaommsbatamoca,2028-09-08 05:00:00,socamos;torrem;afobo;ceeis;
4877,cuelaasaoobiesermefiifeceurocoitrcciusbo,2028-09-09 05:00:00,ceifeis;boteis;alibi;cocou;
4879,deceadmbesrsrioimiaaguftoadtramofnesainu,2028-09-10 05:00:00,atendas;cedemo;aires;unimo;
4881,uoaererassjibsmrcbrcotaaosoabreenumorcil,2028-09-11 05:00:00,consumo;cosera;botei;arame;
4883,prallasnosamcrlculosetappgaamboooradocse,2028-09-12 05:00:00,largado;raspou;salmo;batem;
4885,dmveteeoeaneusldnrrptxaeeeoantnizlchouet,2028-09-13 05:00:00,canhota;teloes;danem;nevam;
4887,ifrimrntoodcaiigomuguineerepiarplaacsaic,2028-09-14 05:00:00,douremo;tinira;geria;guisa;
4889,zotiadagujlrmiinrfuoatudempldsradacioaef,2028-09-15 05:00:00,reflito;gaitas;unida;ditas;
4891,aalcavatsaeuacalirbegrgfnurastessabuneac,2028-09-16 05:00:00,faltava;abalas;cerca;aluga;
4893,saboblasoctamvasrraidefiimsjscepoazacfav,2028-09-17 05:00:00,devassa;botais;tacas;jazam;
4895,rareuavretaogltaimdeenfuacvarcaclaetomfi,2028-09-18 05:00:00,entrava;ficamo;alcai;erode;
4897,mingrepamaoceidambrdaulgrioairafisnbstod,2028-09-19 05:00:00,fluidas;brocai;minam;adere;
4899,rpamadglcailaveatacituoresleamciusquirer,2028-09-20 05:00:00,aliciai;recrio;geral;suste;
4901,ptceveicsarosacsuqaovreaioteiislrrmerdas,2028-09-21 05:00:00,adireis;aterem;morri;casei;
4903,boaptuepavorraiscirifacadedeaadcuprpctip,2028-09-22 05:00:00,predica;aferir;provo;atuei;
4905,lgaromgisaegporeioscorsnrisadieasosebila,2028-09-23 05:00:00,cabides;aliena;risos;laser;
4907,nhereinladsramofgpnfatdiaaaepiertirivfau,2028-09-24 05:00:00,arfarem;pendes;tirai;dieta;
4909,moaopojicxoudamaadapalcfrsonoruueiepdomi,2028-09-25 05:00:00,coaxado;mijado;sauda;clone;
4911,esaogirpvrsabfueaatuSlarmiratumeanaafert,2028-09-26 05:00:00,perfura;furtem;bigas;atura;
4913,cosaomoeditlrpceoiceupiberssdeaealhoetbt,2028-09-27 05:00:00,critico;tapeie;alhos;desse;
4915,agimbarferelaaevmcevnrcaalmioaasnoceecsi,2028-09-28 05:00:00,almocei;orcais;grile;abana;
4917,olaucaesadgaatusbaniasafpegacssoicrrdamp,2028-09-29 05:00:00,atuasse;agarre;aguca;macas;
4919,mpemozvtotesiaaoernpapbmvimaevuacodjesab,2028-09-30 05:00:00,jantemo;rompes;suave;tomba;
4921,naavonacZugagrnecldioidtfnpuapeauudslgov,2028-10-01 05:00:00,plugava;fundai;pinta;salgo;
4923,oaglalnrnraiheeeerfantdaosciatijiasniaae,2028-10-02 05:00:00,ligares;incisa;redea;lenta;
4925,dorldgrtseeqoieraiguineaglsaeminojomaocf,2028-10-03 05:00:00,queimam;agueis;dores;logre;
4927,poeaisoceltsamabtnejirtorjulraerajeurgsx,2028-10-04 05:00:00,juntais;teloes;eleja;botam;
4929,ztapoostolrdgfaesabuiEimiaazasngvbrlcale,2028-10-05 05:00:00,soltara;abalai;vibra;mates;
4931,sordomraidmuaeloveetmcotimcrlonignuatiug,2028-10-06 05:00:00,atingiu;comamo;somem;recua;
4933,uruanitsdootrroagsaiaoetiacoevnfmugdvaie,2028-10-07 05:00:00,deverao;vogais;durou;finta;
4935,aitsanraahiolitioocapgutlhoaxaaoNimcielt,2028-10-08 05:00:00,atritou;lexico;solai;milho;
4937,dhcataslsaeanofudvsrrrfdiairopeioRgoetso,2028-10-09 05:00:00,dispora;terias;freso;revia;
4939,raouegntjorevmudarnoiroaitAasrsdpuncudov,2028-10-10 05:00:00,arrojar;sacudo;ouvir;dados;
4941,efasbravsdsteoasaafsimrsinuaecepgudtvioo,2028-10-11 05:00:00,moravas;fundai;besta;vioes;
4943,bdueicdegaoamcsaratblarigaaergdfsmldsonI,2028-10-12 05:00:00,graduem;saldam;desci;India;
4945,ifalncoxerohniarnlapescgevhrgouruoasaito,2028-10-13 05:00:00,peninha;enrola;velho;graxo;
4947,usetfemidivdairmacusixaosasmpvoevviferac,2028-10-14 05:00:00,duvidas;impero;taxis;ceava;
4949,fuasitoaueteddssnboipuappgezemgoasanusav,2028-10-15 05:00:00,pediste;benzes;tosas;aguda;
4951,mmujrromqGraedacrudfjatooeiadcrupmasoaez,2028-10-16 05:00:00,queimas;ferram;arder;cruze;
4953,iambtascritodeiaelaanacnuoeerseiizvpitaf,2028-10-17 05:00:00,vendara;tecias;zelou;sacie;
4955,iaomvecatnzasaccsismpsruooieaotstlPvicpa,2028-10-18 05:00:00,esvazio;montai;capem;civil;
4957,ifpragnnleavoaesludsvvgstinazliabliimuaf,2028-10-19 05:00:00,blindai;aprova;visse;afaga;
4959,ftvafigajarebocsgologmucetrarteadopscevl,2028-10-20 05:00:00,cogelas;aborto;trago;figas;
4961,spinglabuapiieoegiresfvtbdogauealoucnjlc,2028-10-21 05:00:00,driblou;valete;sugai;aboli;
4963,aapimslcllsdeepaoinaianejbrcuadaieebqivl,2028-10-22 05:00:00,cebolas;alijei;avida;penem;
4965,oapacaicbolaJucrpaevqreeszeuiaontibrajtx,2028-10-23 05:00:00,riqueza;recaiu;bispo;Japao;
4967,atecoeodumisidfcfsasvvoiapsriaamchoaider,2028-10-24 05:00:00,passiva;musico;facho;vadia;
4969,accfcanjrosicifaltsmretsemoiariaboouSahm,2028-10-25 05:00:00,soltemo;finjas;cismo;teima;
4971,ardluigataicbdinltefmnlilaxioaeztfoedlav,2028-10-26 05:00:00,indigna;velamo;deixo;fetal;
4973,aogenveptaibreraeasihcnoxmaagiefridpamom,2028-10-27 05:00:00,paginem;renega;chiai;breve;
4975,pcsrntiarelvudvrmuaamoejozimsaieparromar,2028-10-28 05:00:00,vaidosa;luzamo;turva;cremo;
4977,ctafvcidaarnapaaavsizostmoramifaersijsar,2028-10-29 05:00:00,postada;franza;mijar;icada;
4979,ctumcrtrusooieaoremresrieaaDnfifobmabiso,2028-10-30 05:00:00,suturem;bambea;Denis;rotas;
4981,gcacnoosaiocujtilissnaorasasuevlnuemmbas,2028-10-31 05:00:00,submenu;notava;cacai;museu;
4983,clazieaosgrasrdnaoncAeciduiolnlSsalssaoa,2028-11-01 05:00:00,reclina;largas;aludo;lonas;
4985,asmiingmlivafleimapeaidoiasairafsamiemti,2028-11-02 05:00:00,inflara;asilai;aveia;medio;
4987,uraruevotojomsbsnolaraebraipelsasomzslin,2028-11-03 05:00:00,lilases;rolamo;sovem;zerou;
4989,icarailcmivcopeavennestalocatfenabalurmi,2028-11-04 05:00:00,termina;incoes;bocal;lacei;
4991,litapipcuourureosimsdeeganraopnfjaadauar,2028-11-05 05:00:00,usurpei;frango;damos;irada;
4993,aejefvgovmraaamaadosdutslrtolimaoofafarb,2028-11-06 05:00:00,farejem;aftosa;basta;magoa;
4995,dparoienmoemlrogolrAsaadoaheietitsujagra,2028-11-07 05:00:00,olharem;direta;sujes;loiro;
4997,sainagllomoaelodljipimjaniadruircirmaana,2028-11-08 05:00:00,apelida;ganimo;molda;cinjo;
4999,omidsraieroaaadadicbltiruoaslaefostervza,2028-11-09 05:00:00,bordemo;sacias;raiar;fetal;
5001,flgavajseagedaeicmilaaeranobobsvdoolozau,2028-11-10 05:00:00,beijava;gelada;obolo;seres;
5003,raoclochImrapaitodeioirooprabtppraucdora,2028-11-11 05:00:00,biparti;comodo;locar;apito;
5005,iceaigaisirmclecdaeoacsaieomofoddmapmteo,2028-11-12 05:00:00,falecas;compoe;coras;amiga;
5007,vibircincsaagcazghtccomobaapunvienotxara,2028-11-13 05:00:00,bichano;puxara;tacas;cinza;
5009,ogaacchoiseltscbmamcaaoadograaisquaocruv,2028-11-14 05:00:00,rocarao;magoar;cesio;ruias;
5011,ssaeootamecrebeslnagvedsohamcraemsoioaac,2028-11-15 05:00:00,vedarao;cassem;icara;molho;
5013,mhmapusflialnabeasohirgarperadvbesimstio,2028-11-16 05:00:00,divagas;milhao;punho;mires;
5015,ucmianclratnrcaanigtemohemaifaciaorogmad,2028-11-17 05:00:00,tingiam;refoga;menir;chiam;
5017,esnfasgabdoizsinrolonaaooirdncsxaviufuie,2028-11-18 05:00:00,cassino;canino;ebrio;seixo;
5019,zsiaaasemolpiudretafprsartatasitovescoer,2028-11-19 05:00:00,votaste;solapa;ardes;escoa;
5021,naiaulaeaomgrshmlcairtieuoeroterminnetir,2028-11-20 05:00:00,grulhem;iterei;nocao;rimai;
5023,gasrguiosoamarhmvirgiuaoafraosmaerefooiv,2028-11-21 05:00:00,refrear;hauris;avimo;argui;
5025,doplicaodaacujmatorrdeehboaroracdviamdes,2028-11-22 05:00:00,jurarao;obviam;licao;acham;
5027,taaemrlroprvosaevaanismuoiieeirajctrmoea,2028-11-23 05:00:00,remoera;roieis;vicia;leras;
5029,baoueiiiodrcasetuarcasrciamevsautrazsopg,2028-11-24 05:00:00,barcaca;cursei;raiam;vossa;
5031,vntaeaiterempndaeztfaacnosaolxtuivhedide,2028-11-25 05:00:00,remenda;tapeai;atido;acude;
5033,egobatimuoldgonoeseeuacuocatnriesleftnur,2028-11-26 05:00:00,dolente;contou;secos;traga;
5035,bnsaljuteefagalgtmtuebofaracomaicuiviagg,2028-11-27 05:00:00,alaguem;viciam;julgo;coagi;
5037,Esivelajelmirizsiadiceengrrotisoermamtej,2028-11-28 05:00:00,errarmo;sairei;ditam;ligam;
5039,iasennuzpoaavootovmaiaeaariotrlvbllapceg,2028-11-29 05:00:00,optaria;gelava;vetou;aliam;
5041,ufusrsatartoenpamaatcoisihiasaxilmtfmile,2028-11-30 05:00:00,costura;elixis;fitar;milha;
5043,eeogeiebirolrecqscrasouviohmtoreccaovaam,2028-12-01 05:00:00,roereis;macico;quota;chova;
5045,ropoesartemcatavbgisnaslunatarmodfazpvou,2028-12-02 05:00:00,paramos;tomeis;canta;poeta;
5047,luioemfsrugznabasoesuaifoproaassmaarpjed,2028-12-03 05:00:00,rapamos;desfia;rugiu;jarro;
5049,scudrtfidupoameralchngeernuuoozbipstpumo,2028-12-04 05:00:00,cuspira;culpou;terem;zumbe;
5051,issetteueruagoeslaesermaexocorgiomtraluf,2028-12-05 05:00:00,meteoro;tracos;aluga;reges;
5053,boebpeaurjulusdzasevsaesacaictrvJmdxovac,2028-12-06 05:00:00,seduzas;veleja;verta;busca;
5055,cutcileipounamgaaciioansuasursoifpogmahv,2028-12-07 05:00:00,sovinas;normas;fucou;guisa;
5057,iriaeievtaritpadhloaeuifeadanlpnianugiau,2028-12-08 05:00:00,tiraria;afinal;peite;pulga;
5059,coatgpidminenifaiacoaoclcitensaametervsr,2028-12-09 05:00:00,ciatico;igneas;lacas;conta;
5061,ojaziionoatrvrSueaoieoeptepmrabfprilmais,2028-12-10 05:00:00,roberio;reviro;prepo;amais;
5063,imsorrpratibaaaanaanooggdpslcjouaietusfj,2028-12-11 05:00:00,apagara;tapais;labor;manda;
5065,ccurrasepasetimoieledosimmtimreraarboidp,2028-12-12 05:00:00,martela;cursei;perdi;ritos;
5067,ldegaumtitsradavgarrdavamseegvdrbafiaoia,2028-12-13 05:00:00,ferreas;lidera;adaga;vagia;
5069,lfacaivurertladacieeardphsssbsfzdeecacla,2028-12-14 05:00:00,fleches;dadiva;cessa;retas;
5071,ouaahocmsdbcgaregoranlltctsrveeeeofcatsi,2028-12-15 05:00:00,meteste;gabado;goste;chora;
5073,raluiebnoglugexoelbttuvrnbaoleoeadspiccm,2028-12-16 05:00:00,bulgaro;exulte;ciosa;lenda;
5075,srenlssaiapsuabaiatetsabdsulrccaaosauoor,2028-12-17 05:00:00,babaste;paires;nutro;assou;
5077,aoiajsjaxctsufatamaegriesoafraurascoRitc,2028-12-18 05:00:00,famosas;gritas;coaxa;acate;
5079,omaiomubmdoilprfanepjausozuaviruitboreas,2028-12-19 05:00:00,alienam;usurpo;parir;moiam;
5081,pumsaodlriialrobeddloarfvmjapdaueevoierc,2028-12-20 05:00:00,preveem;dobrar;orlam;peido;
5083,tnfeimutaianeiercpsluvbdvarbarteaaciaexb,2028-12-21 05:00:00,extrair;turbem;lavei;nanei;
5085,seauoaNaigrrpblibastooorsaecepvapodimaii,2028-12-22 05:00:00,impetra;sabias;aviai;bolao;
5087,locbiaasasssdjdeioreldamdguaieuommacrxpn,2028-12-23 05:00:00,mugidos;relera;disco;lidam;
5089,gruuedlpinllsoiicdeauiaeunareetiritolaes,2028-12-24 05:00:00,indigne;ateies;atola;ulule;
5091,rsauievbaarafnsalrilsuabenaatjgeoscposui,2028-12-25 05:00:00,insufla;canela;gabei;urrar;
5093,sfsoetolarlcmnebteoaatsiasmrcoaarreaugrR,2028-12-26 05:00:00,tentara;boleis;frear;estar;
5095,celoaalesadaedovoepetaosutnemcgabeisuflm,2028-12-27 05:00:00,adaptou;peneis;laces;vogal;
5097,atoscinspreuilxeoogaqauiafsevpelcasnaeuc,2028-12-28 05:00:00,apeavas;elixes;lixai;afora;
5099,ugeivudoeevneansnmeibtluiedlauaofpsaetvt,2028-12-29 05:00:00,taubate;neguem;fedas;nivel;
5101,fedsaVramilusiIHrujraomlinfhoihofdeonduq,2028-12-30 05:00:00,quinhao;molhos;firme;arias;
5103,sammtcharviaaafemidorctusosavfptromdaiaa,2028-12-31 05:00:00,tacaram;saidos;modos;chefa;
5105,entiemijlabpsasoamumltrgderalumoobamadss,2029-01-01 05:00:00,adultas;espume;lambi;dobra;
5107,hgeaabsoeslaanismdurtluaieaolsprvcxrbaap,2029-01-02 05:00:00,planura;pastar;labor;sueca;
5109,uooiocalctobatsiaacarnvtbodfiasrailamiap,2029-01-03 05:00:00,abotoou;listra;acaba;lidam;
5111,aesatbscrobarouatiultczedecneiiramagavse,2029-01-04 05:00:00,cultiva;cozeis;busca;rosea;
5113,tonaumgaaurbjredibrraeroearmsmfuricaovet,2029-01-05 05:00:00,juremos;cairei;rubra;geado;
5115,edcocgembsoelirgaaicnieacoptimanisarfiSl,2029-01-06 05:00:00,pratico;grilei;manea;cocei;
5117,asmnjristieuegairrtzcvjegalaoamdrasizpev,2029-01-07 05:00:00,empocas;nevais;grita;rezai;
5119,onrasettgraorpauiusugebbcfLcivaoaleoaars,2029-01-08 05:00:00,ignoras;uteros;tapea;Lucio;
5121,nverureoeomcanrofmvacaajeraoiomaajlfbrro,2029-01-09 05:00:00,corroam;bolamo;joana;roera;
5123,arammejaapaldminvnconaojiatitooeolasncup,2029-01-10 05:00:00,instalo;aparam;viana;ocupe;
5125,adrnivrslraemeapaasxeiamscousroadreslapv,2029-01-11 05:00:00,previne;suores;racas;parai;
5127,fiemmsdivroaahcvtrctlelooaestespeitirneo,2029-01-12 05:00:00,saltita;ensopo;colhe;macro;
5129,rainaavherefulmisgnromeeivaichpcatabnsop,2029-01-13 05:00:00,aforava;inchei;regre;munia;
5131,rmoabvereeaolteofreseeimuaaotsoamrgaidvn,2029-01-14 05:00:00,rumaras;aimore;telao;dista;
5133,olaahaaficufrmisiuiraahtncsdvceepoaarnui,2029-01-15 05:00:00,armaste;fiavas;unico;acida;
5135,iasdaiirecoifxemoraeesuuebroaioouqoduldt,2029-01-16 05:00:00,abordou;fixado;mires;dotou;
5137,eanogbaliplvlofaoaaairaobcsdmesgriossert,2029-01-17 05:00:00,golpeio;acossa;treme;labor;
5139,caamisbaacoevbaglifrenoamtaraageremeiloj,2029-01-18 05:00:00,abanara;calcao;aloje;fervi;
5141,cansrmevpseacaalzuasoscaiidLimotnuindaac,2029-01-19 05:00:00,induzia;canses;Linda;coara;
5143,aaoloudafenmbnaibretrsbratapouembpolalet,2029-01-20 05:00:00,alopata;aferem;rubra;bunda;
5145,orepmadianeeinaridvdadpagaioslimibcniiue,2029-01-21 05:00:00,imperai;nadara;aliem;inove;
5147,oseipcatdmsrauvroeaidanesbiidozcuaarures,2029-01-22 05:00:00,carnudo;vadiar;aires;serze;
5149,pmcsmnarucesadasnhefnfrvoorcaertvamuclra,2029-01-23 05:00:00,nadaras;acerta;fecho;cures;
5151,snirsastosrablaosgiaifogsamerlicutbaboav,2029-01-24 05:00:00,aflorei;logica;brins;tusso;
5153,emompinfacediaivtemndtarraeviatladidiroe,2029-01-25 05:00:00,inativa;domine;remem;datam;
5155,vagmersorasnrdiacsremueruaacprnstrduebae,2029-01-26 05:00:00,repudie;sairem;sauda;curar;
5157,melsotpnraspceoigeiraeusdrmcrnaiaaeafoep,2029-01-27 05:00:00,aceneis;pinote;prima;lemas;
5159,vosalidoicavtzEmctaaraesacmisatmmmaitiec,2029-01-28 05:00:00,cacavam;macios;semea;titia;
5161,Ertaojrcolsjneaaseiecacicvschgaaiobalasc,2029-01-29 05:00:00,civicos;acerca;tanjo;lasca;
5163,sounnafiobgiiamacaacachapsagurtoromofqca,2029-01-30 05:00:00,maniaca;quarta;nicho;furta;
5165,cfrolvelaamotaebtscsedaauaaejminoattosee,2029-01-31 05:00:00,tacarmo;daneis;aloca;banem;
5167,Zabbmnnmloiaaafuegrnocdaiavglndoopeatiuq,2029-02-01 05:00:00,latindo;pegava;nanam;banir;
5169,argelibszoacmeeeiverglodrlarpaogaeodaune,2029-02-02 05:00:00,realizo;debele;adora;selou;
5171,ninirsomraupsaoraluodtvimamgamrcrmuitpra,2029-02-03 05:00:00,anuiram;votado;pular;irmos;
5173,lmeaidaousaimgmcgnhneardtcullmaialttaret,2029-02-04 05:00:00,ditarem;talhai;culta;gumes;
5175,pvdesungrrodalaaameeoeidimrrfuouueteatnc,2029-02-05 05:00:00,premiar;eunuco;adere;folia;
5177,migitfootlreaiuroozmdrloevaesbidnjmlodaa,2029-02-06 05:00:00,envolto;aboles;diluo;adoro;
5179,taniinpexerasarcviuruLtieaadlasncnufeaid,2029-02-07 05:00:00,encaixa;instai;urina;Laura;
5181,rpiaairgtearrsomomgrttaevuezibnnHsgodoip,2029-02-08 05:00:00,arrasam;obtido;piemo;sugar;
5183,jaorflmeinnzreatucvoisseraodieamfdanlafh,2029-02-09 05:00:00,falindo;hastea;cinja;frise;
5185,paomitoealtaeradndijimpgavirumasmaitonmo,2029-02-10 05:00:00,dirijam;palito;pasmo;rodea;
5187,sessouodEartersxlanoixeopccgaerribelmouo,2029-02-11 05:00:00,plantei;roesse;xerox;bicar;
5189,apezodsulvrcuufrteusneodouvaamamircsdxif,2029-02-12 05:00:00,revezou;mimado;fixas;vacuo;
5191,fesaiacrdrpallceoaauasrdcunglaitngsenane,2029-02-13 05:00:00,engulia;guarda;entra;lenga;
5193,CNPqeasSvjatcomoulrneasvrafctsagtireeeem,2029-02-14 05:00:00,enfarte;lances;casos;vagem;
5195,racvbrtcejiachuhemcmaeiteolcmrornpmaimsv,2029-02-15 05:00:00,sortira;turbam;achem;calmo;
5197,ubefrrsrulinaeoealjzanfttlaorzluoidbaoav,2029-02-16 05:00:00,zanzara;avulto;ferra;finjo;
5199,tambgcirluuftateflcoprutaljosailitaorcif,2029-02-17 05:00:00,pactuei;aflita;lutam;gatos;
5201,oierifebtsegaarllnidisaeuditcoitmcemoiva,2029-02-18 05:00:00,cindida;ataras;multo;cotem;
5203,aiuneucvsarmaeaalelunzrsgobmchardeivepei,2029-02-19 05:00:00,varzeas;degela;acuem;bolsa;
5205,prfccxsuuoseerejngcnrcmteheioosodgrltall,2029-02-20 05:00:00,exerces;sujemo;grego;cotas;
5207,nsaoxaseeotciuirarzrefdipretseiaauescanm,2029-02-21 05:00:00,toxicas;nestes;apura;caiam;
5209,haacnasuanpoaofbimacrnosetoeibomdodccngi,2029-02-22 05:00:00,cingimo;fornos;bobos;teima;
5211,uacapgleopsiaeacsamilseaoravlapinttahzse,2029-02-23 05:00:00,notaras;valhas;apela;traia;
5213,sirbsiexarmoauquovijugrpulaiadatdbrcasot,2029-02-24 05:00:00,buliras;truque;varia;ajuda;
5215,vtdEjsanaoaaauiplmelrraiermiaanbceisurou,2029-02-25 05:00:00,similar;rapina;adota;merce;
5217,tesviaceamiaxvadggrmiopfuroerraosavrvclb,2029-02-26 05:00:00,proximo;varrer;decai;meigo;
5219,aseraniatzosustvoraomaralsaajiaoietflvgu,2029-02-27 05:00:00,atoleis;ativar;usina;ligou;
5221,fanoesoboredlaatmroivirrsdettpapaotivaos,2029-02-28 05:00:00,adotiva;pratos;titia;morsa;
5223,psdcrbfniounaieoncatsedusebuutiaoxsiacag,2029-03-01 05:00:00,ateista;conexo;subiu;feudo;
5225,aduiarotbgetfuopuaurpoodcchssotainIasexl,2029-03-02 05:00:00,deturpo;aguiar;sexto;topou;
5227,asafJbriEraubtaerfdraixiudestfpannapoeag,2029-03-03 05:00:00,tardara;baixei;penda;Efeso;
5229,inabeluustliurslaacoaarorraathntafpslamE,2029-03-04 05:00:00,arfaras;malhas;casta;torre;
5231,stardanvolureruarvscadclaiooaeoodnscotmd,2029-03-05 05:00:00,recuara;cotemo;soado;solta;
5233,rreboourzoccogeaenreisuaulazasrlsifanped,2029-03-06 05:00:00,recreai;augure;zanze;bossa;
5235,hlgaieclauafcalarmpaaeafgolrizscdemelaai,2029-03-07 05:00:00,grulham;modela;cales;alcei;
5237,ieivsoesenvrroetreliuuoapcgngcbndeuorage,2029-03-08 05:00:00,abnegar;enviei;viril;prece;
5239,rIplosreacusrtamesaconoiadilsaeverfaafvs,2029-03-09 05:00:00,cederas;pulsos;falas;notai;
5241,idaueaaraepmshzdviaelaeigszmuofmooagrnei,2029-03-10 05:00:00,agulhes;enfeza;gozem;aviam;
5243,dgicidpincaonveroitucauoupermteslareaneb,2029-03-11 05:00:00,reparem;ateneu;conga;oitao;
5245,avgmurodieeeepuoaaaagemllmbobaaejusivdra,2029-03-12 05:00:00,europeu;abisma;bulam;gemea;
5247,dasiffnaiophaleieiiechmruosfaareelntdcab,2029-03-13 05:00:00,podieis;aferem;falha;anime;
5249,dotrsonmafobsoairniiavzclzetducfeemnsoba,2029-03-14 05:00:00,odienta;buzino;zelem;vosso;
5251,ecvtpphogaameiecsloocseiabxstradvdeoHiom,2029-03-15 05:00:00,estreai;ceavam;coxos;sabes;
5253,aivemfarrrodcocasiselcgndauhaeaoramvasml,2029-03-16 05:00:00,analogo;valhas;ardis;virar;
5255,dorebezadstdurrvoaiteroisnivesbaomaeioba,2029-03-17 05:00:00,debutes;arvore;babai;dotai;
5257,iofevtatdhiredictlebesrooelulsbavanlarez,2029-03-18 05:00:00,tolhido;beires;lulas;zebra;
5259,resinammaarjsoxitapeialvsclctioemarolodj,2029-03-19 05:00:00,manjeis;pasmar;idolo;calco;
5261,edrponacipriocorvmsebsaioahiaclnodicarfe,2029-03-20 05:00:00,felinas;pedimo;boers;caiar;
5263,dpulinxacoiaaoasbocsrnmnbalegmirojeoafux,2029-03-21 05:00:00,saxonia;copula;firmo;xingo;
5265,assntegsdiaaronoorapunifpjriulamudaacnse,2029-03-22 05:00:00,financa;pulsem;ajuda;podas;
5267,opsrriaeimeavafainusdoniampeoorujcurclho,2029-03-23 05:00:00,afanado;miopes;perco;olhou;
5269,uslunartmmcaieoensazsmmvundoareaogogavmc,2029-03-24 05:00:00,removam;muscam;meias;gongo;
5271,intiseetopesrsidGeaaegreintcsnaoelaajuip,2029-03-25 05:00:00,enlaces;opines;pinga;tires;
5273,uceoaappirrfgroacafppuraanizslriomdiagun,2029-03-26 05:00:00,plugara;recria;sagra;unira;
5275,opinudaiomsaeardorevsezrcpiusatisooconfa,2029-03-27 05:00:00,atrizes;saudar;meios;pousa;
5277,vrtaaeeatoivjlvmuseceiasoieecvatmivsauta,2029-03-28 05:00:00,vortice;viceja;atuas;eleva;
5279,marrformereiemotgvocaaspauarezoriogootod,2029-03-29 05:00:00,teceram;mostro;vaiou;orgao;
5281,ojizvpianveaaoorareollbjjtlereeeeacnitit,2029-03-30 05:00:00,objetei;jovial;boiar;traje;
5283,arrjcluavaiaocarspexarcemeesesxbilomltei,2029-03-31 05:00:00,cocaras;execra;exija;leste;
5285,inupsoseaglerontisagfieiosddmrpvauaaemor,2029-04-01 05:00:00,insorge;punias;frios;neste;
5287,neataopvldolglmouagonmsaourtemcabuoifais,2029-04-02 05:00:00,mentira;roubou;latao;lendo;
5289,umlggfbsisoaaaoelmicorrmruaferoacerisnox,2029-04-03 05:00:00,mofarao;moslim;galga;erres;
5291,oMcslatacanocasllnajnlimeumsropesotiagia,2029-04-04 05:00:00,cansamo;apoiem;lista;anjos;
5293,sromarmnaeepiooottleejifeaudlaeiajocaora,2029-04-05 05:00:00,mijaria;etereo;mofei;latas;
5295,ciaberapnooeuoualdqbcrcjaoauemoutaerruar,2029-04-06 05:00:00,atolada;bobeai;cindo;recue;
5297,armaaeapvaszprexaacesmpiinezeseafvaejtir,2029-04-07 05:00:00,expiais;fineza;pazes;casam;
5299,ebbnirappaartgafsmireaimfeeetasumoupalbr,2029-04-08 05:00:00,baseiem;regias;bateu;fomes;
5301,mbaorItaacdsoagalroaduasshzcarfiafeivorf,2029-04-09 05:00:00,acordao;aguado;fiara;vieza;
5303,serdemrsetuemuuiutemgndtuarlmaoasmseovcu,2029-04-10 05:00:00,estudem;mutuas;ungem;leras;
5305,ledopeRtuaguiapurraorupuouvrscaetsamaisd,2029-04-11 05:00:00,descais;alegou;papei;urrou;
5307,irsapsamsutomeeepipacrdnbsaeceufarbzneje,2029-04-12 05:00:00,crespos;benzas;paras;semea;
5309,ranpmotaronaaurrpimsronooraasamjpicNinne,2029-04-13 05:00:00,pioramo;opinar;turno;caros;
5311,empedriscosenaaltaeiexlcuciotmaaoctamesr,2029-04-14 05:00:00,depenai;tatear;mexas;cacto;
5313,sxiddompoiemuooobeenirepdidnajujcvoegxie,2029-04-15 05:00:00,oxideis;jejuei;opomo;puxar;
5315,veerasgruootoeailsilmmclobmeesatamiouomc,2029-04-16 05:00:00,retomem;amimou;louve;grila;
5317,careiufseammtaearveiarlpueanpbgugsdiacru,2029-04-17 05:00:00,seguram;vendai;teima;farpa;
5319,mmaifirleeeacriedtotoogmnnpuudabfeaadaet,2029-04-18 05:00:00,batedor;lirica;fende;temem;
5321,hciufspraapnleeioaedaiodetexateisdualhlo,2029-04-19 05:00:00,idiotia;indexa;chapa;olhei;
5323,atimoaobmsvotderilaaaifuraoctvelcommefsd,2029-04-20 05:00:00,esvaido;avista;coral;edita;
5325,imdfiojoemcuasontaijctecalmeodadsulernvi,2029-04-21 05:00:00,recatos;fujona;enojo;lerdo;
5327,opaflramesruafeoamiscoceuojfueesfnafvbst,2029-04-22 05:00:00,recebes;posemo;fluas;firma;
5329,mtauiulfoaisusoorgascsareediemgfrzbejaol,2029-04-23 05:00:00,sucesso;regias;logro;fluiu;
5331,ioasadrfadlmmagooemarpulorvacuonavuolpdm,2029-04-24 05:00:00,melodia;louvor;garfo;marca;
5333,ufroduepaldulresmrtavremfaabiotdEsasmpas,2029-04-25 05:00:00,trombas;Efrata;dures;fluam;
5335,sasothvassrraUuiuoeefotendcrtlursosigsof,2029-04-26 05:00:00,ousasse;fulgir;citou;sorte;
5337,hafrzgltavuaijnissrvuaesamivdbaalvaiasgb,2029-04-27 05:00:00,rufavas;igneas;judia;varia;
5339,liaroxdifrgpdiomaedotsreorinobascatasafa,2029-04-28 05:00:00,dioxido;aremos;rapto;donas;
5341,eieulevarrtiveigaesonubuseruacrtufpodtio,2029-04-29 05:00:00,puseres;rareie;dorso;bruto;
5343,aedaiatsucdalviiqiaeeovulrsinmqooeaafuia,2029-04-30 05:00:00,quitais;melada;dique;acaro;
5345,gajaosogomzglonsemalcaatesuqimarrsnedaop,2029-05-01 05:00:00,analoga;liquen;jazam;sonso;
5347,tlucidloahamcoecfaetauuipirvesdcolapiina,2029-05-02 05:00:00,calhara;indica;lapis;lousa;
5349,iuiprnlicenuoarsmimnvoaeleorclsmstaaiaos,2029-05-03 05:00:00,iniciem;eslavo;sarna;ramos;
5351,oteotreleimcteraepasobabiieotlmeavmetssr,2029-05-04 05:00:00,alberto;tosemo;vaiei;pacto;
5353,emboirafdbgzoasgubuossmldtrespgazuasoiem,2029-05-05 05:00:00,gozosos;debuta;pises;mario;
5355,vanAflarsedeustonbecnsehuomdaeaosalatmel,2029-05-06 05:00:00,atendem;fecula;soube;astro;
5357,hlsptneousalafdemehruoruuplaunascoiagies,2029-05-07 05:00:00,guiasse;tapara;pilhe;lunar;
5359,caupseaauttigtgcsiaaeauarferralragaisive,2029-05-08 05:00:00,gerieis;visara;garfa;piara;
5361,dfpmfacaioaabuuaelguscsotnaooidaartirgar,2029-05-09 05:00:00,garanti;faltei;subam;acuas;
5363,moxuaemgtdtocouseuarncimzlvenbsemroradig,2029-05-10 05:00:00,abismei;tutelo;evado;comum;
5365,auoaiselxrvieraffnaerruvaocraiinvallagia,2029-05-11 05:00:00,afrouxa;caviai;erres;vigia;
5367,cservedzunomaoeripgridacfnannaaeicuudrgp,2029-05-12 05:00:00,unifica;cupons;pecar;sogra;
5369,apenazedpsibjoeaseuiusrsefrntoiaogiiglei,2029-05-13 05:00:00,unireis;azedes;banjo;foges;
5371,aeffpairopruoeaaosidrlgvremiaevuencetogl,2029-05-14 05:00:00,vagaria;imerso;ruido;vulgo;
5373,unsheobasdulbrasapodasotiraaoevoavarsram,2029-05-15 05:00:00,sovares;supora;avias;heras;
5375,melmfirenaseascoarrmeardvlvcscrnapsenote,2029-05-16 05:00:00,aplanes;vences;corar;mames;
5377,reacnamegdichMeutvdaefdlunvadaeaisiacopa,2029-05-17 05:00:00,adocais;Mancha;apela;fecha;
5379,aornxisgftiaveivucmomlisasmcroadotraasva,2029-05-18 05:00:00,castram;carlos;ornam;davas;
5381,rtorcusooiosblamlsibaogieveaiscuitnicrai,2029-05-19 05:00:00,guiamos;babais;ritos;lucro;
5383,irlpeagzaaradmaarsbbvalmoucoxpaaenieognp,2029-05-20 05:00:00,deprava;oraria;palma;manga;
5385,bpxoafeloaihuixsrisasaiaalidracarieadicu,2029-05-21 05:00:00,lidaria;baixou;paira;casas;
5387,mcaetropairilcilndacoabaaedueisfdefbesar,2029-05-22 05:00:00,sibilas;calcou;porte;mirai;
5389,aiauatuszssaerloeaeslaptfgvufmeaaroxBocn,2029-05-23 05:00:00,captemo;altera;fluxo;grafe;
5391,urntaiicliidrggnzueeauioausxfeutporaairi,2029-05-24 05:00:00,afaguei;cingiu;seria;apuro;
5393,auiveetirdnoommoniedarivgfccngaiaiahaala,2029-05-25 05:00:00,omitemo;lancar;inove;chaga;
5395,dstoiogeuralmrdrcjasoaialrodorimdacutrat,2029-05-26 05:00:00,ladrara;roucos;justo;gerir;
5397,eovocavsncsvaeiereaizeseadrvirmsseinazto,2029-05-27 05:00:00,divirto;encera;vazem;cavei;
5399,alcomcoeivisiislaadnupoobeoammmdastvbrue,2029-05-28 05:00:00,bailava;musico;cinda;votes;
5401,lAomeraiptgaesomafmvsudiieeapoeebrracrpi,2029-05-29 05:00:00,piedosa;raposa;ferem;verem;
5403,Aratiaguagaoaraspnricteseeigmssmrodarapo,2029-05-30 05:00:00,gaiatas;Aragao;penei;migra;
5405,meeatRommcxlaiaesuoeasvaamrzxegatuipfors,2029-05-31 05:00:00,exaltai;turmas;vesga;feras;
5407,motaeeavssernouMpiajrrlroliaeeooemobtsvm,2029-06-01 05:00:00,mijares;enrolo;Mauro;sismo;
5409,dgramurciitmroaamaomeohmecemslncaxiiaoin,2029-06-02 05:00:00,linchou;remoca;marca;ditam;
5411,lagatearanasprljrogtnaaftpbasaadeoaamciv,2029-06-03 05:00:00,abotoas;rajada;letra;magna;
5413,aufinagadcsopitoidodrsmlanquegadsieusdru,2029-06-04 05:00:00,acudido;quedou;lotai;aneis;
5415,morpotemdnocicieleeduvzlospieraeranambof,2029-06-05 05:00:00,procede;apendo;uivar;minas;
5417,audoodahpmgmtBbeeaaaareamtcohlasiiditerv,2029-06-06 05:00:00,valhamo;habeas;Berta;imita;
5419,agerfsceociiroatiezdnarrurreetingeexpmuo,2029-06-07 05:00:00,mexerei;pedira;coagi;sofre;
5421,muginjacvnudiuvsgetorraaresafitnosasoeud,2029-06-08 05:00:00,injurie;ventou;rosas;dunas;
5423,cgibocboarfuoreenramcmsfaoaeiauomrsmracb,2029-06-09 05:00:00,giraram;reboes;fucar;amima;
5425,acprsrchipapaefecnhoeserasnoennisaavsocu,2029-06-10 05:00:00,capinha;icones;pense;raspo;
5427,arezumpiglflrioapiapfidgslzucaolaadioeco,2029-06-11 05:00:00,ecologo;religa;fluir;moida;
5429,astoprlegdcibuosaraanmcerelfoamgthpotver,2029-06-12 05:00:00,picadas;mofara;regem;lesou;
5431,pomavaceetnitasameautavtaprozicijoreamiv,2029-06-13 05:00:00,parente;sacava;major;ceava;
5433,vasseeriiitgmejafmeaizgndodvmaarimaanvmo,2029-06-14 05:00:00,demitam;rangei;rajem;doava;
5435,apoocrvagaulnuedprpuesppsmeniaoroictevec,2029-06-15 05:00:00,previas;icemos;curva;lente;
5437,iageisartuaemonoilrbrleeavoooillrialsSuu,2029-06-16 05:00:00,ululeis;rebola;imolo;aluga;
5439,lederucoaecoroiprrcagostlnlxitsoeotmodfu,2029-06-17 05:00:00,encerar;rodela;urgia;optou;
5441,amuvaforrsifrudtfaolmaaooseitinfdssraesd,2029-06-18 05:00:00,manieta;fraudo;aviao;fusos;
5443,eseortacxeannagsoagcesarrumhiillasesiova,2029-06-19 05:00:00,transei;exames;anoes;oliva;
5445,asjaasaltdudgojsbonaaieuusemitnmahtcaafs,2029-06-20 05:00:00,mandato;jogada;menus;haste;
5447,vnsajormtiantortecdaigasoteiaoffmaaarsfa,2029-06-21 05:00:00,atearia;mocada;vinte;tinas;
5449,drivgpicaosaraaonaandhjadodleniresamimpe,2029-06-22 05:00:00,virados;impera;minha;nadam;
5451,vaaugdaclolusiepereodvaarccernmsaochefee,2029-06-23 05:00:00,emendou;iguala;ferva;corro;
5453,daldamohfeeiiaacmgedlhziadvieipeeiagrasb,2029-06-24 05:00:00,agiliza;picham;ideia;vedei;
5455,tiasipaflrrtomoiaolodalabetmierriesniaso,2029-06-25 05:00:00,loteies;barril;filmo;orara;
5457,vmsnmatusiacamhcsionopodoarralermitsolab,2029-06-26 05:00:00,pelanca;chutam;morra;solar;
5459,dlasuirfieefetadladeoceolhoteoseosatamrl,2029-06-27 05:00:00,fedelho;adoece;solai;frita;
5461,fonmatideeddoshdzihagresovilimoocagacems,2029-06-28 05:00:00,divagai;ofenda;ditas;ilhei;
5463,urtretasxticlrcraaraurzassvteedaenvisomm,2029-06-29 05:00:00,azedamo;cultas;envie;trair;
5465,tiifpcadvburoloooeosdilrforoarescimaiugc,2029-06-30 05:00:00,obtiver;odores;posou;argui;
5467,dmimaamaujdavjreivcraaznlaashbaoetbaossc,2029-07-01 05:00:00,aviltas;jardim;abano;cavam;
5469,vluloomtiauuniaosviavrvdeeshosdeilrmeiar,2029-07-02 05:00:00,devotam;noivos;radie;selei;
5471,medtaaflmraiscoaoeclunuczsosxmivagareoet,2029-07-03 05:00:00,catarem;emulai;coesa;louca;
5473,criacusdneeomndoasmiooianornssnazsfiarav,2029-07-04 05:00:00,nanemos;ninava;animo;sudao;
5475,sceiaidvhfrasrioasslcimoararcamoogfimoes,2029-07-05 05:00:00,gorarmo;frecha;assai;diria;
5477,muamvaepotaiastsolaroemesdhmnmoxasreuaep,2029-07-06 05:00:00,atolamo;reunam;dosas;estes;
5479,iabtuelapoorqiabgrsolntataveariepoaoaitr,2029-07-07 05:00:00,arteria;ianque;povoa;roles;
5481,cieataclritiidarinaobvigtaomcdaardrocusi,2029-07-08 05:00:00,tiritei;digais;boiai;advir;
5483,rutoniephacedireibvecootcvitsrvsaguiaiai,2029-07-09 05:00:00,habites;aguiar;trepe;riais;
5485,bmuounmoalvsoidsidalavuiefsralufiadeasol,2029-07-10 05:00:00,validam;ousava;deras;fluis;
5487,ansarrismicaverieocealrvlmursxeooaqmabib,2029-07-11 05:00:00,lavaras;amolei;exibo;coces;
5489,vaocraafraamssngIajelniocaatezlclmrriasa,2029-07-12 05:00:00,lesarmo;rajava;matiz;ninfa;
5491,aeeedatoavrteatiMlazsscluruburiotrusvsas,2029-07-13 05:00:00,licitas;lavrar;azeda;suste;
5493,veginhmmtnsnaoldlaeafrseobsriamituagiolo,2029-07-14 05:00:00,frigias;demoli;tange;molha;
5495,usrmoruapceegespduuisleaeqlemalijaifsero,2029-07-15 05:00:00,eduques;pelego;puser;orlem;
5497,ramemofamioaiedaeomtzismreiamauocorasorf,2029-07-16 05:00:00,omitiam;raiemo;azaro;saida;
5499,iaaomueestrvoriuvaoeutrgmbraieirdeclmlco,2029-07-17 05:00:00,litigue;voaram;murou;rocem;
5501,ezuguiemloofrrtiigiccelvgboposoalalopavc,2029-07-18 05:00:00,bifurco;viloes;pavao;ligou;
5503,hafasbersissuimataaxprsllarcepeuiadocaop,2029-07-19 05:00:00,lambeis;corada;safas;supre;
5505,bandmcocaaioalsbmmNfrsealiaaazoreijcfuop,2029-07-20 05:00:00,mofaras;abanam;mijai;bolao;
5507,prazoacoinrrscidtoioiogmaasmpcgegrnocaus,2029-07-21 05:00:00,rosnara;gemido;impio;tinis;
5509,rlaisirpabrseeeaaorammprdaemgaeeislezodr,2029-07-22 05:00:00,reparei;abalar;redea;gozem;
5511,etianeioirrusAtmdangaraiiujomnazxmirsata,2029-07-23 05:00:00,otimiza;judiar;anuir;artes;
5513,vErcaiomosgolthlguevacdartmmoestaraearie,2029-07-24 05:00:00,hasteie;atraem;orgem;molda;
5515,Resiuaxranvsocoeuoidrrcrbrbiaaeauuemvmsf,2029-07-25 05:00:00,xerocou;vibrem;vidra;urubu;
5517,cbuqderfeesmrolciaeaamralnsprruoafoorasd,2029-07-26 05:00:00,alfredo;marras;fones;alias;
5519,foaarapgcmtinerianiophcmsganaaoejrusrdus,2029-07-27 05:00:00,apinhar;sangra;anoto;atamo;
5521,georrmuemspaeamglitejemouanersulvfavmtis,2029-07-28 05:00:00,fulmina;armamo;situo;gemer;
5523,ortemracsfuoopnoeecamoajtaprtmuteosaznob,2029-07-29 05:00:00,furtemo;juntas;botam;rompo;
5525,errasoidfielaaovqamrvxbsoupasaaaPitcommn,2029-07-30 05:00:00,aferira;lavrem;quita;saxao;
5527,ocsuigetbaleiialimfzitavsbuasmoeapersmov,2029-07-31 05:00:00,fluieis;vagiam;persa;zumbo;
5529,narocaamtuaojprbnhcpgigoamlinapcoubmosra,2029-08-01 05:00:00,cunhamo;paroco;jinga;briga;
5531,retesisvzfmmiriaebpougraabtasbadierotoie,2029-08-02 05:00:00,embebia;abotoa;mugia;radie;
5533,reodmetjitaovmruseluiziedanoctirubesasof,2029-08-03 05:00:00,vitimem;sofrer;adube;neste;
5535,dniamnabopngearobataledfiqubjariineaeieu,2029-08-04 05:00:00,fidalga;iniqua;banem;tangi;
5537,huelsrutnnmaaaareecimcoghifunotianuemsgr,2029-08-05 05:00:00,nenhuma;tocara;urgir;gomas;
5539,malidgsvtmaaoaoecaoslqrdntsiueeeioefmmcv,2029-08-06 05:00:00,cederes;alamos;atino;feios;
5541,vvpyrocoooieiabubfueoMemuopndrsnblmaeiru,2029-08-07 05:00:00,embocou;mapeei;bulbo;oreis;
5543,incipoodaaifjsrasmtoaaaleeigrsuagnsfemaz,2029-08-08 05:00:00,porosas;rotina;azula;ficas;
5545,aussonatgmororvommaforeoiaouaeamadjontus,2029-08-09 05:00:00,arreamo;sonoro;mimou;gamao;
5547,leiufaolatarsctosusaiislnooarieoivltvade,2029-08-10 05:00:00,atoleis;vaiara;fusco;inste;
5549,aleouosoecscurpfstdfBapmacebiuooosuianai,2029-08-11 05:00:00,baiucas;apoiou;curso;laces;
5551,meignvanomaedococrgemadrlaantpsaottasroi,2029-08-12 05:00:00,condena;nodais;gatas;tropa;
5553,zuoumodmategmaoefunonastosararrreroplavu,2029-08-13 05:00:00,ralarao;rangeu;untou;dotem;
5555,ieroclohbsosccuritlmiddneroafssomissmuas,2029-08-14 05:00:00,fumamos;coreis;ciclo;rieis;
5557,ctroadaloanarmuzsdebbiogiupsiulhtroslame,2029-08-15 05:00:00,putrida;zumbis;emula;benta;
5559,iisaptiovaleanstrvethsveoaonsbedBucenaaa,2029-08-16 05:00:00,patinhe;abanes;vedes;nevou;
5561,Rsmiuriuuopiaazlstduosamavamaroplisrchol,2029-08-17 05:00:00,armavas;pioram;saudo;luzia;
5563,rdsnolmcaaaeveieignmubedorfimfnaieamoaor,2029-08-18 05:00:00,ondeiem;rogada;enfim;girei;
5565,nalhoscecideeromvajdrcaviAturpanohlosaic,2029-08-19 05:00:00,orcemos;rasure;Avila;tolho;
5567,cusmmeorooairffaatgiaedaidiaouneroeubizi,2029-08-20 05:00:00,buzinei;deferi;magia;afofa;
5569,raucemoirtOnapamaauodeepvisldsviieuciusr,2029-08-21 05:00:00,lucidos;autuar;useis;aviei;
5571,atesabaaaicntesrncflaaerodmumexicaabnaav,2029-08-22 05:00:00,ficando;testes;barre;anexa;
5573,rssntrltaooseoroicfoaienmaudificmsefecao,2029-08-23 05:00:00,desmaia;torrei;fosso;incoa;
5575,limumftgiltereuitadintorauodesmabrlaisui,2029-08-24 05:00:00,metieis;milita;truta;fenda;
5577,doioeariecgtoragpoodtuabumaoaivdpoucoban,2029-08-25 05:00:00,tourear;tacamo;obvia;coito;
5579,caefiaszdomaecreiandolvzndaacaaaicoscfpb,2029-08-26 05:00:00,dancado;capava;calca;zeras;
5581,opamofgfdvirnelamavcraoarvoiajaoIeiausrg,2029-08-27 05:00:00,monarca;voarei;garoo;vivia;
5583,trvmrneasaafceirajiioegezuenicaiidsvvied,2029-08-28 05:00:00,iniciei;receie;vives;trava;
5585,cuoisarplsdxonrtapascaoiorcrifmvrmevrgae,2029-08-29 05:00:00,trancam;morrer;casal;prive;
5587,jmcotrsiaegfatxvtiomioadocamlteesusfanrp,2029-08-30 05:00:00,cogitem;falimo;xisto;sucos;
5589,dasomsteaptdoairmaicatoltoavgmcaatuierei,2029-08-31 05:00:00,aviermo;tocado;taipa;alcei;
5591,pltepprcaaiviouosomvommreaitaaealmemacxv,2029-09-01 05:00:00,amimamo;caviei;amora;cupom;
5593,taalufrfnvcazdiaaotceesvcnsaraiavluonccd,2029-09-02 05:00:00,conclua;seduze;natos;orcai;
5595,jusacnziaStucdadRoirsgumUaceauonlolejseg,2029-09-03 05:00:00,mudanca;elejas;curti;aloco;
5597,hnovamsmdessalauvredomgrdivrreheeorboccp,2029-09-04 05:00:00,recobro;chegas;video;sonhe;
5599,momifnesaolauapacapdfltbtoouuaieemesserb,2029-09-05 05:00:00,resulta;afanes;pouse;miuda;
5601,ensopaseagrmlisssdroapmaamrtuoastasaossc,2029-09-06 05:00:00,pisasse;outras;genro;passa;
5603,aimfuSerrfigapabcemlgouxaiiahdpobusnorat,2029-09-07 05:00:00,galinho;repuxa;aferi;prato;
5605,iapmrvcatbmoeasurrummaoroecloicusagdiraU,2029-09-08 05:00:00,sortiam;causou;armem;breca;
5607,oldobmabtsemfuosaigreieteamjoeermrepnomc,2029-09-09 05:00:00,marejem;eretos;sigam;bambu;
5609,taranqusflcisieaoaailovitpvscamesolasoos,2029-09-10 05:00:00,risquei;icavas;veias;falta;
5611,truseileopemmjegilrmeamaxicritsgbelooail,2029-09-11 05:00:00,semeias;pueril;gelei;mijam;
5613,aamgailsfnfaluiouabemmpvroorairaambctase,2029-09-12 05:00:00,bramira;abafam;catas;pivos;
5615,uessavlhesfiroocloaofaaiicanfrvviseiaaau,2029-09-13 05:00:00,esfoles;enfiar;aviva;cisao;
5617,bosndaleoicamfsojstuaaamciiirazrrfdmtasa,2029-09-14 05:00:00,discuti;fartas;frijo;nadam;
5619,taaxeecogilsnairbesaialaaeierivvitadfaae,2029-09-15 05:00:00,lavaria;aleita;anais;rocei;
5621,iliroerasirsvaldsosetrmpHrleoaeseaodurle,2029-09-16 05:00:00,Heraldo;serios;lerda;lisos;
5623,paienholscdmpgortseairaeerngnxomcipuelem,2029-09-17 05:00:00,penhoro;unires;lenga;cedas;
5625,adtlosolidaoooipvriiddasagxorcfisramebat,2029-09-18 05:00:00,dioxido;adiras;breca;polis;
5627,paotdrnciosuilaatilzraoumsaerasfiupumsni,2029-09-19 05:00:00,supuras;iludir;canaa;lousa;
5629,amoajerodxdsoeasiUambvlondepbutevasidenz,2029-09-20 05:00:00,empadas;erosao;tubos;benze;
5631,faiMjraalsdausubxelirxsasdasoasEgulazglr,2029-09-21 05:00:00,exsudas;abusas;juras;algoz;
5633,ceghnatmtevaalosazoruieaagarhbbsrrimebul,2029-09-22 05:00:00,estanha;vegeta;hurra;gozar;
5635,naueloirierumaatlraeqmoasepvasrrustacioe,2029-09-23 05:00:00,sustava;cisque;roera;anele;
5637,llseoltefuaasenpiepzrsidmufotemncofubaot,2029-09-24 05:00:00,estopas;teloes;bufem;fluiu;
5639,amsacigesoaopariplegaamtsmuplegeatoodezl,2029-09-25 05:00:00,picarei;plumas;pagas;emite;
5641,ocimvromaaupiaorfrrcosctmgriniaoeroocprv,2029-09-26 05:00:00,incorri;impura;rogem;prova;
5643,aipvpondmadeoaoeiafehuldoumarlecmgirtaix,2029-09-27 05:00:00,aferrai;excluo;ilham;guiai;
5645,endlaiacodeovpnotrovauutascplortfsmaduja,2029-09-28 05:00:00,truncai;doendo;dosas;torca;
5647,opaoesaosmnspubiossiinfnaovieedufdberfoi,2029-09-29 05:00:00,opineis;advier;pomos;bossa;
5649,ruedzdaabpssutuaoacsemirraegaszlgtiocmeE,2029-09-30 05:00:00,mutilem;agites;seduz;escoa;
5651,hctlengoaeoafdmedmtumfamlamjriadeinaeseb,2029-10-01 05:00:00,desafia;defuma;rejam;totem;
5653,suntbaasumfrrbdarerooisxcucntaespmxaeiug,2029-10-02 05:00:00,canetas;seguia;sadio;braba;
5655,alaovanmbmibpiugoboeardaerditoseijeomema,2029-10-03 05:00:00,abordei;beijei;dunga;tosam;
5657,ndlaoseccaiudivoaginmomircorisvvefoseore,2029-10-04 05:00:00,verseis;garfos;dilui;sorvi;
5659,tchamnurcarisfsnceeneueoihszdlldfefeaotm,2029-10-05 05:00:00,indulto;tachas;solde;rufei;
5661,aifuleairmlheaieaotcprurorasetdzsdeiesai,2029-10-06 05:00:00,filtras;duzias;apeei;aramo;
5663,urparoloducmimahissermncheetotechpnspuor,2029-10-07 05:00:00,penetre;lancem;rotos;mires;
5665,gbraandeiabrdaaoilapsprrrfsraeveeuoicoug,2029-10-08 05:00:00,ousaras;reouve;filia;brada;
5667,ahanocsufecvmeecratisaieapootsrdareraaat,2029-10-09 05:00:00,aderiam;convio;fecha;assim;
5669,mrvceigateipoezrimemshoaeeiaopsvmnnprren,2029-10-10 05:00:00,meneiem;vicosa;raspo;anime;
5671,lpmfepfrioranbaietsoasmlgazafooeroseitvm,2029-10-11 05:00:00,gozosas;plotei;feito;rimos;
5673,untmigearaniirnpdasameaoveccpxrhfezoeinc,2029-10-12 05:00:00,cantara;migrar;incho;vezes;
5675,otoenaosiefmtnclmalnaectaiuomuroecshedla,2029-10-13 05:00:00,coreano;limite;alude;solto;
5677,rerrseaacageorcmbevmslshmviaiauaeividmcr,2029-10-14 05:00:00,vividas;marcha;vimos;regem;
5679,jcuatolejnhemlmasamrgiaszmnepicobuotuail,2029-10-15 05:00:00,emergia;cunhas;janto;pauto;
5681,ueteasesrfdrdrivmaoooeaamsuidraaotlozavf,2029-10-16 05:00:00,furamos;lidero;vazou;orara;
5683,pbreepafooqalotzrcuhneroaepupambssleuofu,2029-10-17 05:00:00,partemo;roques;bufou;pobre;
5685,gamizaeapatntrsbrpgiazocosucsdlmerpsoeti,2029-10-18 05:00:00,miticos;zanzar;pagar;socai;
5687,gianmuodabfegasmnocarubeaoesiccadugsoomn,2029-10-19 05:00:00,abonado;subamo;cosia;enfia;
5689,tnamssolahaumeaobmamanjaosfiudeanucrorap,2029-10-20 05:00:00,maneado;amanha;apear;aloes;
5691,uiarsltmasxeoiascbencdvouardaaarplasrnco,2029-10-21 05:00:00,culpara;citava;lonas;baixe;
5693,rvanmertomeeuviumreieomreapcexsotnoipsal,2029-10-22 05:00:00,pareiem;expies;temor;treme;
5695,mossaiotreseosmnegersedetulsrucpeabaaboe,2029-10-23 05:00:00,decepou;labuta;asses;abrem;
5697,ctasdaaveaiobimeitjlauumesegsdrpsraledno,2029-10-24 05:00:00,ruidosa;tijela;mumia;ponde;
5699,iorfdidNvvbaooaimialinameavboistdistarfe,2029-10-25 05:00:00,olvidam;manias;vivia;doida;
5701,miozvsbausasaerelasjotememenaxuhrgimnepn,2029-10-26 05:00:00,temeres;alumio;remas;vazas;
5703,zelaualdrradseoicirlldepsesmasisceebadop,2029-10-27 05:00:00,aldeido;errada;pesam;dispo;
5705,eopeAdilsrrsneuagipaomdmaritnrisasrnueid,2029-10-28 05:00:00,mudemos;prepos;ergas;nutri;
5707,itieuamiHarcggrmsooiauugedntdeaeaciamrrs,2029-10-29 05:00:00,dragues;secado;rugue;inato;
5709,funitofaurzomgcbltemaaaazaepsrazesatusco,2029-10-30 05:00:00,acabara;saltea;tussa;furem;
5711,ilcalaazrsussizneoibafamguomsltorpspomen,2029-10-31 05:00:00,sugeris;sulcas;pomos;notem;
5713,icaptbofaliiamrClasbtouadcaurorrdoprdauc,2029-11-01 05:00:00,Corumba;caibro;alado;calai;
5715,aiassasesotloLbamuniempeaibpbitojaraaedu,2029-11-02 05:00:00,intuira;debite;ajamo;saias;
5717,cirepniphffioalioeaiaravgrtretedpaameaia,2029-11-03 05:00:00,deterei;chifre;piara;farpa;
5719,isbarabearasmidmsbaaoanaeoapusviicdtuoso,2029-11-04 05:00:00,adiamos;navios;autuo;babei;
5721,faninigtzainIamieaiesimnfesonoiinsapuuop,2029-11-05 05:00:00,inimiga;passai;ninai;unimo;
5723,nrthacasoooildafpfseinsaflamastbdloriiie,2029-11-06 05:00:00,plasmei;halito;sitie;forno;
5725,rcsasbmgsesmautotundedirramsnsieoaaotefr,2029-11-07 05:00:00,diferiu;tramas;cessa;tende;
5727,beaervaommdevoicfuatpddauszsarnutreaeiai,2029-11-08 05:00:00,veredas;zumbem;raies;povao;
5729,iemnaalgamsefsririmuuavpeigrueatgreosgia,2029-11-09 05:00:00,argilas;ufanes;gerir;agita;
5731,ierdnameosrjmcrfvaeoaoteotsutoamsancroie,2029-11-10 05:00:00,jorreis;escuta;refem;manco;
5733,aalcaaagltifvfsnhsioimempaecjrcarmamuaus,2029-11-11 05:00:00,ficavas;causam;ganem;ficam;
5735,lgomasieoacltupdeubreabsmtoosasamarnoarr,2029-11-12 05:00:00,coletas;robalo;atuem;pediu;
5737,uomoaleaReiavirgbrmanuleaaordeaedlbaspap,2029-11-13 05:00:00,grilava;bordas;elege;Romeu;
5739,talsarpcciaeeoegffviiuladasenibitemasadb,2029-11-14 05:00:00,desviem;bailou;danes;prega;
5741,mebcpincgaoraanapcsceauemuosefmtanregger,2029-11-15 05:00:00,pacocas;refute;germe;punam;
5743,nisaimfemopgoriiuocanierrceaiaaspangusie,2029-11-16 05:00:00,acenais;sairei;gingo;rifei;
5745,ilurroaduczotsiogadasidoraneiulsjapeifmc,2029-11-17 05:00:00,fluieis;diodos;muito;zurro;
5747,hcozlemuadbiualrapoorbipeiciediuEcanirep,2029-11-18 05:00:00,perdera;pupila;bocha;buzio;
5749,ancosorctaibdbdaeidrocazsaeaCmoetlnvinfr,2029-11-19 05:00:00,nivelai;ariana;cozer;dobre;
5751,imopleauusapmibbreeieerioprioltactagmarf,2029-11-20 05:00:00,presumi;goleie;mirei;baile;
5753,trasmoararecesipEnlmtroatohaesaSsoutudoj,2029-11-21 05:00:00,alcemos;traras;pirao;treme;
5755,ardeomeriseraboivastelezrmoogrruanominoa,2029-11-22 05:00:00,alegrei;borato;minou;visar;
5757,gornaaoteitearrucndvrssahdloiiifedajnare,2029-11-23 05:00:00,joviais;direto;dedal;enche;
5759,brarlecrgefapidopoeorsforisvasrsfmiauied,2029-11-24 05:00:00,rapidos;grafos;lepra;frise;
5761,oaucinepucaagcarsixetfuttifopspcasarooaj,2029-11-25 05:00:00,pactuar;oposto;cinge;foras;
5763,ganuegesuceosaptedcpoeuasasCmsimoriubcac,2029-11-26 05:00:00,tapemos;aguces;depoe;busca;
5765,vemrdsaloaaieovurdljrsuaogeepomzmugrctii,2029-11-27 05:00:00,otimiza;pelado;mirou;rides;
5767,alseolenhuaccgitdorispisaonnilocbahnaana,2029-11-28 05:00:00,honrais;aninha;coces;aludo;
5769,iarisiraedMamiclvsnaaeouoervrmatonjidpod,2029-11-29 05:00:00,sicario;lutado;sedia;mamar;
5771,aabaeleoeugjfveevgaeaancsiavsgnaedetcast,2029-11-30 05:00:00,engaste;desvia;vague;eleve;
5773,epocassridfaloeicasbmaceavooaioiatncrdsc,2029-12-01 05:00:00,cosieis;realca;monta;pedia;
5775,lescjonlaGeaimficrfomresirausaimvvmojsas,2029-12-02 05:00:00,lacramo;Grecia;mujas;fossa;
5777,ovnteegisaeemrconlupasoaailaavdvoErhfoia,2029-12-03 05:00:00,avivado;Eliana;terco;pulsa;
5779,odoVmexrmnuedraocicrmgesisaaevssuombgiep,2029-12-04 05:00:00,dominou;ciscam;visse;gamba;
5781,ovaueroniittpalceaaolaemtoasamimacusopqu,2029-12-05 05:00:00,realcem;atavie;quipa;amime;
5783,asluinsesimirrssmdercoohaprefafacilfresb,2029-12-06 05:00:00,corroas;fosses;assim;dilui;
5785,upodccatadroesesssimerobuaopmafsvsseonto,2029-12-07 05:00:00,doeremo;fostes;moido;casco;
5787,elleeratzotobriosieiriabxagrctdlosamaeoe,2029-12-08 05:00:00,detrito;sagras;eixos;errai;
5789,esoffeogratoeafetaalrfipxadiucliteuiaram,2029-12-09 05:00:00,taxarao;diluiu;clima;freai;
5791,amrsfeipmboeltmaegviatevrpdegoscnetenjsa,2029-12-10 05:00:00,gemamos;negaos;vetei;breve;
5793,eafobBnaaaimaevrrzunscpapaebuodeardeelto,2029-12-11 05:00:00,deprava;mofara;soube;zunia;
5795,zicocapctelemagoasaiiiejrorbddxmraoiaoap,2029-12-12 05:00:00,abalize;deixam;odiei;cocem;
5797,taleeasjaluossiousinsivomrgmxanreecisocm,2029-12-13 05:00:00,ungirem;lesoes;sovai;mixos;
5799,avinfircjiltuoramamsomteurodimarddarocuv,2029-12-14 05:00:00,aviltou;infira;jarda;mordi;
5801,amxioacsnevtllesnnfoaroeoiaagdtusnlparad,2029-12-15 05:00:00,votares;doutra;ninem;panos;
5803,meninspcpefzasoorserdomurotasaivarobirce,2029-12-16 05:00:00,fizeras;boatos;risos;errar;
5805,omamapuntrosleoaaolmetbuftetotogatulsera,2029-12-17 05:00:00,pelamos;botoes;totem;argua;
5807,rbiaraplaaiasooilimscotbraaforaujoivleon,2029-12-18 05:00:00,pilotos;raiais;aviai;major;
5809,aebeigjscvrdbeauteperimooaaoeasrbfmiufos,2029-12-19 05:00:00,precave;digamo;sofas;sujei;
5811,draetaajsiasmoroeadocrauvxgzlotrteoeuoft,2029-12-20 05:00:00,mesadas;corram;truta;vexei;
5813,baamenieuceposisocastaretmpaiavaroodvffs,2029-12-21 05:00:00,apostai;varava;semen;verse;
5815,YacdorbtsbgnaraeebamfebgmoimponoElleitav,2029-12-22 05:00:00,embolia;rondar;entoa;bagas;
5817,meocifrhopffltmeotamoaedonoairulmevrmtue,2029-12-23 05:00:00,notorio;duelem;trate;voemo;
5819,alsngraiaciafuteboalnipcodpafailbrramhev,2029-12-24 05:00:00,inflama;alcado;purga;fitai;
5821,ufansoiigrdsaapaiebihjuitoalsaucmivcoepl,2029-12-25 05:00:00,acolhas;vomite;piaui;lupas;
5823,oaopcovavfrfeuavizivrdfstcoagiassanocida,2029-12-26 05:00:00,cedidas;urgias;privo;voava;
5825,aaaraaocdracntfaensoriosRaeuelosomlcvmip,2029-12-27 05:00:00,fincara;meloso;Romeu;clamo;
5827,dpgucaaaainaoniplreavdaasaciistvrbnitlor,2029-12-28 05:00:00,pinguca;aviera;taipa;doais;
5829,abebsiniacnrvianrmioacacemmrvolubcheJese,2029-12-29 05:00:00,minorar;canina;crema;civis;
5831,daocoblastceeuasasexbgbbuacuoaroteasgpso,2029-12-30 05:00:00,excetua;pagues;coube;bobas;
5833,clciselgaogacadussdaionLeeattmleprpaesip,2029-12-31 05:00:00,tapares;decada;tonel;pisem;
5835,ulohdtbrongreaherflrusiiaeiaagtroccodaja,2030-01-01 05:00:00,tarjado;rebate;igual;grife;
5837,ctbsoralleoouloeolafviutgzetuaalaupaebmf,2030-01-02 05:00:00,gazetea;ovulos;teclo;bufao;
5839,anatapuqgrsatepelaepmuurfrdrpeduumaeuofb,2030-01-03 05:00:00,murares;deputa;bufou;larga;
5841,siasecoarigejfrmoleafreenfeaaitsAasRvnem,2030-01-04 05:00:00,forceje;mentes;ageis;orles;
5843,maetomovgpgerreisapruasrnmmeccsEIeetapsa,2030-01-05 05:00:00,perucas;versas;roeis;pegas;
5845,fpnhlaaCoeeorosudsszmechdenuevyrmiasiseo,2030-01-06 05:00:00,desenho;Cauchy;remos;zunes;
5847,nmracsalauvaiiattvsldnrtaefiapeonudoelra,2030-01-07 05:00:00,silvara;aperto;trais;arpao;
5849,repeasonislubdniamorjmuonjveseztmiusrtai,2030-01-08 05:00:00,induzia;seriam;jubas;minam;
5851,tooemabeiescerpopxecnrraircsaaiPedomomaf,2030-01-09 05:00:00,oprimam;brames;peito;deixe;
5853,tesvrosovnpiermadadeocuqfgzsrsuebaavasel,2030-01-10 05:00:00,rezavas;revida;bagas;tenda;
5855,egseearbreanagdonectcsandtseecariuetneoo,2030-01-11 05:00:00,gerente;nasces;dobra;deste;
5857,saaotaacajmjlafipeuaorsrsaddeuapsosaopco,2030-01-12 05:00:00,ajudado;lajota;opera;cuspo;
5859,oarroaitgdnigjotaluauaneimndgedsfoseobuo,2030-01-13 05:00:00,adensou;iguana;rojao;sondo;
5861,ixdiEssaebetvailsfoaavnfbtarmeomdooocief,2030-01-14 05:00:00,saneemo;festao;exibo;ditam;
5863,urrofsubdpruorenaetrqacgsreatuhauanltilv,2030-01-15 05:00:00,deturpa;quilha;tatua;furos;
5865,rupoaosijddivanoaeecsiafssaoaqsudecvuuil,2030-01-16 05:00:00,iniquas;ajudes;cavou;desde;
5867,lloocsieeitfipcosgsefperaemoelsrltuqfetu,2030-01-17 05:00:00,repeles;orceis;ligas;pifes;
5869,abgmrmlsopoaucuaarrasBlelpaasermYrevcatc,2030-01-18 05:00:00,apalpar;tracas;Belem;gomas;
5871,emsgmpnaaiaocleetlahelaiianavtjofrievepr,2030-01-19 05:00:00,projeta;ataria;venha;elmos;
5873,ssprdobfomadigaaavoieaiscivteiclobrnerua,2030-01-20 05:00:00,laureia;somava;doido;trico;
5875,csmuvradisoreidaoosaavmnrtmiaxouoielivrd,2030-01-21 05:00:00,sorvera;leitos;moais;ronda;
5877,apoovegirsilmortmadaudaeotMovoepamesaasn,2030-01-22 05:00:00,isolado;removo;pensa;mates;
5879,adudmtEldeesaeuisasfDnsrptvrfafoniauvorj,2030-01-23 05:00:00,dedadas;pintar;Dafne;Elisa;
5881,rstucbdapezaoeiaoselrvjtctpxeeeseremicdc,2030-01-24 05:00:00,impreco;tecera;preze;resta;
5883,eoolassuuogtantsopamuruereolpvvasetoliom,2030-01-25 05:00:00,anulamo;pilote;opoes;suste;
5885,tsdrasotaomtupangofatlcormgreafiirmimoda,2030-01-26 05:00:00,faturas;aponta;miram;togas;
5887,dsdaItcrsesmgalivenseiaadcrsearseaaAcuro,2030-01-27 05:00:00,arcasse;carros;gemas;desse;
5889,mugmaioaiaerasrdnrasoslpfifdootoracadrei,2030-01-28 05:00:00,miragem;arados;adoro;infra;
5891,rtactaroesairieaemeifmsrburroaemoaormpla,2030-01-29 05:00:00,temerao;formas;melam;criei;
5893,iregamfauzaodceelimrelblrtoaraiteiamaviA,2030-01-30 05:00:00,arreamo;adoece;Atila;gerai;
5895,ofuodrasoannsacispaqsolpravcursocuaeijou,2030-01-31 05:00:00,picaras;capava;solou;funda;
5897,usaptiafpescavedrsiblslmaosautipLsdnasom,2030-02-01 05:00:00,levitas;cassei;impos;super;
5899,raaerdatrsipimuarussvtroriieaeuabacouetn,2030-02-02 05:00:00,untarao;vespas;vidre;ruira;
5901,marataeluadiesbusibsztmaioeedaatcaspmoev,2030-02-03 05:00:00,tabules;arabes;adies;domam;
5903,ciphaetoiacsncolrartuafhvaseltdiiovceama,2030-02-04 05:00:00,colhiam;teclam;caias;voara;
5905,rhcucmopfamraobeinohctsrecnolxouveNbaeab,2030-02-05 05:00:00,murchai;exalto;bocha;cobre;
5907,mrsupaufealsisolmimjunscmesmecaeelmaiarj,2030-02-06 05:00:00,encimas;passar;mimem;pulsa;
5909,gaaejonajprnpritvepreogeaaarojledamosgam,2030-02-07 05:00:00,pajeava;prepor;amaro;gajos;
5911,tosaredarosfxjsdacuaieauroorihasdaudntop,2030-02-08 05:00:00,farinha;cordao;durou;exija;
5913,vfafgasuuronemocomstrdiaraoeiavbasmicfdu,2030-02-09 05:00:00,fumaras;advimo;aduba;acusa;
5915,tajeloraoicaoapvmaoctonebbioaacaaedorrep,2030-02-10 05:00:00,toparao;tijela;beico;doara;
5917,imuaaibudoiiscricasemfdaduleoeaaeezrprsr,2030-02-11 05:00:00,mofaras;zelado;casei;brisa;
5919,larfetebdepidaruasCatomalvrrcmAsalcarnau,2030-02-12 05:00:00,arcarmo;fritam;Carla;lavas;
5921,lmconaeiutlmovcrvaaomnhoapheemeuungnrdnv,2030-02-13 05:00:00,multamo;punhal;chore;nuvem;
5923,earmarfmvccaoaueodabrvolloidoigssecxoamo,2030-02-14 05:00:00,fulgira;voaram;oxido;crave;
5925,atlubepipangrsonlebaetraanmredaceaovanep,2030-02-15 05:00:00,lunares;enlata;penar;apela;
5927,gresmiiciraloturdeseetqcgeermsooacmivcvz,2030-02-16 05:00:00,toleras;quites;irdes;circo;
5929,idraimetvscrfranaeierosstaseicesputfpran,2030-02-17 05:00:00,astutas;presas;freie;remia;
5931,oeidapzafmsioarocunosusplacamirdoammvide,2030-02-18 05:00:00,aclamam;prazos;adies;apoio;
5933,seeautrfrpsgioeaaiorelasadvurpglsobacfoi,2030-02-19 05:00:00,buriles;cravos;apega;pares;
5935,ibeercmemhrraoaitinmarsleaiedidamnporvoo,2030-02-20 05:00:00,erodido;hernia;arrea;alisa;
5937,ususeaiudniarllotessrmehsdvetovmaneiunao,2030-02-21 05:00:00,desande;movemo;ilhou;lares;
5939,rtietreaacrtieavnfaaraiseeonvaraughiviap,2030-02-22 05:00:00,vivinho;raiara;negue;verte;
5941,vacofinLieaspaiutoslvetsmioaictacoscdoje,2030-02-23 05:00:00,avicola;coteja;cesso;Linus;
5943,briafoeaomdsanpmasamddgosvalaeroiaBcssft,2030-02-24 05:00:00,opordes;admiro;almas;foges;
5945,rirngoregoidirudemgariuamoifbaoiparimnps,2030-02-25 05:00:00,arribai;indago;gorda;pisou;
5947,scemticeotnagraspnsedolexaivaelomemrrpma,2030-02-26 05:00:00,ensinam;traces;amola;expos;
5949,avedaoibimvtrcmarboaohacqeeulalcudloiape,2030-02-27 05:00:00,debelou;acolha;avimo;datar;
5951,oarfmaomdniadimorfeeraacuetmrpdssgaaualo,2030-02-28 05:00:00,resgata;rifara;media;fendo;
5953,ugrasdargcloieuvuaaimaaboiislrtrnDemiseg,2030-03-01 05:00:00,agucais;durava;lista;regra;
5955,odioeubovauosslcssalaragaofriosumaiehsfr,2030-03-02 05:00:00,falseou;bolsas;vaiou;rieis;
5957,ibmeptivaateranscozrtamatoaoacodeimenaac,2030-03-03 05:00:00,paisana;mocada;otimo;traze;
5959,oufepabedcasridrumecueesazardlluicijevaj,2030-03-04 05:00:00,credula;espire;acudo;lerda;
5961,oaegolaiclnvieedaocuanticdsatotanoapaers,2030-03-05 05:00:00,pausada;trotea;vinte;calco;
5963,Gmrbbordreualaeaaegnsvoropraiargecialosa,2030-03-06 05:00:00,revisas;regala;agora;piais;
5965,avoueimaorsmtaeaccoianotihacrrolvsseidav,2030-03-07 05:00:00,varrido;cachos;visse;lotea;
5967,vommefameorespfidulraialaeadatisglmeaduc,2030-03-08 05:00:00,familia;datara;pisem;durmo;
5969,invonivaieamealaesilopnereugoisafomaambi,2030-03-09 05:00:00,anelava;fresei;inale;bispo;
5971,sainapngvltenaliaisntatrasaseuradsolpugf,2030-03-10 05:00:00,purgues;aplana;lavas;tines;
5973,etlffapcasuxoihnslarjcaaecoeiauclauacrdt,2030-03-11 05:00:00,estalar;cancha;rajei;fluxo;
5975,icinsfazaeirarialiasaiugpshdruuoidmogric,2030-03-12 05:00:00,hipismo;laceis;rugia;faria;
5977,crticaarcesavltaeegosnilmgumiemumiejoarr,2030-03-13 05:00:00,enlatar;limais;creem;urrei;
5979,asopauanspmibsgapaeruarddfjrilvaritevtar,2030-03-14 05:00:00,revirei;pampas;abusa;frija;
5981,robvaeptsentearaeoarcogumlslaaadriatlavf,2030-03-15 05:00:00,montara;grauda;coeva;tapea;
5983,ieoaeimocnirlrfautrereoxodumssaiaceasiba,2030-03-16 05:00:00,releria;sofrer;intua;sisme;
5985,cermrojcslaraanaaugtladafoSoeimdlprapzui,2030-03-17 05:00:00,profugo;tepida;ranjo;umida;
5987,ovuviqiteaceunsdxisnelaaaeiagmrfnvcfaglo,2030-03-18 05:00:00,gamelas;aflora;casca;afina;
5989,majaacuausospidrAicoascibaioleidatesobnm,2030-03-19 05:00:00,indices;ardias;musco;batei;
5991,aifasaiCmitajxaednoadoniteepmzcuairbsoit,2030-03-20 05:00:00,tendiam;incuti;zombe;enoja;
5993,alrpaatroehddsoaiveacbaponmtnedaaieuoagv,2030-03-21 05:00:00,herdada;portas;inovo;meteu;
5995,ctcomistiopspoetuesoeamaiasrberliabracfa,2030-03-22 05:00:00,repomos;posses;barba;citou;
5997,ajutaaaracsrisravanpmreolaomaeaaabdasurv,2030-03-23 05:00:00,arreava;traias;banca;serra;
5999,lapexcteucasaaapcrouusarsaropogrlffadezo,2030-03-24 05:00:00,caparas;arrasa;gozou;taxes;
6001,susaneoVmristiiaiaarairmrfGegarirsomnoda,2030-03-25 05:00:00,engaste;Gerais;Viena;mario;
6003,piraSljiEeormirudiiaadafeteeftvnsnotovmo,2030-03-26 05:00:00,votarao;fujira;Epiro;nadam;
6005,locJUdrirarFRsojceatmrmoselliaamtouassaf,2030-03-27 05:00:00,aliarmo;tecera;rijos;lesou;
6007,ozgalsarmiecamepbdtsususoineegsfpemmtnio,2030-03-28 05:00:00,fisguem;mitiga;zombo;pende;
6009,doesussoevenieipeoneigrfocpsfxsoamiapeem,2030-03-29 05:00:00,apeemos;frigis;nenes;ecoam;
6011,aggesmonimuslopbaoompacoscicvaomtsariabs,2030-03-30 05:00:00,amigues;palmos;rimos;acaso;
6013,ilasanschacruraaojmifbrdjonlunacacuosiod,2030-03-31 05:00:00,finjamo;cansou;ralho;braca;
6015,ctejjeltolaaeeriajtetuaiaemdbpielembeova,2030-04-01 05:00:00,obturai;lateja;eleja;pedem;
6017,tervisseaseduidlnafxroeatodeaebsprsathmm,2030-04-02 05:00:00,profeta;xereta;antas;vidre;
6019,imsuhevotiaomhlhodttciauedoeadrtserfnoca,2030-04-03 05:00:00,frechem;criado;todas;redes;
6021,arugfmapddomuhceoaugalsilarensardvenmjgo,2030-04-04 05:00:00,chapeis;manjas;dolar;arduo;
6023,orpmasfisegasaeclaserraupileuoxtunemcdaa,2030-04-05 05:00:00,amarele;agapes;acuei;punem;
6025,suzlivlbeoaspeiasupeediabsliioevfaimfned,2030-04-06 05:00:00,salivei;bulais;poses;labia;
6027,petetamcvacmrpopzebeoeisoebucncsmeedoheo,2030-04-07 05:00:00,tecermo;inches;catem;tampo;
6029,JmsvimsdlseieeotaesredssiGeomnoimrmitoaf,2030-04-08 05:00:00,miremos;fiando;toses;Gales;
6031,pumadraloidromianrgitetliaesapeofgromrcm,2030-04-09 05:00:00,minorei;latiam;ardor;regai;
6033,emeiatfaomrcroricbajaioaaaeleurebvzuiBep,2030-04-10 05:00:00,azuleje;babaca;troia;criem;
6035,sugumezuscriuuroootiittRrseoeesuezcfnevs,2030-04-11 05:00:00,enfezes;surtiu;muito;zerou;
6037,larpueibeixaidatvdivdrsszemualoagomoosip,2030-04-12 05:00:00,possais;devemo;lixar;gozei;
6039,ggdforviaaaomardfpdmerfameroaariceocbmta,2030-04-13 05:00:00,afagado;vidrar;prece;atara;
6041,fruatnliAlmtoamcioarorsbsacvsaamfojeumos,2030-04-14 05:00:00,focarmo;tontas;clima;sumam;
6043,zuecoepuisjssmmaatsoaatimdiutpdreianioto,2030-04-15 05:00:00,meditas;cessou;umido;pampa;
6045,enchainoornveevtmocetiemahlvsgeuneoecaad,2030-04-16 05:00:00,chaveie;temeis;eteno;croma;
6047,fidnralilnUxifhosembaaooceelhemaifutnbuf,2030-04-17 05:00:00,entulha;bufamo;infle;olhar;
6049,dothajsimsiarovoeagcdidlicisianadvalacmt,2030-04-18 05:00:00,castiga;caidos;alias;cidra;
6051,zdlgsareeanioocclorurlmaengasuscnromepaa,2030-04-19 05:00:00,sulcamo;nomear;ceras;ergui;
6053,drrsrmemesaifeetmsezurilululatcrarrubcoo,2030-04-20 05:00:00,esmeras;azulei;temer;licor;
6055,evvpattpogiaiadilseodSufaiirartalsaevamc,2030-04-21 05:00:00,ditador;furtam;glosa;aveia;
6057,odamgounsaoeiasoucrbamuierecppedirorpuoo,2030-04-22 05:00:00,recorre;doeras;recua;poupa;
6059,aitrifaosrpmabrctsidosueeaodlnhsllgaetol,2030-04-23 05:00:00,dialoga;moldar;telas;pisar;
6061,nalrbseuirestrgmniaacetgaaixmioesfiporrp,2030-04-24 05:00:00,asfixia;gerimo;gumes;catre;
6063,tzmesdueuarrusmtrcteooierodmedmeaneomaen,2030-04-25 05:00:00,meneiem;surrar;conde;zurra;
6065,irrzidmstuaodouiacanrionbroosesaeltsozul,2030-04-26 05:00:00,urrando;locara;torio;oreis;
6067,erdusaldvtampupaeeqgisalasruinefrgdafiiN,2030-04-27 05:00:00,atreves;esquia;pulas;migre;
6069,ufsieosvzilmvuesaeaioiasbzprhlocenoufvca,2030-04-28 05:00:00,voasses;oprima;benza;fuzis;
6071,itsjmumaoaeiobroutctasiueiivtemrsrfolrao,2030-04-29 05:00:00,vicejou;bramou;situo;freta;
6073,mslossameenodfglgjasraeuouadsciiintoiehr,2030-04-30 05:00:00,salgado;ajunto;asnos;lemes;
6075,ixedocacinUtasdcesmioaeoipreottdlacpaene,2030-05-01 05:00:00,detento;adocas;oitao;pisei;
6077,omimafeeofrmirouviecelagcramiupebotmogad,2030-05-02 05:00:00,cremamo;apegue;mimar;torci;
6079,odldailirieorahasfuasovaumsipadiueiatavm,2030-05-03 05:00:00,ilhavas;fiorde;pisei;atado;
6081,iopatebibcumsdirioafenacchraeaueciilzrrb,2030-05-04 05:00:00,cochila;mendes;tapou;bicar;
6083,anjesAPIdiolhosMpstiiriboarmneariefohbtc,2030-05-05 05:00:00,patinho;ilesos;anjos;freio;
6085,sadoarhatdbcalspirosiamodAorapreemflgach,2030-05-06 05:00:00,bordado;rachem;ralha;glosa;
6087,savmodaioaidelrrsacsruarsfoomieeogcoavid,2030-05-07 05:00:00,fogosas;modica;vasos;urrei;
6089,pretaospluastetimtcipapaspraivsaedivcuan,2030-05-08 05:00:00,criptas;multas;preta;sepia;
6091,vjoregouoeapadicszrsasoupopingultepmoree,2030-05-09 05:00:00,elucida;versao;regou;rompe;
6093,aivaeotulavmsdcpiszebaasaioarmcegatfteed,2030-05-10 05:00:00,rebatem;avivas;aliso;freme;
6095,turaimgbeofseoorsositicntcrealeairugevai,2030-05-11 05:00:00,cometia;geleia;curti;tesos;
6097,seracdteruseoiesdeeiltmaiazdaarvngiuevbi,2030-05-12 05:00:00,redigiu;deuses;brama;atole;
6099,aumacpsesiermfodalauecxnucerodejmulmagao,2030-05-13 05:00:00,acumula;excedo;creia;sumam;
6101,fdnpnraasaioedmberrasaounizaadsiumarmcle,2030-05-14 05:00:00,seriara;danosa;uniam;amada;
6103,glhsnmoiraaoahapsivdaclmimtrsirucafiadac,2030-05-15 05:00:00,cisalho;gritam;chama;firas;
6105,oopecnamsrthetacoaetoasacidgombimpelzogu,2030-05-16 05:00:00,detecto;porosa;guisa;zombo;
6107,noMdixovreamfeeoceoedglmaocotucesdanebms,2030-05-17 05:00:00,recados;detona;gelem;clube;
6109,denotqesiafinoumtclnicmancutooidabobrbar,2030-05-18 05:00:00,edicula;finque;daria;broco;
6111,riacdeictaneaaoixdacnjcaemarbasavutentrm,2030-05-19 05:00:00,castram;andara;canja;cedei;
6113,sumeemehuhrmauclgoaetraoaiptaadisbocboil,2030-05-20 05:00:00,optarem;aturam;colhe;catem;
6115,svaduarvoatoojedrxmitsriomluiaslreesmehg,2030-05-21 05:00:00,ilhasse;dotava;rajou;roxos;
6117,lecaiazuiaaecueacjldorlmhiomoddscosrgaeo,2030-05-22 05:00:00,alojado;chicos;luzem;morde;
6119,adaacidmamehoaaeotrucnmrtoaueaiearptrsmb,2030-05-23 05:00:00,enchamo;beiram;arpoa;truta;
6121,pDistavaidvstostoiogoarepobciMnasartouan,2030-05-24 05:00:00,portico;vistos;sabio;terna;
6123,eocojraosplafuemnetasomaeboisinagmeLuceo,2030-05-25 05:00:00,falcoes;embote;Lucio;gemei;
6125,baeghsoomvtacrbbogiiuuuagraesmloerveraet,2030-05-26 05:00:00,ativamo;regrai;reves;bobos;
6127,mmebqsegiamuotostmlornivinshaeaonascvamd,2030-05-27 05:00:00,intimam;tornam;nasca;lombo;
6129,sidisnbtegrexaoamaitsnnrruiremutoelaujla,2030-05-28 05:00:00,dirigis;emulai;nanem;tanta;
6131,ruaffugxomsliieiicuamalmobLtamottesmidan,2030-05-29 05:00:00,montada;exilai;estas;Lucio;
6133,nofobbnvotalsaiiioiasluacldmcehgaaudimec,2030-05-30 05:00:00,acolito;inalem;bolai;dumas;
6135,vinaaueenaccrjlaizfaaiutclucjrrveaosouae,2030-05-31 05:00:00,juraria;nanara;vinca;jaula;
6137,aljresmoreioedurrbtglsamolaiomioagoorost,2030-06-01 05:00:00,gorjear;oramos;litio;ibero;
6139,rdramiaatesidngrraeoaaaeiioamurinnrolicv,2030-06-02 05:00:00,ucrania;limoes;adira;viera;
6141,unmetousdecadrmederoamrataufanxaiasieeta,2030-06-03 05:00:00,taxaram;ecoais;ufane;doura;
6143,eancuemvgraornosounahaaotariihrfiecetlav,2030-06-04 05:00:00,oregano;falhar;sanha;itere;
6145,erpavorhomlegelodunocesegiarobctameslaai,2030-06-05 05:00:00,coelhos;revoga;tecia;pleno;
6147,otbiaaiemaaposspcusrgeaedetidrntlevooasr,2030-06-06 05:00:00,ataudes;proiba;regio;atens;
6149,mbnnciuaaopahofdfiegixoasrradauiaaiulbop,2030-06-07 05:00:00,pegaras;boiado;fiamo;aludi;
6151,riefalibroarcaniaciavaisamurrsamuniivcit,2030-06-08 05:00:00,acorria;virava;alibi;citam;
6153,hcugamloliqemiasaevcuidarvaooxnhmoeremiv,2030-06-09 05:00:00,velarmo;chique;vinha;eximo;
6155,losterseefimrotmdndporoaednodtbbsoaodoor,2030-06-10 05:00:00,prostre;doando;istmo;bordo;
6157,mnopgaxeajavoaeorirolvibpmstsusreamoecge,2030-06-11 05:00:00,boxeeis;japona;geria;irmas;
6159,lalsooslrtiujlcueaoeiaaimsrglzvaaraeeusm,2030-06-12 05:00:00,aliares;arrota;gelei;solos;
6161,iasaooexsicsffemcoaiummuariinifnmobcmati,2030-06-13 05:00:00,sicario;cinica;assai;mexeu;
6163,duasemraerrnocapsatisasitaailurndoszfdec,2030-06-14 05:00:00,dualiza;parcos;dotar;saude;
6165,pesevuxscmicoieopaassaoupbrvepapeatepuoi,2030-06-15 05:00:00,campeie;poupai;seixo;breve;
6167,rfoiuhanuaosnMisomacnibtiinaoitautescalu,2030-06-16 05:00:00,intuimo;aninha;coisa;furao;
6169,esucadrbrpaacunarairhaodcsletsnuaacremer,2030-06-17 05:00:00,retraca;urbano;tecla;durem;
6171,aeuodfrisrstiigaocaesarjarflrudsmreDmida,2030-06-18 05:00:00,refleti;jardim;doure;marca;
6173,vjruurtnaaoefserhmoibapefcrrshnaefaresov,2030-06-19 05:00:00,rebanho;urjamo;fecha;avaro;
6175,uemorseaoicbaodlspurecoroourmmrAptitaeia,2030-06-20 05:00:00,emerito;poupou;icemo;bruta;
6177,mefuieumoocrtgnedaioriujaleivqsonsegaaag,2030-06-21 05:00:00,vinguei;rufemo;lesei;nadai;
6179,ugreumafoednspenatoietthpasraioesampaPvl,2030-06-22 05:00:00,mantive;pasmas;reune;gueto;
6181,nsaoidetmoJiaoYcfucesrooaoacogmpclhiurno,2030-06-23 05:00:00,mosaica;calhou;opomo;cedia;
6183,maupaligsledsodnrasvaraoaiivpbumlupnsevc,2030-06-24 05:00:00,pularia;duelas;vespa;varam;
6185,ozripedbcapluomucoatraaelimlevrocoremecu,2030-06-25 05:00:00,levarem;coloco;rimem;recuo;
6187,evaicjmiauahGaimncdrgaimiseapaeacrlosstf,2030-06-26 05:00:00,apossei;recaia;agata;mijai;
6189,aleidarsroarrrofiesaarepaociomaalvuogipi,2030-06-27 05:00:00,forrara;roeras;louco;piora;
6191,oricaromacnrhcpovzaaahldesrfiangocilasse,2030-06-28 05:00:00,inchara;rocara;falis;molha;
6193,apalodectppossaaodeviesmcsiirnhoaaffcuba,2030-06-29 05:00:00,frivola;casses;peido;facas;
6195,eptenezaodteVhjeeeoirfosrrcrecnaotepboli,2030-06-30 05:00:00,precede;infere;torre;bolao;
6197,tservularaiaadogmstnuiorceiuoedtapdbroso,2030-07-01 05:00:00,destroi;editam;adula;vaias;
6199,oviarelarenGudsodainisrdunsedicordofcoei,2030-07-02 05:00:00,devoras;ofendi;disco;ninei;
6201,vtsfocegaeilaraeiaelsoarapspalchodomohua,2030-07-03 05:00:00,esforca;acaros;hulha;dopas;
6203,errigomoemdeuacsfeismudslAmaoriebaocrsef,2030-07-04 05:00:00,comediu;ferras;educo;ferem;
6205,recarddbqueiuseieapermaajmnrsenlmaaarive,2030-07-05 05:00:00,nivelas;emanar;rires;media;
6207,iroditaramuofcstopsdronugeilsrefparbaora,2030-07-06 05:00:00,refutas;pairou;geris;balia;
6209,leieasteorottorzciptmseoamaedaglllpoopar,2030-07-07 05:00:00,dopamos;oprima;rezes;poeta;
6211,atuiisuvgrrmparioimdeaelitealomapluvaise,2030-07-08 05:00:00,impedem;ritual;gruta;levai;
6213,saeialifarreetahovdsselacedoprcelocabaat,2030-07-09 05:00:00,poderei;estala;breca;telha;
6215,ilntenarmeamzseulocauomvoepdnrepocraieda,2030-07-10 05:00:00,adiremo;mental;padre;locam;
6217,acalorrocsemponoisidxticfotereseaadijorc,2030-07-11 05:00:00,exploro;iteres;sifao;disca;
6219,esvaiotflafaraunaoanacgatrtravureiurodam,2030-07-12 05:00:00,fungara;tornai;cavar;fales;
6221,ReimortotodvmeermumdargaidsnajinmaaGrodt,2030-07-13 05:00:00,reterao;miudas;dotei;movam;
6223,oxdsaabarsaivermatmhznoadmmialpvuiorIdie,2030-07-14 05:00:00,pavonea;sortam;miuda;lidai;
6225,dgorlbooiaummonsmcoiirolopamoaateucdanup,2030-07-15 05:00:00,campeou;atonos;lombo;mimou;
6227,iaiaciesnenlsrmndamdgeeaaoeaimaxnRulmatr,2030-07-16 05:00:00,Romenia;salina;extra;magma;
6229,draezocbalsovazotusrbuiaeapauleilpamnoal,2030-07-17 05:00:00,amputas;azulei;ladra;vozes;
6231,osofucsEteeinfoorrarxiblaorezupagecosamd,2030-07-18 05:00:00,xerifes;regara;zinco;subam;
6233,rteueumaeoiiqxvcplioeiaorefxiuiamuriclsr,2030-07-19 05:00:00,prefixo;ilusao;quito;exuma;
6235,asaanrreljifaigaleosvntpoicaateaptajrmir,2030-07-20 05:00:00,jalecos;atinam;grava;lotai;
6237,vemhirreruicativcifgveaPoeosareasxaregin,2030-07-21 05:00:00,chiaria;curvem;cosei;figos;
6239,iaoaebesmnctorerelescuomrfuodsadoremuepu,2030-07-22 05:00:00,fulmino;saudou;pudor;boate;
6241,mrinaearblsdnvtresoieoeercalbivauavacobd,2030-07-23 05:00:00,adverte;varrei;calei;brida;
6243,oraupsioigsmoocnieanastapmrarilhduurorab,2030-07-24 05:00:00,tiranas;grampo;murro;durei;
6245,abNicomeaastjecsldareaopaieoddmtbsvosaer,2030-07-25 05:00:00,aliadas;ejetar;soves;podam;
6247,bodetrasexeaieumlrmbozifaeutstdstodegaac,2030-07-26 05:00:00,relatem;boxeei;zeram;disca;
6249,areidemamsetbaifaacarsxlirvdaoscagaveppo,2030-07-27 05:00:00,vaiaras;iteres;clima;evada;
6251,norbumiceilfraeresreausNtmvsoiiaiaisovgl,2030-07-28 05:00:00,alivios;frisem;Neusa;crime;
6253,eeraoaeacntmrcaiaeilisvruasvencegmecivia,2030-07-29 05:00:00,teimara;civico;lesar;vinca;
6255,esosimemrahvtlaazcmagpietiseaafnoprrmodi,2030-07-30 05:00:00,vagarmo;hostil;finda;mamae;
6257,liromtmabaaioinucvomnesaufrvmrehbfuaoetr,2030-07-31 05:00:00,remeter;furamo;tinir;manas;
6259,diaoaamelvvsdoodtuioecpiaccadvasarosmssa,2030-08-01 05:00:00,comedis;vedais;arcos;passa;
6261,onoidavezlovgabaancarmsjoaufaocumrcurroo,2030-08-02 05:00:00,fucarmo;ocorro;anzol;noiva;
6263,sohlotaencroaesfduteovnpoetxiiearasapesr,2030-08-03 05:00:00,rotundo;envies;festa;olhos;
6265,reionrloracvgsuomtiniidfaaloalrracpbiigi,2030-08-04 05:00:00,novicia;inabil;frigi;idolo;
6267,uramosagcnapinliapablcgexiarduraeetonivs,2030-08-05 05:00:00,inculpa;somara;expie;vindo;
6269,ficoobeuaadsclmevlsasarbeotugrrucnerstas,2030-08-06 05:00:00,embosca;sadico;cento;susta;
6271,cocuitsomaoczerseaibauirvdocoaasannaabrr,2030-08-07 05:00:00,esticou;zurrar;bacia;vedam;
6273,emmegradsiiicegsmfcxamiaouosedsaacrusoes,2030-08-08 05:00:00,megeras;desuso;fixai;agias;
6275,ivtsrtaasuarevrpiveaaeauemomotsutlualire,2030-08-09 05:00:00,multeis;viuvas;apura;tremo;
6277,rlricamuaaamahfdvcollareugriaeeovaiaviba,2030-08-10 05:00:00,calarmo;aliava;freie;chale;
6279,urficKmitevhuabaocaczosuistsaooschdemnlm,2030-08-11 05:00:00,subsolo;chicos;turva;Kazuo;
6281,laraerasapeeipitavdbcaachuarilfhrcgosaoa,2030-08-12 05:00:00,capacho;rugosa;tirei;pedra;
6283,isicacursipahrtiramsmrbaeeuoaonbrctvmuno,2030-08-13 05:00:00,batucar;picham;missa;votem;
6285,anoipreolttaepmdaooaddabsusaapangoenbcos,2030-08-14 05:00:00,pitadas;atolas;panos;notou;
6287,flstoetmuairirrecnamapocvhjpoaoaicegamrc,2030-08-15 05:00:00,arpoara;terror;cocem;nisto;
6289,mertstamdiaaooradancipaaegeeuescutnsmdor,2030-08-16 05:00:00,dosaram;oposta;danem;medir;
6291,aroitdiprveeacacahatlmliaaresoarorjatsub,2030-08-17 05:00:00,travara;burilo;tarja;heroi;
6293,sinodmviaodiaiicaaiascuugagixrlzpeepabsi,2030-08-18 05:00:00,civicas;baixai;luzis;apega;
6295,reialisaotuamextuoufilevcvunodatecrmgruo,2030-08-19 05:00:00,extasie;curvou;touro;falam;
6297,reuqriadnatesirsejinurescesmilaisomuohst,2030-08-20 05:00:00,interne;musque;dares;irias;
6299,ocrltmrvseauieaeosleuorpemfuxcxuniztraol,2030-08-21 05:00:00,repuxou;flexao;coeso;mines;
6301,ilegmsedameiuioteonsahetrtsmenoeebeortrv,2030-08-22 05:00:00,norteai;eterea;rosno;vetei;
6303,prergomocevseicuxiaiiatniavraaoelciamdca,2030-08-23 05:00:00,revieis;cearam;cavia;previ;
6305,ssblpcaceoiuoaadjmlnrgolagurarmfziorieir,2030-08-24 05:00:00,acacapo;glosem;lunar;garra;
6307,ogobunmirsuebemrttumsacaaocsimnagnaiErcd,2030-08-25 05:00:00,umbanda;carmim;tango;tubos;
6309,lotaentrpbapveeslofsemiomaotraidsacepinl,2030-08-26 05:00:00,penteei;lindos;boato;socam;
6311,tevmianiuaearmendrarudeLvsafsgrnimduiSeo,2030-08-27 05:00:00,fremiam;durava;rugiu;Lenin;
6313,oslncustsaaoaeqauvodmeuaibcrrasvcoiopasi,2030-08-28 05:00:00,massiva;saquea;coibo;colas;
6315,aaaapelajcisojnauilsedonacturvirrizrucim,2030-08-29 05:00:00,curtira;cuicas;ajais;video;
6317,iolsadolmepesiuucduhasbdiosnembasreviafi,2030-08-30 05:00:00,pedires;imoles;senha;bamba;
6319,vooneurnlejocetoxartmmotsentoeosaltimtol,2030-08-31 05:00:00,curemos;lotemo;tonto;tinto;
6321,vjufhfasamuunrildirdiatxumajaroesulcoplr,2030-09-01 05:00:00,urdiras;filtra;umida;fujam;
6323,Roaasimeacpmcaagopeonvurspicejesimoembec,2030-09-02 05:00:00,concebe;impoem;verga;cipos;
6325,mioovarcaddogeemirurmdoeamaanrslbrutmuup,2030-09-03 05:00:00,duraram;pulsem;bruma;mover;
6327,drangoacoeoedalaecfngivoloofnaamfapitxav,2030-09-04 05:00:00,fingiam;calava;ponde;nardo;
6329,sustasocegrebbaenteosionaamarezcisiriemh,2030-09-05 05:00:00,segurem;bestas;antas;cozem;
6331,atuitviasarbneltfadaihachamasompcoornpse,2030-09-06 05:00:00,entibia;mornos;facho;velho;
6333,rmlnecitaaeaidajbtanovuuoarracoilifaadod,2030-09-07 05:00:00,educada;botara;arame;diodo;
6335,iraurviraulemifaigvaixoncaeiseceialpasol,2030-09-08 05:00:00,salgara;revela;virao;eximi;
6337,vlnaeoobaarionafzmmrvilrriutopalbasamasc,2030-09-09 05:00:00,vazarao;sumira;livro;tampa;
6339,ilesaocirrarfamrohnimlrpjaifufgibzgasire,2030-09-10 05:00:00,caminho;afluir;selar;frige;
6341,igegfrsJnemlameuaaalissiibasccfnstnaieat,2030-09-11 05:00:00,enigmas;alicie;Jesus;fresa;
6343,bedepavlriageaiirjovuirmptarodoAalopimac,2030-09-12 05:00:00,odiarmo;vaguea;plato;viria;
6345,eultamofoxseirasreisdfablmaviaoueretcras,2030-09-13 05:00:00,viessem;exulta;subas;forca;
6347,zelorpemamdeuramvleiofaobaeedutstogvtaua,2030-09-14 05:00:00,degelem;predio;zelou;tatua;
6349,bagjlhoaurcaavilihfrelaiamdcbcssaraouoac,2030-09-15 05:00:00,chamara;salivo;cacos;fruia;
6351,aoeduosedppgcadmaoresaoaitvaestlderbbsod,2030-09-16 05:00:00,ducados;toldos;dever;pesas;
6353,ivirlminaciaoecpgadnpvaseoaaoaiefufracfm,2030-09-17 05:00:00,ficavas;arfado;pince;vicia;
6355,varapsilbemarudgvrouabQeemclsuossohunaos,2030-09-18 05:00:00,oclusao;Quarup;gesso;arara;
6357,uiispdspreraooaombereudnucsidsodinsivsor,2030-09-19 05:00:00,incubem;vidrei;podou;ossea;
6359,omptilsauiaragusirecniprntaiocntsglaacgi,2030-09-20 05:00:00,intrusa;raptai;cacoa;cingi;
6361,dauusilaoitsdfdaauthriarloiltalsaccocete,2030-09-21 05:00:00,difrate;ladrai;colhi;teles;
6363,eouranafhaclopavlaatuaoaeosrdcagcmporare,2030-09-22 05:00:00,cultora;alheou;lemos;vagao;
6365,dfdadoseuaneonelsatemtdaaaaoaliqlsdndaeu,2030-09-23 05:00:00,daquela;adotas;latas;tende;
6367,versgorpsiameadcprnaanasaerlttalgutuloej,2030-09-24 05:00:00,espirar;caleja;droga;geral;
6369,mspaesosmaodrvmsirlaferaosrosmsaldacauCe,2030-09-25 05:00:00,dormiam;Carmem;solde;vossa;
6371,auaudiliihpdeaxiascaileataohrrmzetredaie,2030-09-26 05:00:00,padaria;herdam;releu;lixai;
6373,eigcmiflsaczosaaviergusnomtdaniiuseuloma,2030-09-27 05:00:00,nademos;animai;missa;cozer;
6375,demniadsisefmusuageolgvorjrcoeugimtafama,2030-09-28 05:00:00,traceja;afogue;dumas;miras;
6377,Aapegiocotpuoapiisaisroegeseoarlcidirape,2030-09-29 05:00:00,apareis;piorou;pegai;cessa;
6379,aarrajasegbsuiaurrigedeslnavaruoedvmbpcn,2030-09-30 05:00:00,agarras;ocupam;verde;sujai;
6381,afcrvajadtaialdzuaburretaubahaaacitacpml,2030-10-01 05:00:00,habitua;acampa;jazer;burla;
6383,cratmitlaasfoaonporumIitteruprascoxetuom,2030-10-02 05:00:00,lotamos;intima;tosta;corre;
6385,lcudsissorjiaclaruaeocopranlomeentgcbaat,2030-10-03 05:00:00,caducou;tranco;jarra;pomba;
6387,ldbajaoreacisefeumreatscdelosolotduadaam,2030-10-04 05:00:00,festeja;aludem;duela;bares;
6389,itacosaurmvnubardeafdumundaerioeolomindd,2030-10-05 05:00:00,socavam;denodo;reino;bauru;
6391,bhiabuonaratsceucdfaiscearecragajemuranm,2030-10-06 05:00:00,cabrita;nasceu;icone;abusa;
6393,acgiudunataormssmvarelaeeiaiamupagrvsAli,2030-10-07 05:00:00,raiaria;tacava;Alpes;numas;
6395,sascadontedusoeRettifradmanmgeaunpoiRsed,2030-10-08 05:00:00,segreda;fraude;testa;minta;
6397,caiuraciedscojopriapmednadgiugneeressemm,2030-10-09 05:00:00,enojemo;cuidei;segui;caspa;
6399,evprrrumaeaeserglxbrasoeieestreuifdorotp,2030-10-10 05:00:00,debelei;tortos;sarou;peras;
6401,asootroCrmsmeuapiaboRerireaxasmrvaiedris,2030-10-11 05:00:00,abeiras;somara;Couto;deixo;
6403,mngcujauibaoadcppareaaeAgnommilitiirraro,2030-10-12 05:00:00,abrangi;ajudam;pingo;Alair;
6405,itujEfiaomegosclmsvmcomaebaafeocatsilpis,2030-10-13 05:00:00,Escocia;abstem;filem;picao;
6407,relsuirfeigaotodzrerlaacrbuecarEcasrsant,2030-10-14 05:00:00,alegrei;fritou;rubra;seras;
6409,oezblaosrtpoeataaaramfonjubnsiundaeatdem,2030-10-15 05:00:00,nudista;adubam;blefa;porta;
6411,aalasudervieibcaetoznuoprlsnotostotgopop,2030-10-16 05:00:00,sortias;pontuo;leais;gonzo;
6413,varvelafmouaaiitviemssinotepugaeutramols,2030-10-17 05:00:00,amoitou;antigo;repus;filai;
6415,sferepsvoeaurnealleoaaszeucrcoboritbaiii,2030-10-18 05:00:00,esfolei;pensas;artur;acaro;
6417,nsetafipeiumacasosdonnegitdaifrunurajege,2030-10-19 05:00:00,refinas;pifamo;jegue;nutra;
6419,pleicggfuivairnoidoanaelnabastoomatiavss,2030-10-20 05:00:00,abatais;soergo;pulei;mando;
6421,lejmmavareearzerpagatsoeornirbaisatroter,2030-10-21 05:00:00,relegam;trajem;vazes;borra;
6423,mieEzttrsmarsaroeeroiaualoamnesegvpatton,2030-10-22 05:00:00,tonsura;impoem;etano;selva;
6425,vissfvlataraaircjidrlragiiauomrealacnhaf,2030-10-23 05:00:00,irradia;gearmo;cunha;rifas;
6427,vtielaetiaivscmatmllairoBrpaaroieeacssru,2030-10-24 05:00:00,temario;Berlim;titia;acaso;
6429,pufulscasxlbcaipoviusrpaesarpeotgagmlego,2030-10-25 05:00:00,subiram;fluxos;lucas;vesga;
6431,raibaiepedixssnssilreefaamlaiuadgeluzoco,2030-10-26 05:00:00,ensaies;gamela;luzir;exibi;
6433,vaimpbcOgeresimaiztovadaeacizaradsaeschc,2030-10-27 05:00:00,garimpe;vazias;corte;bicam;
6435,olmacoacgadrtrlrasmuoaembsolcfdoadesaeom,2030-10-28 05:00:00,decoles;locada;moera;muram;
6437,ardsesavnrorfaotsfoustateumtnrntlotuaoao,2030-10-29 05:00:00,frustra;tutano;toses;ornar;
6439,asiseoaruodndhadoicuolppmtittbciseegaama,2030-10-30 05:00:00,estimou;denota;palha;darao;
6441,bcantueaapobamtvsimcoueaauracsflegrazaml,2030-10-31 05:00:00,mutavel;pombos;fucam;arcam;
6443,aapcagdvguiraroesmijajesraiersotpalegnie,2030-11-01 05:00:00,desejos;gostei;mijei;rapas;
6445,coedpnmapsguLnialeazdeamauaasioidagrtpdD,2030-11-02 05:00:00,amaines;podiam;ditar;aguda;
6447,caurroupdeecaxmaevvmcfeimestahmaoleseapt,2030-11-03 05:00:00,puxarem;cromem;veles;cedem;
6449,daceslbaoisudaorgmveefusinerlalevsonovoh,2030-11-04 05:00:00,suceder;elevem;afora;olhes;
6451,pctpeiagahooditenagrrabiasjbastatravtapc,2030-11-05 05:00:00,arribei;editas;tocha;capta;
6453,esezienvjdovnaomaecsshatdabimopaitasapem,2030-11-06 05:00:00,tampamo;vinhas;sisma;abade;
6455,xaualcaobemosebpdbumtraunfoaorchvienueoa,2030-11-07 05:00:00,enamora;indexa;fumou;tecla;
6457,eicmafraildlirdusartesatvohperrevcaiaviv,2030-11-08 05:00:00,valieis;atrevi;rocai;clima;
6459,mseipmagolauagdebrmbrucomveeietbandeirca,2030-11-09 05:00:00,agrupai;verbos;educo;criem;
6461,roauxieqdgmseisurirosersoalabnaagjertooS,2030-11-10 05:00:00,risquei;arejai;exumo;droga;
6463,memnminpsariaainuleitiamisafrsxonirbeusa,2030-11-11 05:00:00,insulei;animes;festa;rixas;
6465,aoluhombvntiobnetaasmrseesrfaevlesudlrlo,2030-11-12 05:00:00,furasse;avante;leras;remiu;
6467,mucibiraeabcooiorrirsnceodaamafmpsegmili,2030-11-13 05:00:00,abricos;roncam;filia;bicar;
6469,vofscrPdclauhmatoaceiivansolvamlpulexoah,2030-11-14 05:00:00,console;datava;pulsa;salvo;
6471,eeetuorraixcasviseguohrvxsundacnillaraua,2030-11-15 05:00:00,executa;rachou;lixes;sorri;
6473,amirbcoEzeeacaexprsmrvigbposaaeeaotoomsl,2030-11-16 05:00:00,creiamo;cearas;preza;baixo;
6475,camxesercuplaodtoinocianxesdeceideovesva,2030-11-17 05:00:00,expondo;deixes;oucam;secos;
6477,socitngtsntoeiouoAtcatvdaiacvldinraodaoo,2030-11-18 05:00:00,Antioco;olvida;etnia;vodca;
6479,ddevaMaafosotrimpusaccinaaigalorriAvemuz,2030-11-19 05:00:00,doparia;Marcos;rimai;emula;
6481,pcrroufeieaajoctrsohmtecaeeiaeisbipuxocf,2030-11-20 05:00:00,pesarei;orarao;puxai;teces;
6483,erlaolozmsupbcdgemaaeeastemltmionevionoc,2030-11-21 05:00:00,debelas;locais;monto;vente;
6485,suseoirceidreaapaumvetseqeecaeanudgeomob,2030-11-22 05:00:00,eduques;etereo;vetam;pensa;
6487,raeremuaracdaojsaapoaarmpottmliaprsehucx,2030-11-23 05:00:00,testara;mujamo;ceara;deram;
6489,trmsaprmoioaliaeaslnmochopaoascosogunbrm,2030-11-24 05:00:00,brochem;solamo;nanou;picha;
6491,maitgmetnlaraoevipacmSshmaalevioiCramrum,2030-11-25 05:00:00,palitam;houver;miara;Carla;
6493,alouuoipociasdcvbnaleaicobiuavsovrnaides,2030-11-26 05:00:00,avaliai;civico;codea;obolo;
6495,aesloenatcdodopsalaiieseeaadIemnnatenago,2030-11-27 05:00:00,penasse;engoma;solde;India;
6497,ctvoamodioocprazmpujoavseutfsltscrajraes,2030-11-28 05:00:00,povoamo;sestas;tarja;curta;
6499,rambivlecapodiraossudagoobarmaonotmifmge,2030-11-29 05:00:00,engomam;durmas;garoa;pomar;
6501,qusavficsirvaotzetasleeshienpaibcniamaov,2030-11-30 05:00:00,fizeste;quitei;obvia;voava;
6503,uelrtiitgaseusiorengfamscacioroasujogtiS,2030-12-01 05:00:00,autismo;lancar;sitio;grafo;
6505,omteriraihorbmlsaleaafasugnsrpartaelanit,2030-12-02 05:00:00,barreto;atulha;range;riras;
6507,rdPaicaiaoermrctnueaaidadsdifraneecsecso,2030-12-03 05:00:00,cifrara;sediam;desce;Pedro;
6509,craiotexsfiferconaaupivfearsraoufrceitol,2030-12-04 05:00:00,excreto;ofusca;ovulo;enfia;
6511,nadcarbamoaionartlnbaeostednjjuiepoopoue,2030-12-05 05:00:00,jejueis;abraco;dopou;nanou;
6513,cibszipndrsosaebosoasvraalfseaaddalnispo,2030-12-06 05:00:00,roladas;nevara;ossos;ziper;
6515,hcramebmoarraeeuidjovunfuapazladcdostmar,2030-12-07 05:00:00,jorrara;ladram;cuido;zunem;
6517,ropomaarnotadopatdnaIeioaeseroniasdmopmu,2030-12-08 05:00:00,sedenta;pandas;odeio;impor;
6519,giracersaeepsroaocraadirproapcnaeseelupf,2030-12-09 05:00:00,apareco;espore;erige;parar;
6521,cleedcudsevjoascdoluvoosuitaulicgfoistri,2030-12-10 05:00:00,liricos;velejo;luvas;cucas;
6523,aaraptmssifmieeorliaocsfcilNrizimoaavrsa,2030-12-11 05:00:00,lavramo;sirzas;rapei;mofes;
6525,vrrattobeireiaoccsaaPpotsarirsaiatiumesc,2030-12-12 05:00:00,aterrai;murara;atira;possa;
6527,piffisadesuncaautcearooinsvlsrmcelaixaet,2030-12-13 05:00:00,terraco;fuceis;finas;axial;
6529,raeusecaivmcbddnlazoosetmocntasrvdeioida,2030-12-14 05:00:00,denotai;volvem;macio;cubos;
6531,ariofexppdmdrseooaecadaslxconcrbaemaduuo,2030-12-15 05:00:00,erodira;doacao;durou;sexos;
6533,oSatsresrtfoeixcaslemooionespoheifoManfs,2030-12-16 05:00:00,imponho;escoes;toras;feixe;
6535,acsbxearbiavaposudnacoincarrenmaeleiagov,2030-12-17 05:00:00,acudais;engoma;varri;bicas;
6537,caneobmgpaaepedrmumlirouzobacmuosatnorsv,2030-12-18 05:00:00,lambuza;grudou;reboe;ronca;
6539,nasserlisrpsadvaosafeucmuivrvceantaaviun,2030-12-19 05:00:00,acucena;livras;fervi;vedes;
6541,aabenfcarauoroucccadpasjaecoormadodemegl,2030-12-20 05:00:00,adubara;soprem;cedem;adoco;
6543,ocpecsomsasuaveamitliiammlgaucrguuioaipr,2030-12-21 05:00:00,multais;gravai;pesco;picao;
6545,atcaviomiamoemeRsaseopnatfscergiiraaocau,2030-12-22 05:00:00,Romenia;impero;casem;atais;
6547,fmiaAfiruaoehosipouolcaoeecpofenslaRirad,2030-12-23 05:00:00,folheia;ondear;fumou;irias;
6549,enstajrlalmosmpoaeaioootjzcsdteaasoegaom,2030-12-24 05:00:00,jazemos;secais;anela;gados;
6551,aonbualofsaalsoealduemsraaateoducprfssum,2030-12-25 05:00:00,trapaca;feudal;balem;doses;
6553,tagmudfioiremcrgvamvosaelfoeidaatenoraic,2030-12-26 05:00:00,noivemo;dragea;agira;falte;
6555,mcaieavierepmmaaritadumoatchnojacnholapf,2030-12-27 05:00:00,pamonha;rancho;tirem;ajamo;
6557,eocveasomaosidlaossbrfmttiquarribjeseoop,2030-12-28 05:00:00,rabisco;biques;tomas;solda;
6559,etavatlrdaxaamauonileesurouvborrreaadoma,2030-12-29 05:00:00,urramos;taxava;reave;anula;
6561,lfevdcalaolonsosbejsucbaafaihjulluomeame,2030-12-30 05:00:00,velejai;sujemo;colas;bucha;
6563,tccaairornfaszsuaaiseomssoiciceugivatnfr,2030-12-31 05:00:00,rufemos;azeita;safai;ogiva;
6565,iviediaadascivsgamofpaasgemanioaidehaaat,2031-01-01 05:00:00,mediemo;apinha;afies;assoa;
6567,snjssavaepeoumigtrlpoaesoeairesrarufefia,2031-01-02 05:00:00,protela;enjoes;vagem;rufei;
6569,poatsiaimoxaetadodmrspaingeavpresednioal,2031-01-03 05:00:00,taxaste;vindes;adiai;dirao;
6571,mirhragbooieorassfesariaaiponafrsrrjgemi,2031-01-04 05:00:00,afirmar;jorras;genro;feios;
6573,piarueiaitabztrbfcercesoaaooralerftadocp,2031-01-05 05:00:00,coroada;sobrai;fator;alces;
6575,craadouruvitaleopieiedmanarajocgficelvoh,2031-01-06 05:00:00,delatei;alojei;varia;douro;
6577,impvmgeieooiaacsopasfnnjtatoaiutlsbgueuo,2031-01-07 05:00:00,apoiemo;juntou;cegam;vista;
6579,lgaviamurafrsinrumpiaeoaeaucsndlpgoeroin,2031-01-08 05:00:00,grafara;rumine;nodal;lapis;
6581,ehemaginsardouoouiuotdpjxpprirdeeoragerr,2031-01-09 05:00:00,utopias;expora;grudo;jogam;
6583,asvememaeuamsspppzfoeeifrrlimmntiilharoe,2031-01-10 05:00:00,espiemo;semeio;ilham;pinte;
6585,niuszscheneeadaiovlaucmscuamiaaanaboutrg,2031-01-11 05:00:00,matraca;inocua;neves;zelai;
6587,mosoiaofirilppaitauqocrsregesfigsaojacad,2031-01-12 05:00:00,pipoque;jogara;tiros;fisga;
6589,reohmaromplnlrtpevieoiaaiidogtvrvsrucila,2031-01-13 05:00:00,aportam;viveis;livra;vinho;
6591,cacoladtsaamdrnaaocauimcroapreapjvvrrmur,2031-01-14 05:00:00,vocacao;varrer;locas;nadam;
6593,asadelricsisuimaehuemlrocesnaecratlgatas,2031-01-15 05:00:00,esganes;limiar;emula;tache;
6595,rtaalomdebocgnurraooasastitsndcspefaeiha,2031-01-16 05:00:00,chinesa;aberto;musas;longo;
6597,cceavauoomtjrdsnecununclanasamdlstmavahf,2031-01-17 05:00:00,comenta;lhamas;sacam;davas;
6599,eanarsicmosaaauasemsremcrianeCiaeodrdavl,2031-01-18 05:00:00,drenado;oremos;emana;Ceara;
6601,arsjeroaoeaivdegbseiserflirdvusfmenanaco,2031-01-19 05:00:00,menires;revias;reboa;acuso;
6603,pmeisacausexoibaonfresmotcitsmmTeiuveaus,2031-01-20 05:00:00,acabais;incute;untei;Tomas;
6605,frrermipnoeaodavptodapraosamvraonevianAs,2031-01-21 05:00:00,moderno;padrao;avida;parar;
6607,enaagunsavdlisaapeeelacsvbihsotuoslsrrca,2031-01-22 05:00:00,vendeis;anuias;troca;belga;
6609,euafapirslzdoceeaieriisosemeavtelomareep,2031-01-23 05:00:00,retesei;azules;podei;erica;
6611,mlenomseeiegsagurSlatRurcamixiaucoMarrgi,2031-01-24 05:00:00,Senegal;rugues;Ramos;guiar;
6613,rocvaieemriteitmesrpasuaaoioamsdhlctsepa,2031-01-25 05:00:00,matilha;ocorre;usada;avisa;
6615,atouomjndalpeueoacdehracrriaclloatiteaim,2031-01-26 05:00:00,conjura;pelada;imola;citar;
6617,Sqfamliruilvapzenaccoluotaenreacossgevoc,2031-01-27 05:00:00,quantos;poncas;rezou;Silva;
6619,euiebmvrrcntmoaaaoxhmsrgbjeiaaoevquesalr,2031-01-28 05:00:00,obtinha;queixe;barco;solas;
6621,cuavslscorgaatoupancosnIvcMaaervfahamraa,2031-01-29 05:00:00,agravas;Mancha;ameno;custo;
6623,anognfsazozaiupsrumeleaiaalmteiocsulasod,2031-01-30 05:00:00,maletas;emulas;assai;fungo;
6625,cjaajuothrrimrlrsooidevemslermaiIeeacuss,2031-01-31 05:00:00,mediara;releem;multo;veias;
6627,puxonsapafebaelmdoiramprareveavoomgirisb,2031-02-01 05:00:00,ensaboe;revera;puxei;girem;
6629,vslvedotaocasmrprgnseoiniefijsosugsmigru,2031-02-02 05:00:00,singras;trinos;surgi;volve;
6631,iemsalriaueiccitenrcrammtoaasoeoaicaiand,2031-02-03 05:00:00,criacao;semeia;ritmo;casai;
6633,areuasocblacgnsolcmoaaleausrofardmupogep,2031-02-04 05:00:00,balamos;sangue;prego;acaso;
6635,sgroacaaanullndroraoufaidmanocivresushca,2031-02-05 05:00:00,andaria;osculo;sauna;ficho;
6637,ufalorlaomcloablpcemeaveoadoctoscrsuammu,2031-02-06 05:00:00,abalroa;doamos;catou;cacou;
6639,leiseganaelltegmnacaniirfroavidemosragaj,2031-02-07 05:00:00,vaginas;aliste;legam;avaro;
6641,sjmelhlmafetnavozolvsmdmegabaeieartdufpx,2031-02-08 05:00:00,tragada;molhas;bufem;mente;
6643,bdzenulbunlaodoreorioxumrabsaplaouaiaacu,2031-02-09 05:00:00,zelando;macula;bueno;sabao;
6645,famisedeefamraviilraaclapciesoegenfunias,2031-02-10 05:00:00,secaras;clarea;vedei;uniao;
6647,ptuamuaeocolmutbualmedtfcanefsaoldvaaaam,2031-02-11 05:00:00,comenda;betume;pouca;tomas;
6649,bufricairingaLeeolednuitonapifsanosamssu,2031-02-12 05:00:00,apendar;fingia;burlo;caiei;
6651,atblnedcooauasoavSmebovtoiracrsupfutgioe,2031-02-13 05:00:00,tremula;acodes;botao;abane;
6653,ppuancdesalchasiylorgoaohrraomauaaMfrjgs,2031-02-14 05:00:00,arrolha;cancha;lupas;forja;
6655,cartceganeniapirmergszntixpanaacfaioteco,2031-02-15 05:00:00,mentira;anexai;zanga;apega;
6657,uoajaopmnuetmraaivaveapiarbtauepmeitrznd,2031-02-16 05:00:00,iteramo;ouviam;papai;trave;
6659,jaeirbseuccropotsoasaftsodeiruaxmaoraisa,2031-02-17 05:00:00,saturai;moscas;erodo;porei;
6661,bafseamourornianasiaolrrhsaceptoolugxtra,2031-02-18 05:00:00,exprimo;aliena;sugas;afros;
6663,migoanefxotrrsaibaoairlfacogadefddorvcas,2031-02-19 05:00:00,arsenal;rogada;gorar;faces;
6665,dperspmeecconeotantarmbsrideaobemaualacr,2031-02-20 05:00:00,tornemo;pecara;ceara;caber;
6667,uelaagogdgsmpiracaagfadtudreaeturoramipa,2031-02-21 05:00:00,garapas;gerara;cague;digam;
6669,axecmrtaenaadoopesgbceerimoanmettanedevi,2031-02-22 05:00:00,cansemo;gabamo;verti;porta;
6671,raaltniivncifblaseorzturogapsldaztieiuat,2031-02-23 05:00:00,esparzi;inflai;iluda;bulia;
6673,dinaelufjvotabucaoanobtameivraaroterisoo,2031-02-24 05:00:00,inovamo;retino;viras;joana;
6675,vgunlabiaesadrtuasradllralgoiarofiasmatp,2031-02-25 05:00:00,segunda;radiar;lutar;optam;
6677,xemoadandiacavofsoriabradaiasamsrorpoieg,2031-02-26 05:00:00,doarias;gearas;afoba;roias;
6679,emvepriuoteroersdiigdcsoagoctuemercrrplv,2031-02-27 05:00:00,pulemos;citemo;podei;greve;
6681,pavamnavtaceaicoomaranososmcdrramieeoaos,2031-02-28 05:00:00,incorra;adoces;atomo;verme;
6683,fiemmaulsoidnesaplesromdcetaanpisegurlos,2031-03-01 05:00:00,cegarem;peseta;medis;impos;
6685,vahcqulosTmpaeeaotnirrniudsepxtUraaslemo,2031-03-02 05:00:00,querela;carpes;Uniao;motel;
6687,ihovetnacatiesolfaesbimagscemadielonbero,2031-03-03 05:00:00,embebam;choves;iates;adiro;
6689,rgisbsaluducuaiuelnuavdauvosouulcrcaamrg,2031-03-04 05:00:00,aludais;ondule;busca;algum;
6691,adaalranjrovnaCfeseeisesfcaroiidiadsemea,2031-03-05 05:00:00,arejado;fedeis;Carla;envia;
6693,olmfomuCciazenasoslsrtaslserirvsieovgaed,2031-03-06 05:00:00,revires;sazona;falis;ileso;
6695,abizefievrrodinNtiscatrfsogdimesimiormop,2031-03-07 05:00:00,artigos;fritem;broca;irmos;
6697,pacfoocvsanomeracmtvtdprsolaaaeatathcsvo,2031-03-08 05:00:00,achavas;orcemo;tosta;capam;
6699,lloiacsletnumlauuesmaazproesersausogeJpi,2031-03-09 05:00:00,assumia;loteou;salas;capaz;
6701,tiividsvarplteneciniosbasdocrfdqdeaslori,2031-03-10 05:00:00,descair;trinos;vende;flori;
6703,saanvfolsstoragaeamahirsmarocfuascrmibir,2031-03-11 05:00:00,folgara;voasse;moram;subir;
6705,rijojibvflareseihiavsilvoacaoomobmrsrfav,2031-03-12 05:00:00,amorfos;ilhamo;bilis;frija;
6707,etoehapovrgusuirasretsoeeaeosmalrccssevc,2031-03-13 05:00:00,graveto;classe;haste;esses;
6709,idohilcuarcpeoeqsaulgmcaopfotajeesloarsa,2031-03-14 05:00:00,podaras;lotara;chiem;pulga;
6711,argitmouovaeiesrgmoorlddesujoromlragecoh,2031-03-15 05:00:00,agravos;corroe;omiti;jurem;
6713,otifmastsaeiotubslupacnoaigueaohcaptavou,2031-03-16 05:00:00,pautava;cunhou;tomas;alisa;
6715,emrfraaisuohccoverspiuualaitrjrrtapateut,2031-03-17 05:00:00,atipico;jururu;fomes;trava;
6717,ogoliifaedidmrlhliuaoatsalrmsrtibaseteep,2031-03-18 05:00:00,doiamos;mortes;balir;talha;
6719,dneooscoiramroulpmeiairgpafarereorgsfxup,2031-03-19 05:00:00,ferirao;roamos;rendi;pagai;
6721,aaannovcrrosboazaflicouioiixavgolmaonean,2031-03-20 05:00:00,navegou;filmai;vazio;nasco;
6723,oetrfeiodsmnoltviaealdoalfrpnusiaraanias,2031-03-21 05:00:00,voltais;formal;ninar;arfes;
6725,bmoroirppocibiebruncsdsodooUnjgieeutufea,2031-03-22 05:00:00,brincou;fundis;ageis;educo;
6727,oraavaaoamldraiSnjrarnmdoazjembopelaiser,2031-03-23 05:00:00,minarei;japona;ladra;mijar;
6729,ahcmeocailalaaircseicrbuiussoazgteafrteg,2031-03-24 05:00:00,esforca;situas;traze;braca;
6731,oimefeedaosudaucsavulvleeaaeadigrzntvzam,2031-03-25 05:00:00,vazante;aludem;evadi;vazam;
6733,demnvaraorsaevaicoioparciohslsuofccaludi,2031-03-26 05:00:00,cavaria;dormes;ficho;cuspo;
6735,smeotaopaolbrsaetrmapentiehuarsizdcuaaam,2031-03-27 05:00:00,solares;motriz;chupa;miara;
6737,talrejmemviiscsmtasunilogeaoaiueliritqme,2031-03-28 05:00:00,incluem;quitai;viril;sisme;
6739,sosiraaoiruocrrsbrveoporuieretulfamfasah,2031-03-29 05:00:00,corroeu;sorvei;bufam;hurra;
6741,luiaraitazseparevvacaogeaaersairglrbasfo,2031-03-30 05:00:00,valeras;tragos;azula;afore;
6743,vcveonefaearvsathaagotcnlsmdirdeeveagsif,2031-03-31 05:00:00,decante;editor;velha;fisga;
6745,erauuuaooarasnevrteiimarrnalsopaaAbaemem,2031-04-01 05:00:00,entrais;reunam;orara;abale;
6747,tsedansdadooulreurtjtgabglaotbareisfiive,2031-04-02 05:00:00,averbes;guarde;tibio;larga;
6749,tipocaepplenaremeooetazbarspaiearalhadmr,2031-04-03 05:00:00,acoplei;posara;rezam;beata;
6751,fsavdaevorrcappteuailoiauxdlmsanmosoegac,2031-04-04 05:00:00,vacilao;soemos;exumo;lidar;
6753,erusaaplgrocpbrejsrioomuaromusarriepbrca,2031-04-05 05:00:00,moscara;sorrir;cabra;sopas;
6755,uaoleuarpsadrasusicgiatdannreclnuussoevi,2031-04-06 05:00:00,cingira;nivela;unais;duras;
6757,navidoxeiraocrmtjvbuoooraerusdavranezide,2031-04-07 05:00:00,extrais;devoro;coube;doura;
6759,piuooabJoscbemoaroarvelaonhlaovleresmome,2031-04-08 05:00:00,coubera;valemo;sonhe;pioro;
6761,secsmtboirrlaialroearsvaamscrudachuitagi,2031-04-09 05:00:00,chucras;sugara;leras;italo;
6763,obabiocataasevlgimiileeeaberfjbmZmmulase,2031-04-10 05:00:00,afirmem;Zambia;gemes;coibe;
6765,iespsrOpxfaeusogarvidomuaraavsesjotulpot,2031-04-11 05:00:00,ruidoso;afixes;topes;laves;
6767,unacpiamisrthoairaueocuctooasdaiaolEared,2031-04-12 05:00:00,cuidara;tercas;achou;unira;
6769,epomadabmigteleoaleriavepnaiedvoadnalaas,2031-04-13 05:00:00,emigrei;aplana;evada;aliei;
6771,rroeaiadouigtchnfarbiocfgsirarreapduaetr,2031-04-14 05:00:00,troteio;furias;fecha;bicai;
6773,apeojevldesdarumnrcadoiserpoessoiceimfps,2031-04-15 05:00:00,depenei;cerrei;ossos;copas;
6775,dpegantdecnrsnaevacaozrsigsamffebrovaeom,2031-04-16 05:00:00,caibros;negras;teras;perca;
6777,oeNovainslGarsoubazmepoirramuocaalessipa,2031-04-17 05:00:00,musicou;zarpem;barra;Gales;
6779,bmmaisomractldamauseefuoarlemlaivvixasrc,2031-04-18 05:00:00,viraram;exames;lidos;matem;
6781,iverpadaazduaemharaavinerusrinoxvouufsla,2031-04-19 05:00:00,sonhada;rasuro;rapem;urino;
6783,baclaojelovadroiimaocmgamaloeaorrigtrmru,2031-04-20 05:00:00,gorjeia;ecoamo;mamou;rogar;
6785,uassmtbitsaeeermaspvosseesiusuanmMlpscvo,2031-04-21 05:00:00,avessas;cuspis;novas;tremi;
6787,robalgrAsauocasslgbonacohatoatjteidseber,2031-04-22 05:00:00,abjetos;globos;canas;alhea;
6789,eilpforrmteamideoaaudfitfrmlecaainuaingd,2031-04-23 05:00:00,dificil;engata;teimo;morre;
6791,aotisjomcrpnoumieviismfnoeialaoarndabvlr,2031-04-24 05:00:00,balamos;insumo;preve;ronda;
6793,amuneasailpiadraacmveiicevsavaubdsaesleh,2031-04-25 05:00:00,secavas;impune;esvai;arida;
6795,vchniafaoeainrnemelrrausaaraaaemdomrudbo,2031-04-26 05:00:00,esmurra;aninhe;morem;afana;
6797,oeuicpsogntdseuraagogeezmglorafriuemiver,2031-04-27 05:00:00,amiguem;atices;zerou;reges;
6799,osgboddesaoirmanrsdraaeoapmgldipsileessm,2031-04-28 05:00:00,gasosos;demais;rodam;ponde;
6801,btralaoeieuecrmplafoSinaixeataafRprlibgi,2031-04-29 05:00:00,tocarmo;inabil;felix;lepra;
6803,geradpnarachiepedimesapirabeloaoaloopgis,2031-04-30 05:00:00,charada;elogio;apena;gerir;
6805,tbanvomrmciaaiealatticimegvuapmmomeasoer,2031-05-01 05:00:00,matutai;cabina;sacio;remam;
6807,oamarabaucnnabailcaaoviraAodltgaihcebmav,2031-05-02 05:00:00,vagiria;babava;choca;dotam;
6809,avbubodideaoarogglxicoleeoebalucsseacmfJ,2031-05-03 05:00:00,fulgido;cabaco;baixa;cloro;
6811,emopasvimsalmmsvbifiaooaroduauazcbartcrr,2031-05-04 05:00:00,acuamos;polimo;bardo;vivaz;
6813,tafrieuqdosatsorvruviooraolptdieltiiarep,2031-05-05 05:00:00,pilotar;peidar;frite;todas;
6815,milvaarsaccamiiaiugundagfnsiacdmfuausiac,2031-05-06 05:00:00,diarias;fungam;anuiu;clima;
6817,drciaameleoarglmbiddfmlacioiaarovngunisb,2031-05-07 05:00:00,garfado;cordel;manas;melar;
6819,mriivpaiaoasipolrregosucmdooglsfetafadit,2031-05-08 05:00:00,fidalgo;rogais;medra;polia;
6821,efadoriarmctraedfaeepotsiesbaasrmnjaleec,2031-05-09 05:00:00,estales;apresa;adira;dotem;
6823,aocraumevaarimoeumbnusernrauctcciisaaoia,2031-05-10 05:00:00,arrumou;estica;abusa;creme;
6825,tuccetaacuaaaicccnsltqcatopeauihpaommeof,2031-05-11 05:00:00,cacique;petala;conta;ataca;
6827,aveiaosacdiplchriossaeonfgfrantoraoiisac,2031-05-12 05:00:00,depilar;avisai;insta;figos;
6829,cppiabeiapaseralamettnrafnraaomaatibimno,2031-05-13 05:00:00,bailamo;infama;espia;atrai;
6831,rareriblgovgctoiasoaoiasldtsobrpfeolacil,2031-05-14 05:00:00,deflaga;revogo;rosto;labio;
6833,jataviidaoastershfumaeclioldoseasgrualse,2031-05-15 05:00:00,secrete;olfato;disca;urgis;
6835,fustbaioiaeavanpcaadmciouratepoinnameaos,2031-05-16 05:00:00,estampa;ficara;danar;banco;
6837,cdtlovsnoamemoeaddamuvevoaaiiaaassvcrmun,2031-05-17 05:00:00,voltemo;amacia;viuva;avens;
6839,itaiaraaosnisocaugcamnsnsirSpiopmogsarel,2031-05-18 05:00:00,Spinosa;tangos;giros;iscas;
6841,aromeenoiaatiahpspriolfutopusisaeoradaud,2031-05-19 05:00:00,suponha;parais;oitao;filie;
6843,sogoafirtaaropbxisururoatsioaeosalpcicmt,2031-05-20 05:00:00,purista;orgaos;sobro;afixa;
6845,freaoesfantladiaftumdmeiuieoemeeccexiged,2031-05-21 05:00:00,enfarta;medeie;fatie;exige;
6847,aitmudobeaacarpebxgeasraseacrrmoivrmteno,2031-05-22 05:00:00,exagera;acerca;opera;duram;
6849,milvutfrneaidoaasdhrofavtearomunzaraaare,2031-05-23 05:00:00,lindeza;morara;fatuo;reuna;
6851,aaassivtfgmtuuvesnoxsomapfiiinvcarmcagru,2031-05-24 05:00:00,xingais;afagam;susto;cifra;
6853,snuasdaradpfaietsaeldfraupltmetaceeasaiv,2031-05-25 05:00:00,tarefas;faunas;deste;papel;
6855,aedrsaumcciAizqoifrasatrreaccaltrafaotaa,2031-05-26 05:00:00,deifica;mortal;quota;arcas;
6857,rtuadolaemoabspansapdautaaoealmzccdecusa,2031-05-27 05:00:00,decadas;tensao;luzam;cacoe;
6859,iulbloldvqaemaeeroupeduhgaxecmpcaarregaa,2031-05-28 05:00:00,arquivo;apache;creem;molde;
6861,sdiouptaaeguaopsgjlhmgdaeoteoouecnsoridb,2031-05-29 05:00:00,encolhe;pastou;gajos;torio;
6863,iaaotbitrfvheiraagrcnmsaoireaoazcseotnzn,2031-05-30 05:00:00,sonhava;fretam;zanza;orgia;
6865,soocotopdrreimalidicrjnaecaafatodtcusiia,2031-05-31 05:00:00,decidia;frijam;sorri;ploto;
6867,ofaeaosodrardcafnapognecreviemhfrgnapatm,2031-06-01 05:00:00,pandora;chamei;apego;fende;
6869,leraeataaiufraatsjutpricaaeaeoefvElfmrom,2031-06-02 05:00:00,atapete;falava;reais;fujiu;
6871,bodcoacacibeuaicdsoosfesequlcieeuearrafz,2031-06-03 05:00:00,coloque;sacies;fezes;desci;
6873,ecfajivrdmralocaeaodeornismrrlateuqsiena,2031-06-04 05:00:00,frajola;erreis;canta;cedam;
6875,sssiprraeegdvouhobaeateccisteadsrobvidrc,2031-06-05 05:00:00,provida;chutar;coibo;sebes;
6877,marommizeeermiefrdmcmuqamohrovtbraldAaao,2031-06-06 05:00:00,dormimo;botava;cerro;olhar;
6879,imnvasisvsatieorbisoeoguamaiscdecvcmeaia,2031-06-07 05:00:00,visaste;roguei;cavai;vaiei;
6881,ratautieatcepaotpbtanleaisasedivsamtpaoo,2031-06-08 05:00:00,atendia;atesta;parta;caput;
6883,evtinmpeaarpuarasigoriercematuaoreminccf,2031-06-09 05:00:00,merecia;animes;curia;afore;
6885,hColaolfiurmcueapdmabiecraaamjreecbsaoma,2031-06-10 05:00:00,majorei;Chipre;lamba;macas;
6887,ossttrapbaoaavnizipncormsaindioeveemgofp,2031-06-11 05:00:00,esvazia;indigo;passo;trava;
6889,rguraolpraaostsebdmdsaemsaeoausalipldrcm,2031-06-12 05:00:00,soldado;bradai;arcam;metas;
6891,ametaritnrndobuaecoairfascdnieditnamlzra,2031-06-13 05:00:00,esconda;mandai;fedia;feliz;
6893,aebanjrurlooataeocmsfpsiaorsolrbsrtueaie,2031-06-14 05:00:00,mofasse;libera;turco;tanja;
6895,brAelosuaiemvmilanpdOzuoecoloraphPaugcao,2031-06-15 05:00:00,gozacao;Arabia;poliu;Paulo;
6897,nipsceatmaeetdeaesletaulaalasahardasbeoc,2031-06-16 05:00:00,detalha;aradas;coesa;leste;
6899,pnseuuoteoramqrmirntsoAisooasxafvsthccia,2031-06-17 05:00:00,castram;afixos;caimo;torno;
6901,dcrlUirmoouRdmebupaSasooaluodllcosbasaib,2031-06-18 05:00:00,admires;embolo;paula;bodas;
6903,dasolmfineiamecrtismoaauepgrrcmjoloraaai,2031-06-19 05:00:00,carroca;lograr;mijar;melai;
6905,aiseasovsolrmpiiutluagacrfaomonugaccfebe,2031-06-20 05:00:00,apagamo;faltos;focar;emulo;
6907,adrlatragiosavnisuiacieeadaaeoemtlirpmtr,2031-06-21 05:00:00,guiados;retome;altas;raiem;
6909,sobsrmracilsilinhaaebsielatnaotrtavojatg,2031-06-22 05:00:00,treinar;banjos;votas;bocha;
6911,afuemoefombsrdoedvaagamrureaooasopstmoia,2031-06-23 05:00:00,saberao;moedor;varou;goias;
6913,niaumemrnfrfoxmeirelcusaoriumaddcaaienti,2031-06-24 05:00:00,refluem;infiro;adita;caiai;
6915,asotifndocinacaomuzddvapnireilaaaiquodjv,2031-06-25 05:00:00,ruminai;cavalo;atico;finde;
6917,apeqesedpauodtirRorisueiiudbaejsfgoamsta,2031-06-26 05:00:00,terieis;amaste;doura;seque;
6919,aratasnragnaloenloijevrgfsldsvaaeboceito,2031-06-27 05:00:00,folgara;colide;janta;negro;
6921,vitfiailameorgdiorbrfiachtevairnlesmaate,2031-06-28 05:00:00,fremito;teriam;canta;brote;
6923,atduotbxteeoqneoaetsaeioecoareavpacaibra,2031-06-29 05:00:00,soquete;boxeei;tatea;bravo;
6925,mrpmrogsamectcialgualoaitaarhnogrufseeid,2031-06-30 05:00:00,cumprem;digais;cones;talhe;
6927,soseraoediemanrpfaeioruuodseaabsocagscuo,2031-07-01 05:00:00,operara;coados;fiemo;sacar;
6929,scaadspesoaranesuvdoisavlaaipcaabuloovsd,2031-07-02 05:00:00,socaras;podava;senda;ululo;
6931,Lgteubanaicbcguatauoaoisfobrduriadeanosr,2031-07-03 05:00:00,abobado;aderno;anuiu;sorri;
6933,mejeiabttihbbmodaouaaosucilanieeucstvosl,2031-07-04 05:00:00,babamos;dueles;cuica;tomba;
6935,Acpainadnoatusicsremeuediosesjanvatriqse,2031-07-05 05:00:00,atestai;cedida;senda;jesus;
6937,mvarlieliebudbomfrmodcafasuepotiaordarrp,2031-07-06 05:00:00,deporta;libelo;doura;versa;
6939,rasursoueloeetdlDciseraealaafiuoboemtacr,2031-07-07 05:00:00,estreia;recaem;adule;sacou;
6941,MDrasnabCeuexeaxjgribcroueiseairorsostit,2031-07-08 05:00:00,tirites;regios;anexa;xerox;
6943,vraaiusbhfievbmecifroarilomeubsiiceijaer,2031-07-09 05:00:00,resumis;abjure;comei;obvia;
6945,slmnbberoumueaomtupsftndrnipuoeuahtscoin,2031-07-10 05:00:00,tumulos;inunde;punes;tinha;
6947,ensuocmrtpesdaaaueslzeixrefolrfsreatarac,2031-07-11 05:00:00,fixaram;zelara;pente;ratos;
6949,bdfeocedlepasxemdurosledevlferaiivoosnae,2031-07-12 05:00:00,deduras;excede;anela;flora;
6951,nletiitfiauiasguteicbtsmsoiruaieusmdeset,2031-07-13 05:00:00,turismo;caibas;metei;fugis;
6953,qtoovaafutnsrrrusaieuoabatavmijrldilebas,2031-07-14 05:00:00,quantos;beijar;ditas;varar;
6955,odvemcdscinrxiaotobaeitvatocmtfasocfiabv,2031-07-15 05:00:00,fixando;bonita;cocos;emita;
6957,elofdaroegmaaoscajofmiesisouibacocrjclur,2031-07-16 05:00:00,afogais;secura;elejo;clima;
6959,deunaemavemoisdmriagvtaceglrarmlbucrassu,2031-07-17 05:00:00,grilamo;sulcam;clube;mames;
6961,irabomaiercruxsngtxaoscalaaonzualaccabin,2031-07-18 05:00:00,catraca;cansam;oxala;canos;
6963,maisieaxsaaemlsppvoleiaezomrascgracifunl,2031-07-19 05:00:00,pasmais;cozamo;funga;valem;
6965,rnmxetapauisutarofoeiaratnblliapeiuosxrt,2031-07-20 05:00:00,sexuais;lobulo;prata;leite;
6967,reraiveravatrmsaivdtierAcnseezndaalesuoa,2031-07-21 05:00:00,zerares;canses;Andre;emite;
6969,merupouosabsierdbrromnaaoltmvrtsfecoaeoi,2031-07-22 05:00:00,moveras;rubras;sinta;doura;
6971,ahrasosrrrcafveaideeesssefsjbiooguetalrv,2031-07-23 05:00:00,festeje;deferi;racha;rasos;
6973,tacozesagodevrroirahaafnavmlrscinroauova,2031-07-24 05:00:00,vincara;ralhar;sofra;ornai;
6975,axddeeaiitisitrodeorecpagriaoiadaotrrfca,2031-07-25 05:00:00,desdito;rateie;apoia;cifra;
6977,axeaeoirlantmdatcdiememanulimtacidfnugno,2031-07-26 05:00:00,infundi;contem;exala;adita;
6979,savrmpoiqepalsrtaucamafivieasantmebsaodi,2031-07-27 05:00:00,esquive;plasma;capar;frito;
6981,aotjednacelmosmoasrpeerhgcaabrrmalitedaa,2031-07-28 05:00:00,galacia;amarre;plote;brade;
6983,zauqorormmesiracioisppafhjmaimsresortere,2031-07-29 05:00:00,queijos;sereis;rapar;corri;
6985,drimaesmeovecigotjuluearauavlmfsslvaaies,2031-07-30 05:00:00,sujavam;macule;ouvir;alies;
6987,usmvlsilgeaujemmsellanvaepiptativfaseres,2031-07-31 05:00:00,filtres;seguem;jante;vespa;
6989,roamdtnjrsmroearavulasrfalaeaoliucssrcac,2031-08-01 05:00:00,sacavas;mordes;ulula;morsa;
6991,falrmeiatimodeurnoaioboliporbxiobsomeitg,2031-08-02 05:00:00,binomio;bitolo;morde;beira;
6993,aodaivtpoibivesaxrobelseaAdiaiarlMpcsilr,2031-08-03 05:00:00,serrais;picais;vibro;doido;
6995,bacumreridobmoluensooanntioarbtulecicouj,2031-08-04 05:00:00,acionei;juntam;lombo;roubo;
6997,tsftoaseiorpincrrcizgidoCsuparfmomalavaa,2031-08-05 05:00:00,frigias;Cristo;ponca;azula;
6999,subviademsalmviroesesdnsoliaopaeuvarsiap,2031-08-06 05:00:00,derivam;apenas;lesem;album;
7001,suaronaopemorzpnNeedaenmrprcfbrasaseuosp,2031-08-07 05:00:00,preceda;persas;morra;prosa;
7003,ssleuilvetpsAeaalossoretmiiagivaveterosr,2031-08-08 05:00:00,soastes;veteis;gerir;ateei;
7005,olalojdudteducamenziuarcmoeegeousemoxpmn,2031-08-09 05:00:00,numeram;caudal;gomes;juizo;
7007,dalabioAcasouvblhmraleeiaeaeprtNrolgdaae,2031-08-10 05:00:00,Alberta;marola;gelou;meras;
7009,voilaraiacdazpafnauqtingtipsgelcreainare,2031-08-11 05:00:00,quantia;vacila;insta;afiar;
7011,esaceadcoovslooeigisosdniluteesumaqdosip,2031-08-12 05:00:00,esvoace;quisto;amigo;conde;
7013,leorfulnnieluerrotogixlaebomaafnjdsailuo,2031-08-13 05:00:00,etileno;falias;narre;lixam;
7015,oeoeorrsrflhtaticonemslmaajepiersnavloec,2031-08-14 05:00:00,folheto;listra;limpo;merce;
7017,jromsuririmuaarasafvarrtoriisdicfsosonai,2031-08-15 05:00:00,fumavas;icando;romas;sofro;
7019,asaraamlacnosrtitiolaaipasetnoeopmasueui,2031-08-16 05:00:00,cotaras;patina;naipe;litio;
7021,iralgomsuaxigasegasenatiivnamoonhaeuceme,2031-08-17 05:00:00,monteis;guiara;havia;lixem;
7023,snAzaameaurevbpsdeoolsiuruotlaericcobisd,2031-08-18 05:00:00,rezavam;reunas;despe;lotou;
7025,ismasenateumjionhaooeordpmttasnaonigaduf,2031-08-19 05:00:00,hesitam;agitou;ponto;fundo;
7027,shavalodcasuerolsrooargiusaodcvopdsmraid,2031-08-20 05:00:00,arcados;livido;durou;dolar;
7029,eabluemrtomeajboorrsreeataliarfrmcacoaid,2031-08-21 05:00:00,arejemo;refara;calam;lermo;
7031,riineoipeoccnacmstorodoavralsrarilioeiev,2031-08-22 05:00:00,domarei;loteio;vares;incoa;
7033,afclitpoisaeeoaimesahntdamenicoeaicdfart,2031-08-23 05:00:00,acessem;alieno;edita;racha;
7035,azounoaoenqiigmJfsazoaiuartcdafusioesoij,2031-08-24 05:00:00,magoado;fujias;safes;zanza;
7037,frueeacaeotivjrocdoesamuauarenoarfndgrad,2031-08-25 05:00:00,fecunda;roteei;rajas;gerou;
7039,onfrazavsirreturaiiosscsrbeuccaafalhoofv,2031-08-26 05:00:00,cavaste;cruzar;choco;frisa;
7041,osorvodedleeigigetmnsueimnetsqeaaoepomun,2031-08-27 05:00:00,soldemo;pensem;tente;vigie;
7043,oGigummpceoarcimsensagpereisaivrngovdofa,2031-08-28 05:00:00,engrene;vagido;Goias;picas;
7045,ccrohilgbanamemmtombmmeuolopaismicitagov,2031-08-29 05:00:00,policio;vogais;limem;botam;
7047,dosnibemvpteevmiosedrjerozlnoeuccuaajboa,2031-08-30 05:00:00,enervem;instes;azula;povoo;
7049,arahotilrtvrlslefeseaessgrogicadpacjsmar,2031-08-31 05:00:00,restara;hostil;cisma;daras;
7051,vecersomdridotsporupeniarsxpxaagasaenunh,2031-09-01 05:00:00,expediu;passar;cedro;anexa;
7053,casflesaeodavabafecaaotbarepcieasduslsat,2031-09-02 05:00:00,batatas;espaca;duras;boies;
7055,gadoammsofaioroiuarralouirodpitbfsanxela,2031-09-03 05:00:00,rondara;afagou;oramo;isolo;
7057,ocsteniatzacameuiiedrrrrcoeaasabarltusoc,2031-09-04 05:00:00,locarei;acossa;arcas;urrei;
7059,paoseecegicteasvrahvelierismosprabeeemaa,2031-09-05 05:00:00,abismem;vieras;achar;selem;
7061,diafsroroormiaatmaaoemgejdfroimernilplos,2031-09-06 05:00:00,finjamo;garoas;doara;afira;
7063,uretoarfalanntrugdxahealaasbitsggcraiato,2031-09-07 05:00:00,esgotai;habita;cagar;tanto;
7065,olocdaifdirmoosuazusraoaonpunrrzuoroaccu,2031-09-08 05:00:00,adornar;cruzou;supor;idolo;
7067,milacoeaeoarogtcrmmajmasaauhoearguloscad,2031-09-09 05:00:00,agulhou;cearas;mamai;tecam;
7069,auiralufvciagjaboverrqunoaepavhispichoac,2031-09-10 05:00:00,banhava;pereci;viuva;quica;
7071,olsdpesiiucaoiaeareimvsrecrisacosdiuadia,2031-09-11 05:00:00,piareis;descri;socia;aviso;
7073,aslucramviaaderiisursenluvbmaeinsearatui,2031-09-12 05:00:00,adulais;uivara;cerre;vives;
7075,mbcralfgeeonmlembtvbacusoeoxiesitignoruc,2031-09-13 05:00:00,mucambo;flanco;vetem;egito;
7077,ahfiauamcicpgcepenaoaslngribrtoicscfaias,2031-09-14 05:00:00,ingeris;clones;ficha;aguam;
7079,ozodositigaaaevsumrtrabidcrncaolabooamba,2031-09-15 05:00:00,soareis;gozara;miuda;acabo;
7081,acruzsMtcfedoiaiooudrrultaolanrrparitumo,2031-09-16 05:00:00,deduzir;rutila;Mauro;tapar;
7083,odemorspsraoeemeauznnmsupretavaamissbred,2031-09-17 05:00:00,vedaras;ardemo;brasa;pesem;
7085,btccaialpnooitevipslioiMxiatmstzrolexear,2031-09-18 05:00:00,acoitai;pintos;palmo;telao;
7087,anuatmcrAcrloniaameosassarustlnodraogibs,2031-09-19 05:00:00,atonais;bonito;salgo;casos;
7089,falaneipiiancimueaslgsaosimliaraoecaavib,2031-09-20 05:00:00,ligarao;laceis;avias;afias;
7091,eessnsossvoeosauicivhdejlzrmuidvuacalecf,2031-09-21 05:00:00,escoves;venoso;vejas;luzir;
7093,oreniramgpusarciusajoovrbrefeaouceadltmn,2031-09-22 05:00:00,supuser;arejar;notam;urico;
7095,iaolosdlscrsbtiunntnaoaaecemebmavurocier,2031-09-23 05:00:00,encarne;ventem;bosta;beico;
7097,Gacaigdolgaruaslleodmqiumtdtvotaasaaeuld,2031-09-24 05:00:00,tateado;mugira;quais;lemas;
7099,Ssoumeoiaurrelciojtutoegploftufeaspuoamr,2031-09-25 05:00:00,colegio;saltou;furou;surja;
7101,eimriaudxmsesoluieiacutvxetgpTalooeevevu,2031-09-26 05:00:00,avultou;vegete;capua;seria;
7103,coueubavavimliiciieeesibrosricaodrataafa,2031-09-27 05:00:00,catarro;seriem;visai;afoba;
7105,anavisjdsridlloifesojnhvcaiacratceraipae,2031-09-28 05:00:00,lisonja;havido;vares;lidai;
7107,zseixaraaalofcsebrovuaijisoaaremaodsgibo,2031-09-29 05:00:00,agirias;fareje;azaro;elixo;
7109,cfhrabameoeaejnaatrgomeneistnsbsEvtoceec,2031-09-30 05:00:00,encosto;tombes;tirar;reger;
7111,bamtfeoasgoulmnsafauadsastevztaraspodobc,2031-10-01 05:00:00,botaras;atasse;afoga;multo;
7113,alcemuathcojmgrpaouaeimoabbermaialCuceim,2031-10-02 05:00:00,importa;merece;achou;mugia;
7115,agillifcopglsifeedooonroorasmesltrerfspe,2031-10-03 05:00:00,pesemos;ferino;foles;frear;
7117,menoscclapnamotivsrrnsomariseobaigavlngo,2031-10-04 05:00:00,pensava;narres;mitos;lobao;
7119,ivpagaiprfasdoraousamdumgriairtooadalaro,2031-10-05 05:00:00,orariam;drogai;virou;pagar;
7121,gemsfrofsioeicfrasmvrauaojcetisoeismodat,2031-10-06 05:00:00,emissao;causar;datou;cismo;
7123,drabtnmeviepoaseoniMyardalaroaiaseercdgr,2031-10-07 05:00:00,coreano;esnoba;vidre;grade;
7125,lesracrmgdaaueoadermisxvnepasloiroextcav,2031-10-08 05:00:00,exponde;suaras;caixa;esima;
7127,asmidimirtaiaonvacototadlitmcphcpeouaesi,2031-10-09 05:00:00,atracas;chispa;motel;vinda;
7129,xappeegxiutoiloimsemsmlpieifinercasesiuz,2031-10-10 05:00:00,premimo;puxais;ateei;zunis;
7131,gopelaraeavutafopilqlnfcumsutsoidamoaesn,2031-10-11 05:00:00,confins;mudamo;quase;pulso;
7133,pavamacuseornrolecjogodalaeaamsodomrosba,2031-10-12 05:00:00,ornavas;somara;oucam;saldo;
7135,ihuoedsclpcocuoemesasfetsaioapilievrtvea,2031-10-13 05:00:00,decaiam;ocupes;sorve;fites;
7137,esurfaeismeiabndgninadasiavssrodpaaoedaa,2031-10-14 05:00:00,pingais;rumina;pavao;reses;
7139,eladgeriibrpadaciciaoagiosotehlcpronuhao,2031-10-15 05:00:00,belicos;entoai;parda;icado;
7141,vptolpmooouetesesjirnatbsoevnaensaplaetr,2031-10-16 05:00:00,ostenta;passos;verta;povos;
7143,fafetavuetriiocentersfihaeamgarcintsdomi,2031-10-17 05:00:00,rasgado;fareis;checo;etnia;
7145,arxoizogoebsecvedalsaissetotjoantvifiaad,2031-10-18 05:00:00,nadasse;viajai;boxea;voado;
7147,satujeipcapecorficrvgbsoadoeoievmrfrgtci,2031-10-19 05:00:00,sevicio;pracas;grego;tecer;
7149,uaabaomvrfrmldoameueeesecqamfecgipjoigeo,2031-10-20 05:00:00,ceifemo;abales;furar;coege;
7151,ezaeoptonvmcpacflosormiaodeaologvervocui,2031-10-21 05:00:00,devolva;compra;tocai;verao;
7153,sttvaougsiurcosbabasaocrtemvsrmevomaeeie,2031-10-22 05:00:00,titubea;tomava;serie;sacar;
7155,cgarsisuredaoeimvebsaseBoeafaslisslataco,2031-10-23 05:00:00,sumieis;catala;cegar;Bielo;
7157,eregetaipootnsesdrmuptonaitaoglaircreacc,2031-10-24 05:00:00,reprimo;gentes;gerou;calca;
7159,ilanvdsttmeoceaesrlacxiniabimeihtnsodela,2031-10-25 05:00:00,elixias;lances;bailo;tenha;
7161,rpacuesoaesgnrtbptrmanmotsevaoxoenuvraev,2031-10-26 05:00:00,cagarmo;rentes;tapes;nuvem;
7163,sbniaiioauriuadsbfermelraiiadoaottertsem,2031-10-27 05:00:00,estaria;reuniu;batei;mordi;
7165,dosgetnaleiarobeisieraiacotehrsgespnomua,2031-10-28 05:00:00,enterre;murais;lieis;doses;
7167,oppzvnirmirruecbieaoesasedoccmardsuslima,2031-10-29 05:00:00,casaram;desuso;licor;zunir;
7169,tliaglauuaoieasgcatamvgauoexrabollimetrd,2031-10-30 05:00:00,tramita;evasao;lixem;louca;
7171,moraeaheeoaactsvhevaeeaunbrrdlgaEaoiiahc,2031-10-31 05:00:00,abrenho;hastea;diria;legua;
7173,ioatosivrcugeselsapratjarmTotmmeootsarxv,2031-11-01 05:00:00,estejam;postar;criou;Tomas;
7175,aifncedasteedisnafofuegeeculeomanoachisl,2031-11-02 05:00:00,folheou;fendei;aceno;gemea;
7177,viljsineahaimdroradeeormepsesrotvamureig,2031-11-03 05:00:00,giremos;espera;morto;erodi;
7179,dmemrajeoncosufieieirutcatepradaesieaicr,2031-11-04 05:00:00,feitura;peitas;juras;cidra;
7181,rieopustrabmergaueouEfoasrgloadmopaarcto,2031-11-05 05:00:00,pregara;moremo;arrie;dotar;
7183,smouupaaaamdnslctlarehopsidgravmeadaulti,2031-11-06 05:00:00,largura;mudada;alhos;vital;
7185,aiprnifedsosaarpasaigmouuotebsasarreiimo,2031-11-07 05:00:00,agiteis;assada;ibero;piora;
7187,taueoaaiefgotrmniaraarumfoezfumaedorabcb,2031-11-08 05:00:00,zabumba;federa;farte;ateio;
7189,sezaierecuitmstlmddnliaesasueigesovvtfra,2031-11-09 05:00:00,matizes;tigela;vasos;iluda;
7191,nocaruodoisovdoudooeeiscsrctlraepoaiabrp,2031-11-10 05:00:00,couraco;odioso;barre;elite;
7193,lboosbpcomeccoadbiaigaapsarurrtobenroals,2031-11-11 05:00:00,rugiram;atarao;papos;cabos;
7195,pnotaloeuroortnvgmrboeesaamaedbuoglirceq,2031-11-12 05:00:00,recebes;alagam;entoe;orgao;
7197,codfasetoeiisarcerriaezsaaasbinatacovepn,2031-11-13 05:00:00,nascera;veneza;aereo;baias;
7199,ieeparavpsoovrroorngcahsisaragcafmepiegr,2031-11-14 05:00:00,cravara;magoei;pares;rosno;
7201,nfcoacniuinisnavxxlmoldieoesigsapranarub,2031-11-15 05:00:00,invadia;grasna;filme;xerox;
7203,astpacozaeofogfnmiamrladsatuoaaarimemnbr,2031-11-16 05:00:00,flagram;metais;abana;opaco;
7205,azatsaacevaaovieimtrteirvaiaonesiebetrop,2031-11-17 05:00:00,trotava;caviei;teime;avive;
7207,lmiramefauagaxpueancelbiotaiaigarbtlmmbc,2031-11-18 05:00:00,exempla;anulam;etnia;balam;
7209,tgaosernardmeilosoeaaustsrsltoaaesuasrdf,2031-11-19 05:00:00,relutam;tragas;soeis;faros;
7211,lmreeuoiervohnnoudjacicvcialaipsasobvxee,2031-11-20 05:00:00,espinho;medias;exalo;curve;
7213,lgoaofaleimoeovtmaaadiPoemriracpabdcamia,2031-11-21 05:00:00,abdicam;amarao;video;falto;
7215,iasafisfrasoreeocipjasardaiarlaxvzmbaupu,2031-11-22 05:00:00,puxarei;adiria;vacas;balas;
7217,rosrezsosinortapridclsoriaPseesaPeitilon,2031-11-23 05:00:00,rezaras;teclei;donos;Paris;
7219,emotevapucrovahtirehcelpopaaframaprcoiel,2031-11-24 05:00:00,empalha;ericem;chove;praca;
7221,binnisasvohfgotrsaplamearoutiizppoanodfl,2031-11-25 05:00:00,fizeras;propos;vinha;infla;
7223,topilmemumeroduaaniftsotjesmaiouporecrnr,2031-11-26 05:00:00,soturno;demoli;topei;pesem;
7225,ierlemobsvuamdsteszbaaiotzcicealeaofxlot,2031-11-27 05:00:00,revises;acabam;azule;obsto;
7227,iuaclsiaanraagerpresseaeomtlsfrnselacose,2031-11-28 05:00:00,escalem;lacras;faros;anuia;
7229,iceiagerliltutrOaofsaanirtoirbocfmnfilar,2031-11-29 05:00:00,aliciei;balira;Orion;finta;
7231,orapartfermimaaliarrefiuoecesmrvlrfamoia,2031-11-30 05:00:00,fluirmo;ampare;cairo;farta;
7233,mentoifobiimsccfxamsecoaeurMisesgscenobi,2031-12-01 05:00:00,escoces;segura;exiba;minem;
7235,noreadamragivsnaomotaravrfigesaviapzinig,2031-12-02 05:00:00,danavam;geavas;pifai;varei;
7237,eoltovgrunsmoeoainasalmoomtiedamlarpntio,2031-12-03 05:00:00,olarias;mintam;omite;solto;
7239,dsemfaccimerotraiadphaamorrilcsimbaogfov,2031-12-04 05:00:00,premira;cartao;golfo;giram;
7241,vtaahuaSeierolgsorfivnairporbaLaaIufcils,2031-12-05 05:00:00,porfiar;Libano;saias;vetei;
7243,calialrrmfzignaufudaahnsciitiraoagvrasor,2031-12-06 05:00:00,fuzilam;ganhai;rural;ornas;
7245,netarrirgveeabaxciatvtoeaeheeodbacvnimra,2031-12-07 05:00:00,cacheia;vetara;boxea;vetar;
7247,bmopsercaadirrvtgaeleaoafesvobsmtdovmiso,2031-12-08 05:00:00,votamos;modelo;rides;espie;
7249,veumetolfrpnipeoalaetassdamiacmacufnaeer,2031-12-09 05:00:00,tempera;ameaca;soles;acuda;
7251,sporbftooemaoaesoesrnspdmxadaaeobosidnar,2031-12-10 05:00:00,desabas;formes;andai;andar;
7253,bafaluaseornirzpbraghioocaieitesorvosili,2031-12-11 05:00:00,ganiras;sitiei;corvo;afore;
7255,idaorredaivpetnmmsselajaiebrgslolabumeis,2031-12-12 05:00:00,opereta;isolem;burla;aliem;
7257,llueugusuaremtorcracoaepRcaormavtiuflriv,2031-12-13 05:00:00,toparmo;reviva;louca;ulula;
7259,maalilgmbolroeaoreactmagaeiiaefecrlaraic,2031-12-14 05:00:00,amolara;brecar;amamo;afago;
7261,racealruoregneamoperacaicmeafvosanemrbav,2031-12-15 05:00:00,cegavas;operem;freme;cobra;
7263,utdasuaaamemodameraeseozgtevtacaRianaeun,2031-12-16 05:00:00,esvaeco;tentem;amada;anuas;
7265,iauciezomphcnidfoirigsviluaoaohxjavsarac,2031-12-17 05:00:00,chovido;soaras;imola;chupa;
7267,trirsanAatsomfrlalaaeoteocanaavaarrsalpo,2031-12-18 05:00:00,acorras;amenas;povoa;farta;
7269,jaspzezoaueramgonoumcnutataeoaumnrurszdi,2031-12-19 05:00:00,esparze;tumida;zunam;secam;
7271,ptmzialneeiairmitruoouievaozatiafiglmoca,2031-12-20 05:00:00,lamuria;fartem;ameia;petiz;
7273,gifcleulzgoustmsersilnaermovaomasiusedel,2031-12-21 05:00:00,viscoso;fulana;sumis;lemes;
7275,rrgusidaueureeeeasoairlvmsidaeuiuxeegprf,2031-12-22 05:00:00,erguera;regeis;exuma;irado;
7277,pmsvdaifaitaatsacoegesiscbressimervoeopr,2031-12-23 05:00:00,assista;impoes;cisma;cobre;
7279,armmadtnhamptieognaaglroagiemnauvcnolios,2031-12-24 05:00:00,molenga;tampai;ornou;canga;
7281,pagjdecareouiosleromselevaciuovmaarepszc,2031-12-25 05:00:00,escalem;orcara;veloz;prego;
7283,lrinzispmirtiarsobtcosoeoagiuugafarnvesp,2031-12-26 05:00:00,sugeria;cinzas;afobo;evita;
7285,eraupaersirsodigtcocxjueserpemirbinralap,2031-12-27 05:00:00,estirar;cernis;xelim;podai;
7287,atirabjaispaeexmaeilsadeajcsoubazvagalbn,2031-12-28 05:00:00,alijais;pecava;exame;nabla;
7289,todnacaliertarncpmaasocmrociciaullemobjm,2031-12-29 05:00:00,imolemo;cobica;depor;mujam;
7291,sntnfipctveesefoaaesmrmetrbouedusuutsaca,2031-12-30 05:00:00,resumos;ventes;pifem;acuda;
7293,iasaurogvagvpldalirseioiogeeageuairgsair,2031-12-31 05:00:00,agourei;gregas;seria;vario;
7295,aohlabsaotutcirarrpaalmoeueomcaamratourr,2032-01-01 05:00:00,asilara;atulho;cabra;urrem;
7297,acoemleufeapojasmlasrcerodenodelimoslied,2032-01-02 05:00:00,empanes;decoro;ledes;rajes;
7299,vacatnostntriicsoaguogvrccvsmoutsearaoet,2032-01-03 05:00:00,contata;sortiu;ceava;aramo;